{"type": "FeatureCollection", "features": [{"type": "Feature", "id": 1726, "geometry": {"type": "Point", "coordinates": [-8.602456850857784, 41.14581684711751]}, "properties": {"objectid": 1726, "especie": "Magnolia grandiflora", "esp_nomecomum": "Magnólia", "arv_intervalo_idade": "81-100", "classif_tutela": "ICNF (Instituto da Conservação da Natureza e das Florestas)", "classif_tipo": "Conjunto arbóreo (12 exemplares)\r\n", "classif_dec_lei_ref": "D.R. nº 6 II Série de 10/01/2005", "classif_data": "2005-01-10"}}, {"type": "Feature", "id": 1727, "geometry": {"type": "Point", "coordinates": [-8.602434757199216, 41.1459378675703]}, "properties": {"objectid": 1727, "especie": "Magnolia grandiflora", "esp_nomecomum": "Magnólia", "arv_intervalo_idade": "81-100", "classif_tutela": "ICNF (Instituto da Conservação da Natureza e das Florestas)", "classif_tipo": "Conjunto arbóreo (12 exemplares)\r\n", "classif_dec_lei_ref": "D.R. nº 6 II Série de 10/01/2005", "classif_data": "2005-01-10"}}, {"type": "Feature", "id": 1728, "geometry": {"type": "Point", "coordinates": [-8.60248398992431, 41.14598693436143]}, "properties": {"objectid": 1728, "especie": "Magnolia grandiflora", "esp_nomecomum": "Magnólia", "arv_intervalo_idade": "81-100", "classif_tutela": "ICNF (Instituto da Conservação da Natureza e das Florestas)", "classif_tipo": "Conjunto arbóreo (12 exemplares)\r\n", "classif_dec_lei_ref": "D.R. nº 6 II Série de 10/01/2005", "classif_data": "2005-01-10"}}, {"type": "Feature", "id": 2985, "geometry": {"type": "Point", "coordinates": [-8.612096526260318, 41.17176029312932]}, "properties": {"objectid": 2985, "especie": "Magnolia grandiflora", "esp_nomecomum": "Magnólia", "arv_intervalo_idade": "61-70", "classif_tutela": "ICNF", "classif_tipo": "Conjunto arbóreo", "classif_dec_lei_ref": "D.R. nº 29 2ª Série Parte C de 11/02/2021", "classif_data": "2021-02-11"}}, {"type": "Feature", "id": 3478, "geometry": {"type": "Point", "coordinates": [-8.611860611513064, 41.17168416453628]}, "properties": {"objectid": 3478, "especie": "Magnolia grandiflora", "esp_nomecomum": "Magnólia", "arv_intervalo_idade": "71-80", "classif_tutela": "ICNF", "classif_tipo": "Conjunto arbóreo", "classif_dec_lei_ref": "D.R. nº 29 2ª Série Parte C de 11/02/2021", "classif_data": "2021-02-11"}}, {"type": "Feature", "id": 4791, "geometry": {"type": "Point", "coordinates": [-8.611876616780874, 41.17149676754451]}, "properties": {"objectid": 4791, "especie": "Magnolia grandiflora", "esp_nomecomum": "Magnólia", "arv_intervalo_idade": "71-80", "classif_tutela": "ICNF", "classif_tipo": "Conjunto arbóreo", "classif_dec_lei_ref": "D.R. nº 29 2ª Série Parte C de 11/02/2021", "classif_data": "2021-02-11"}}, {"type": "Feature", "id": 4792, "geometry": {"type": "Point", "coordinates": [-8.611898634349778, 41.171384569481]}, "properties": {"objectid": 4792, "especie": "Magnolia grandiflora", "esp_nomecomum": "Magnólia", "arv_intervalo_idade": "71-80", "classif_tutela": "ICNF", "classif_tipo": "Conjunto arbóreo", "classif_dec_lei_ref": "D.R. nº 29 2ª Série Parte C de 11/02/2021", "classif_data": "2021-02-11"}}, {"type": "Feature", "id": 4793, "geometry": {"type": "Point", "coordinates": [-8.611957790673701, 41.17129903819861]}, "properties": {"objectid": 4793, "especie": "Magnolia grandiflora", "esp_nomecomum": "Magnólia", "arv_intervalo_idade": "51-60", "classif_tutela": "ICNF", "classif_tipo": "Conjunto arbóreo", "classif_dec_lei_ref": "D.R. nº 29 2ª Série Parte C de 11/02/2021", "classif_data": "2021-02-11"}}, {"type": "Feature", "id": 4798, "geometry": {"type": "Point", "coordinates": [-8.61207578389423, 41.171307843658084]}, "properties": {"objectid": 4798, "especie": "Magnolia grandiflora", "esp_nomecomum": "Magnólia", "arv_intervalo_idade": "61-70", "classif_tutela": "ICNF", "classif_tipo": "Conjunto arbóreo", "classif_dec_lei_ref": "D.R. nº 29 2ª Série Parte C de 11/02/2021", "classif_data": "2021-02-11"}}, {"type": "Feature", "id": 4880, "geometry": {"type": "Point", "coordinates": [-8.61211287582541, 41.171592606042374]}, "properties": {"objectid": 4880, "especie": "Magnolia grandiflora", "esp_nomecomum": "Magnólia", "arv_intervalo_idade": "71-80", "classif_tutela": "ICNF", "classif_tipo": "Conjunto arbóreo", "classif_dec_lei_ref": "D.R. nº 29 2ª Série Parte C de 11/02/2021", "classif_data": "2021-02-11"}}, {"type": "Feature", "id": 5594, "geometry": {"type": "Point", "coordinates": [-8.617158344546256, 41.145230324964714]}, "properties": {"objectid": 5594, "especie": "Platanus x acerifolia", "esp_nomecomum": "Plataneiro", "arv_intervalo_idade": "81-100", "classif_tutela": "ICNF (Instituto da Conservação da Natureza e das Florestas)", "classif_tipo": "Conjunto arbóreo (37 exemplares)\r\n", "classif_dec_lei_ref": "D.R. nº 6 II Série de 10/01/2005", "classif_data": "2005-01-10"}}, {"type": "Feature", "id": 5595, "geometry": {"type": "Point", "coordinates": [-8.617107300703141, 41.14501670559422]}, "properties": {"objectid": 5595, "especie": "Platanus x acerifolia", "esp_nomecomum": "Plataneiro", "arv_intervalo_idade": "81-100", "classif_tutela": "ICNF (Instituto da Conservação da Natureza e das Florestas)", "classif_tipo": "Conjunto arbóreo (37 exemplares)\r\n", "classif_dec_lei_ref": "D.R. nº 6 II Série de 10/01/2005", "classif_data": "2005-01-10"}}, {"type": "Feature", "id": 5814, "geometry": {"type": "Point", "coordinates": [-8.617389093377883, 41.14617003827747]}, "properties": {"objectid": 5814, "especie": "Platanus x acerifolia", "esp_nomecomum": "Plataneiro", "arv_intervalo_idade": "81-100", "classif_tutela": "ICNF (Instituto da Conservação da Natureza e das Florestas)", "classif_tipo": "Conjunto arbóreo (37 exemplares)\r\n", "classif_dec_lei_ref": "D.R. nº 6 II Série de 10/01/2005", "classif_data": "2005-01-10"}}, {"type": "Feature", "id": 5815, "geometry": {"type": "Point", "coordinates": [-8.617361183483103, 41.146079172824976]}, "properties": {"objectid": 5815, "especie": "Platanus x acerifolia", "esp_nomecomum": "Plataneiro", "arv_intervalo_idade": "81-100", "classif_tutela": "ICNF (Instituto da Conservação da Natureza e das Florestas)", "classif_tipo": "Conjunto arbóreo (37 exemplares)\r\n", "classif_dec_lei_ref": "D.R. nº 6 II Série de 10/01/2005", "classif_data": "2005-01-10"}}, {"type": "Feature", "id": 5816, "geometry": {"type": "Point", "coordinates": [-8.617340961944214, 41.14600486918611]}, "properties": {"objectid": 5816, "especie": "Platanus x acerifolia", "esp_nomecomum": "Plataneiro", "arv_intervalo_idade": "81-100", "classif_tutela": "ICNF (Instituto da Conservação da Natureza e das Florestas)", "classif_tipo": "Conjunto arbóreo (37 exemplares)\r\n", "classif_dec_lei_ref": "D.R. nº 6 II Série de 10/01/2005", "classif_data": "2005-01-10"}}, {"type": "Feature", "id": 5817, "geometry": {"type": "Point", "coordinates": [-8.617338308540829, 41.14595280810792]}, "properties": {"objectid": 5817, "especie": "Platanus x acerifolia", "esp_nomecomum": "Plataneiro", "arv_intervalo_idade": "81-100", "classif_tutela": "ICNF (Instituto da Conservação da Natureza e das Florestas)", "classif_tipo": "Conjunto arbóreo (37 exemplares)\r\n", "classif_dec_lei_ref": "D.R. nº 6 II Série de 10/01/2005", "classif_data": "2005-01-10"}}, {"type": "Feature", "id": 5849, "geometry": {"type": "Point", "coordinates": [-8.617299881673654, 41.145872286937106]}, "properties": {"objectid": 5849, "especie": "Platanus x acerifolia", "esp_nomecomum": "Plataneiro", "arv_intervalo_idade": "81-100", "classif_tutela": "ICNF (Instituto da Conservação da Natureza e das Florestas)", "classif_tipo": "Conjunto arbóreo (37 exemplares)\r\n", "classif_dec_lei_ref": "D.R. nº 6 II Série de 10/01/2005", "classif_data": "2005-01-10"}}, {"type": "Feature", "id": 5850, "geometry": {"type": "Point", "coordinates": [-8.617289367975243, 41.14580245456759]}, "properties": {"objectid": 5850, "especie": "Platanus x acerifolia", "esp_nomecomum": "Plataneiro", "arv_intervalo_idade": "81-100", "classif_tutela": "ICNF (Instituto da Conservação da Natureza e das Florestas)", "classif_tipo": "Conjunto arbóreo (37 exemplares)\r\n", "classif_dec_lei_ref": "D.R. nº 6 II Série de 10/01/2005", "classif_data": "2005-01-10"}}, {"type": "Feature", "id": 5886, "geometry": {"type": "Point", "coordinates": [-8.617276131509724, 41.14572990441767]}, "properties": {"objectid": 5886, "especie": "Platanus x acerifolia", "esp_nomecomum": "Plataneiro", "arv_intervalo_idade": "81-100", "classif_tutela": "ICNF (Instituto da Conservação da Natureza e das Florestas)", "classif_tipo": "Conjunto arbóreo (37 exemplares)\r\n", "classif_dec_lei_ref": "D.R. nº 6 II Série de 10/01/2005", "classif_data": "2005-01-10"}}, {"type": "Feature", "id": 5887, "geometry": {"type": "Point", "coordinates": [-8.617256718252722, 41.14566246408972]}, "properties": {"objectid": 5887, "especie": "Platanus x acerifolia", "esp_nomecomum": "Plataneiro", "arv_intervalo_idade": "81-100", "classif_tutela": "ICNF (Instituto da Conservação da Natureza e das Florestas)", "classif_tipo": "Conjunto arbóreo (37 exemplares)\r\n", "classif_dec_lei_ref": "D.R. nº 6 II Série de 10/01/2005", "classif_data": "2005-01-10"}}, {"type": "Feature", "id": 5888, "geometry": {"type": "Point", "coordinates": [-8.617244075751088, 41.14558984570606]}, "properties": {"objectid": 5888, "especie": "Platanus x acerifolia", "esp_nomecomum": "Plataneiro", "arv_intervalo_idade": "81-100", "classif_tutela": "ICNF (Instituto da Conservação da Natureza e das Florestas)", "classif_tipo": "Conjunto arbóreo (37 exemplares)\r\n", "classif_dec_lei_ref": "D.R. nº 6 II Série de 10/01/2005", "classif_data": "2005-01-10"}}, {"type": "Feature", "id": 5889, "geometry": {"type": "Point", "coordinates": [-8.617227634560454, 41.14551495437542]}, "properties": {"objectid": 5889, "especie": "Platanus x acerifolia", "esp_nomecomum": "Plataneiro", "arv_intervalo_idade": "51-60", "classif_tutela": "ICNF (Instituto da Conservação da Natureza e das Florestas)", "classif_tipo": "Conjunto arbóreo (37 exemplares)\r\n", "classif_dec_lei_ref": "D.R. nº 6 II Série de 10/01/2005", "classif_data": "2005-01-10"}}, {"type": "Feature", "id": 5890, "geometry": {"type": "Point", "coordinates": [-8.617208196517923, 41.1454451000708]}, "properties": {"objectid": 5890, "especie": "Platanus x acerifolia", "esp_nomecomum": "Plataneiro", "arv_intervalo_idade": "81-100", "classif_tutela": "ICNF (Instituto da Conservação da Natureza e das Florestas)", "classif_tipo": "Conjunto arbóreo (37 exemplares)\r\n", "classif_dec_lei_ref": "D.R. nº 6 II Série de 10/01/2005", "classif_data": "2005-01-10"}}, {"type": "Feature", "id": 5891, "geometry": {"type": "Point", "coordinates": [-8.616825890824954, 41.14592456224991]}, "properties": {"objectid": 5891, "especie": "Araucaria bidwilii", "esp_nomecomum": "Araucária-da-Queenslândia", "arv_intervalo_idade": "81-100", "classif_tutela": "ICNF (Instituto da Conservação da Natureza e das Florestas)", "classif_tipo": "Árvore isolada", "classif_dec_lei_ref": "D.R. nº 6 II Série de 10/01/2005", "classif_data": "2005-01-10"}}, {"type": "Feature", "id": 5892, "geometry": {"type": "Point", "coordinates": [-8.617031004864367, 41.1454420132231]}, "properties": {"objectid": 5892, "especie": "Platanus x acerifolia", "esp_nomecomum": "Plataneiro", "arv_intervalo_idade": "81-100", "classif_tutela": "ICNF (Instituto da Conservação da Natureza e das Florestas)", "classif_tipo": "Conjunto arbóreo (37 exemplares)\r\n", "classif_dec_lei_ref": "D.R. nº 6 II Série de 10/01/2005", "classif_data": "2005-01-10"}}, {"type": "Feature", "id": 6801, "geometry": {"type": "Point", "coordinates": [-8.602590361687334, 41.145740720410565]}, "properties": {"objectid": 6801, "especie": "Magnolia grandiflora", "esp_nomecomum": "Magnólia", "arv_intervalo_idade": "81-100", "classif_tutela": "ICNF (Instituto da Conservação da Natureza e das Florestas)", "classif_tipo": "Conjunto arbóreo (12 exemplares)\r\n", "classif_dec_lei_ref": "D.R. nº 6 II Série de 10/01/2005", "classif_data": "2005-01-10"}}, {"type": "Feature", "id": 6920, "geometry": {"type": "Point", "coordinates": [-8.60266825895841, 41.14575887716501]}, "properties": {"objectid": 6920, "especie": "Magnolia grandiflora", "esp_nomecomum": "Magnólia", "arv_intervalo_idade": "81-100", "classif_tutela": "ICNF (Instituto da Conservação da Natureza e das Florestas)", "classif_tipo": "Conjunto arbóreo (12 exemplares)\r\n", "classif_dec_lei_ref": "D.R. nº 6 II Série de 10/01/2005", "classif_data": "2005-01-10"}}, {"type": "Feature", "id": 6955, "geometry": {"type": "Point", "coordinates": [-8.602744580713749, 41.145970752114394]}, "properties": {"objectid": 6955, "especie": "Magnolia grandiflora", "esp_nomecomum": "Magnólia", "arv_intervalo_idade": "81-100", "classif_tutela": "ICNF (Instituto da Conservação da Natureza e das Florestas)", "classif_tipo": "Conjunto arbóreo (12 exemplares)\r\n", "classif_dec_lei_ref": "D.R. nº 6 II Série de 10/01/2005", "classif_data": "2005-01-10"}}, {"type": "Feature", "id": 6956, "geometry": {"type": "Point", "coordinates": [-8.60277953313524, 41.14588718956371]}, "properties": {"objectid": 6956, "especie": "Magnolia grandiflora", "esp_nomecomum": "Magnólia", "arv_intervalo_idade": "81-100", "classif_tutela": "ICNF (Instituto da Conservação da Natureza e das Florestas)", "classif_tipo": "Conjunto arbóreo (12 exemplares)\r\n", "classif_dec_lei_ref": "D.R. nº 6 II Série de 10/01/2005", "classif_data": "2005-01-10"}}, {"type": "Feature", "id": 6969, "geometry": {"type": "Point", "coordinates": [-8.602517253180828, 41.145770691335706]}, "properties": {"objectid": 6969, "especie": "Magnolia grandiflora", "esp_nomecomum": "Magnólia", "arv_intervalo_idade": "81-100", "classif_tutela": "ICNF (Instituto da Conservação da Natureza e das Florestas)", "classif_tipo": "Conjunto arbóreo (12 exemplares)\r\n", "classif_dec_lei_ref": "D.R. nº 6 II Série de 10/01/2005", "classif_data": "2005-01-10"}}, {"type": "Feature", "id": 12337, "geometry": {"type": "Point", "coordinates": [-8.617257038579787, 41.146293073413254]}, "properties": {"objectid": 12337, "especie": "Platanus x acerifolia", "esp_nomecomum": "Plataneiro", "arv_intervalo_idade": "81-100", "classif_tutela": "ICNF (Instituto da Conservação da Natureza e das Florestas)", "classif_tipo": "Conjunto arbóreo (37 exemplares)\r\n", "classif_dec_lei_ref": "D.R. nº 6 II Série de 10/01/2005", "classif_data": "2005-01-10"}}, {"type": "Feature", "id": 12550, "geometry": {"type": "Point", "coordinates": [-8.617107395271049, 41.14572243844455]}, "properties": {"objectid": 12550, "especie": "Platanus x acerifolia", "esp_nomecomum": "Plataneiro", "arv_intervalo_idade": "81-100", "classif_tutela": "ICNF (Instituto da Conservação da Natureza e das Florestas)", "classif_tipo": "Conjunto arbóreo (37 exemplares)\r\n", "classif_dec_lei_ref": "D.R. nº 6 II Série de 10/01/2005", "classif_data": "2005-01-10"}}, {"type": "Feature", "id": 12571, "geometry": {"type": "Point", "coordinates": [-8.617191770920783, 41.145372318390045]}, "properties": {"objectid": 12571, "especie": "Platanus x acerifolia", "esp_nomecomum": "Plataneiro", "arv_intervalo_idade": "81-100", "classif_tutela": "ICNF (Instituto da Conservação da Natureza e das Florestas)", "classif_tipo": "Conjunto arbóreo (37 exemplares)\r\n", "classif_dec_lei_ref": "D.R. nº 6 II Série de 10/01/2005", "classif_data": "2005-01-10"}}, {"type": "Feature", "id": 12572, "geometry": {"type": "Point", "coordinates": [-8.61713308300612, 41.14515739221022]}, "properties": {"objectid": 12572, "especie": "Platanus x acerifolia", "esp_nomecomum": "Plataneiro", "arv_intervalo_idade": "81-100", "classif_tutela": "ICNF (Instituto da Conservação da Natureza e das Florestas)", "classif_tipo": "Conjunto arbóreo (37 exemplares)\r\n", "classif_dec_lei_ref": "D.R. nº 6 II Série de 10/01/2005", "classif_data": "2005-01-10"}}, {"type": "Feature", "id": 12597, "geometry": {"type": "Point", "coordinates": [-8.616991115387473, 41.145234868810334]}, "properties": {"objectid": 12597, "especie": "Platanus x acerifolia", "esp_nomecomum": "Plataneiro", "arv_intervalo_idade": "81-100", "classif_tutela": "ICNF (Instituto da Conservação da Natureza e das Florestas)", "classif_tipo": "Conjunto arbóreo (37 exemplares)\r\n", "classif_dec_lei_ref": "D.R. nº 6 II Série de 10/01/2005", "classif_data": "2005-01-10"}}, {"type": "Feature", "id": 12800, "geometry": {"type": "Point", "coordinates": [-8.602423890843703, 41.14586848908106]}, "properties": {"objectid": 12800, "especie": "Magnolia grandiflora", "esp_nomecomum": "Magnólia", "arv_intervalo_idade": "81-100", "classif_tutela": "ICNF (Instituto da Conservação da Natureza e das Florestas)", "classif_tipo": "Conjunto arbóreo (12 exemplares)\r\n", "classif_dec_lei_ref": "D.R. nº 6 II Série de 10/01/2005", "classif_data": "2005-01-10"}}, {"type": "Feature", "id": 12801, "geometry": {"type": "Point", "coordinates": [-8.602584978757273, 41.14602347223586]}, "properties": {"objectid": 12801, "especie": "Magnolia grandiflora", "esp_nomecomum": "Magnólia", "arv_intervalo_idade": "81-100", "classif_tutela": "ICNF (Instituto da Conservação da Natureza e das Florestas)", "classif_tipo": "Conjunto arbóreo (12 exemplares)\r\n", "classif_dec_lei_ref": "D.R. nº 6 II Série de 10/01/2005", "classif_data": "2005-01-10"}}, {"type": "Feature", "id": 12822, "geometry": {"type": "Point", "coordinates": [-8.60267825355899, 41.14601693216573]}, "properties": {"objectid": 12822, "especie": "Magnolia grandiflora", "esp_nomecomum": "Magnólia", "arv_intervalo_idade": "81-100", "classif_tutela": "ICNF (Instituto da Conservação da Natureza e das Florestas)", "classif_tipo": "Conjunto arbóreo (12 exemplares)\r\n", "classif_dec_lei_ref": "D.R. nº 6 II Série de 10/01/2005", "classif_data": "2005-01-10"}}, {"type": "Feature", "id": 13289, "geometry": {"type": "Point", "coordinates": [-8.617174217724466, 41.1460053223797]}, "properties": {"objectid": 13289, "especie": "Platanus x acerifolia", "esp_nomecomum": "Plataneiro", "arv_intervalo_idade": "81-100", "classif_tutela": "ICNF (Instituto da Conservação da Natureza e das Florestas)", "classif_tipo": "Conjunto arbóreo (37 exemplares)\r\n", "classif_dec_lei_ref": "D.R. nº 6 II Série de 10/01/2005", "classif_data": "2005-01-10"}}, {"type": "Feature", "id": 13803, "geometry": {"type": "Point", "coordinates": [-8.61721756978793, 41.14614945222314]}, "properties": {"objectid": 13803, "especie": "Platanus x acerifolia", "esp_nomecomum": "Plataneiro", "arv_intervalo_idade": "81-100", "classif_tutela": "ICNF (Instituto da Conservação da Natureza e das Florestas)", "classif_tipo": "Conjunto arbóreo (37 exemplares)\r\n", "classif_dec_lei_ref": "D.R. nº 6 II Série de 10/01/2005", "classif_data": "2005-01-10"}}, {"type": "Feature", "id": 14172, "geometry": {"type": "Point", "coordinates": [-8.60274568419155, 41.14581454617919]}, "properties": {"objectid": 14172, "especie": "Magnolia grandiflora", "esp_nomecomum": "Magnólia", "arv_intervalo_idade": "81-100", "classif_tutela": "ICNF (Instituto da Conservação da Natureza e das Florestas)", "classif_tipo": "Conjunto arbóreo (12 exemplares)\r\n", "classif_dec_lei_ref": "D.R. nº 6 II Série de 10/01/2005", "classif_data": "2005-01-10"}}, {"type": "Feature", "id": 14532, "geometry": {"type": "Point", "coordinates": [-8.617064619699724, 41.145503218735904]}, "properties": {"objectid": 14532, "especie": "Platanus x acerifolia", "esp_nomecomum": "Plataneiro", "arv_intervalo_idade": "81-100", "classif_tutela": "ICNF (Instituto da Conservação da Natureza e das Florestas)", "classif_tipo": "Conjunto arbóreo (37 exemplares)\r\n", "classif_dec_lei_ref": "D.R. nº 6 II Série de 10/01/2005", "classif_data": "2005-01-10"}}, {"type": "Feature", "id": 14533, "geometry": {"type": "Point", "coordinates": [-8.61701930206986, 41.14537225335134]}, "properties": {"objectid": 14533, "especie": "Platanus x acerifolia", "esp_nomecomum": "Plataneiro", "arv_intervalo_idade": "81-100", "classif_tutela": "ICNF (Instituto da Conservação da Natureza e das Florestas)", "classif_tipo": "Conjunto arbóreo (37 exemplares)\r\n", "classif_dec_lei_ref": "D.R. nº 6 II Série de 10/01/2005", "classif_data": "2005-01-10"}}, {"type": "Feature", "id": 14560, "geometry": {"type": "Point", "coordinates": [-8.61697138270064, 41.145159401478345]}, "properties": {"objectid": 14560, "especie": "Platanus x acerifolia", "esp_nomecomum": "Plataneiro", "arv_intervalo_idade": "81-100", "classif_tutela": "ICNF (Instituto da Conservação da Natureza e das Florestas)", "classif_tipo": "Conjunto arbóreo (37 exemplares)\r\n", "classif_dec_lei_ref": "D.R. nº 6 II Série de 10/01/2005", "classif_data": "2005-01-10"}}, {"type": "Feature", "id": 14603, "geometry": {"type": "Point", "coordinates": [-8.617194652461022, 41.1460802959772]}, "properties": {"objectid": 14603, "especie": "Platanus x acerifolia", "esp_nomecomum": "Plataneiro", "arv_intervalo_idade": "81-100", "classif_tutela": "ICNF (Instituto da Conservação da Natureza e das Florestas)", "classif_tipo": "Conjunto arbóreo (37 exemplares)\r\n", "classif_dec_lei_ref": "D.R. nº 6 II Série de 10/01/2005", "classif_data": "2005-01-10"}}, {"type": "Feature", "id": 14809, "geometry": {"type": "Point", "coordinates": [-8.617146798583732, 41.14586370351693]}, "properties": {"objectid": 14809, "especie": "Platanus x acerifolia", "esp_nomecomum": "Plataneiro", "arv_intervalo_idade": "81-100", "classif_tutela": "ICNF (Instituto da Conservação da Natureza e das Florestas)", "classif_tipo": "Conjunto arbóreo (37 exemplares)\r\n", "classif_dec_lei_ref": "D.R. nº 6 II Série de 10/01/2005", "classif_data": "2005-01-10"}}, {"type": "Feature", "id": 14810, "geometry": {"type": "Point", "coordinates": [-8.617162109995624, 41.14593495913798]}, "properties": {"objectid": 14810, "especie": "Platanus x acerifolia", "esp_nomecomum": "Plataneiro", "arv_intervalo_idade": "81-100", "classif_tutela": "ICNF (Instituto da Conservação da Natureza e das Florestas)", "classif_tipo": null, "classif_dec_lei_ref": "D.R. nº 6 II Série de 10/01/2005", "classif_data": "2005-01-10"}}, {"type": "Feature", "id": 15560, "geometry": {"type": "Point", "coordinates": [-8.61724106737244, 41.14622024121723]}, "properties": {"objectid": 15560, "especie": "Platanus x acerifolia", "esp_nomecomum": "Plataneiro", "arv_intervalo_idade": "81-100", "classif_tutela": "ICNF (Instituto da Conservação da Natureza e das Florestas)", "classif_tipo": "Conjunto arbóreo (37 exemplares)\r\n", "classif_dec_lei_ref": "D.R. nº 6 II Série de 10/01/2005", "classif_data": "2005-01-10"}}, {"type": "Feature", "id": 15820, "geometry": {"type": "Point", "coordinates": [-8.61712749875791, 41.14579337139087]}, "properties": {"objectid": 15820, "especie": "Platanus x acerifolia", "esp_nomecomum": "Plataneiro", "arv_intervalo_idade": "81-100", "classif_tutela": "ICNF (Instituto da Conservação da Natureza e das Florestas)", "classif_tipo": "Conjunto arbóreo (37 exemplares)\r\n", "classif_dec_lei_ref": "D.R. nº 6 II Série de 10/01/2005", "classif_data": "2005-01-10"}}, {"type": "Feature", "id": 15821, "geometry": {"type": "Point", "coordinates": [-8.617091696045033, 41.145652695375105]}, "properties": {"objectid": 15821, "especie": "Platanus x acerifolia", "esp_nomecomum": "Plataneiro", "arv_intervalo_idade": "81-100", "classif_tutela": "ICNF (Instituto da Conservação da Natureza e das Florestas)", "classif_tipo": "Conjunto arbóreo (37 exemplares)\r\n", "classif_dec_lei_ref": "D.R. nº 6 II Série de 10/01/2005", "classif_data": "2005-01-10"}}, {"type": "Feature", "id": 15822, "geometry": {"type": "Point", "coordinates": [-8.617076019077341, 41.145585974974026]}, "properties": {"objectid": 15822, "especie": "Platanus x acerifolia", "esp_nomecomum": "Plataneiro", "arv_intervalo_idade": "81-100", "classif_tutela": "ICNF (Instituto da Conservação da Natureza e das Florestas)", "classif_tipo": "Conjunto arbóreo (37 exemplares)\r\n", "classif_dec_lei_ref": "D.R. nº 6 II Série de 10/01/2005", "classif_data": "2005-01-10"}}, {"type": "Feature", "id": 15847, "geometry": {"type": "Point", "coordinates": [-8.61717386904995, 41.145301420319505]}, "properties": {"objectid": 15847, "especie": "Platanus x acerifolia", "esp_nomecomum": "Plataneiro", "arv_intervalo_idade": "81-100", "classif_tutela": "ICNF (Instituto da Conservação da Natureza e das Florestas)", "classif_tipo": "Conjunto arbóreo (37 exemplares)\r\n", "classif_dec_lei_ref": "D.R. nº 6 II Série de 10/01/2005", "classif_data": "2005-01-10"}}, {"type": "Feature", "id": 15848, "geometry": {"type": "Point", "coordinates": [-8.617112070043731, 41.14509396371384]}, "properties": {"objectid": 15848, "especie": "Platanus x acerifolia", "esp_nomecomum": "Plataneiro", "arv_intervalo_idade": "81-100", "classif_tutela": "ICNF (Instituto da Conservação da Natureza e das Florestas)", "classif_tipo": "Conjunto arbóreo (37 exemplares)\r\n", "classif_dec_lei_ref": "D.R. nº 6 II Série de 10/01/2005", "classif_data": "2005-01-10"}}, {"type": "Feature", "id": 15871, "geometry": {"type": "Point", "coordinates": [-8.617005212641988, 41.145304014435425]}, "properties": {"objectid": 15871, "especie": "Platanus x acerifolia", "esp_nomecomum": "Plataneiro", "arv_intervalo_idade": "81-100", "classif_tutela": "ICNF (Instituto da Conservação da Natureza e das Florestas)", "classif_tipo": "Conjunto arbóreo (37 exemplares)\r\n", "classif_dec_lei_ref": "D.R. nº 6 II Série de 10/01/2005", "classif_data": "2005-01-10"}}, {"type": "Feature", "id": 15992, "geometry": {"type": "Point", "coordinates": [-8.61741596331437, 41.146324996645134]}, "properties": {"objectid": 15992, "especie": "Platanus x acerifolia", "esp_nomecomum": "Plataneiro", "arv_intervalo_idade": "81-100", "classif_tutela": "ICNF (Instituto da Conservação da Natureza e das Florestas)", "classif_tipo": "Conjunto arbóreo\r\n", "classif_dec_lei_ref": "D.R. nº 6 II Série de 10/01/2005", "classif_data": "2005-01-10"}}, {"type": "Feature", "id": 16135, "geometry": {"type": "Point", "coordinates": [-8.616951315116646, 41.14509330278907]}, "properties": {"objectid": 16135, "especie": "Platanus x acerifolia", "esp_nomecomum": "Plataneiro", "arv_intervalo_idade": "81-100", "classif_tutela": "ICNF (Instituto da Conservação da Natureza e das Florestas)", "classif_tipo": "Conjunto arbóreo (37 exemplares)\r\n", "classif_dec_lei_ref": "D.R. nº 6 II Série de 10/01/2005", "classif_data": "2005-01-10"}}, {"type": "Feature", "id": 17648, "geometry": {"type": "Point", "coordinates": [-8.62614570520652, 41.14585133104252]}, "properties": {"objectid": 17648, "especie": "Washingtonia robusta", "esp_nomecomum": "Palmeira-Washingtonia", "arv_intervalo_idade": null, "classif_tutela": "ICNF", "classif_tipo": "Conjunto arbóreo", "classif_dec_lei_ref": "D.R. n.º 60/ 2019, Série II de 2019-03-26 ", "classif_data": "2019-03-26"}}, {"type": "Feature", "id": 17649, "geometry": {"type": "Point", "coordinates": [-8.626096081028825, 41.1458533298929]}, "properties": {"objectid": 17649, "especie": "Washingtonia robusta", "esp_nomecomum": "Palmeira-Washingtonia", "arv_intervalo_idade": null, "classif_tutela": "ICNF", "classif_tipo": "Conjunto arbóreo", "classif_dec_lei_ref": "D.R. n.º 60/ 2019, Série II de 2019-03-26", "classif_data": "2019-03-26"}}, {"type": "Feature", "id": 17650, "geometry": {"type": "Point", "coordinates": [-8.62604649432593, 41.1458603331858]}, "properties": {"objectid": 17650, "especie": "Washingtonia robusta", "esp_nomecomum": "Palmeira-Washingtonia", "arv_intervalo_idade": null, "classif_tutela": "ICNF", "classif_tipo": "Conjunto arbóreo", "classif_dec_lei_ref": "D.R. n.º 60/ 2019, Série II de 2019-03-26", "classif_data": "2019-03-26"}}, {"type": "Feature", "id": 17651, "geometry": {"type": "Point", "coordinates": [-8.625977140353296, 41.14587885657511]}, "properties": {"objectid": 17651, "especie": "Washingtonia robusta", "esp_nomecomum": "Palmeira-Washingtonia", "arv_intervalo_idade": null, "classif_tutela": "ICNF", "classif_tipo": "Conjunto arbóreo", "classif_dec_lei_ref": "D.R. n.º 60/ 2019, Série II de 2019-03-26", "classif_data": "2019-03-26"}}, {"type": "Feature", "id": 17652, "geometry": {"type": "Point", "coordinates": [-8.625919133521313, 41.14589768795155]}, "properties": {"objectid": 17652, "especie": "Washingtonia robusta", "esp_nomecomum": "Palmeira-Washingtonia", "arv_intervalo_idade": null, "classif_tutela": "ICNF", "classif_tipo": "Conjunto arbóreo", "classif_dec_lei_ref": "D.R. n.º 60/ 2019, Série II de 2019-03-26", "classif_data": "2019-03-26"}}, {"type": "Feature", "id": 17653, "geometry": {"type": "Point", "coordinates": [-8.625850766856518, 41.14592192481066]}, "properties": {"objectid": 17653, "especie": "Washingtonia robusta", "esp_nomecomum": "Palmeira-Washingtonia", "arv_intervalo_idade": null, "classif_tutela": "ICNF", "classif_tipo": "Conjunto arbóreo", "classif_dec_lei_ref": "D.R. n.º 60/ 2019, Série II de 2019-03-26", "classif_data": "2019-03-26"}}, {"type": "Feature", "id": 17654, "geometry": {"type": "Point", "coordinates": [-8.625796563251498, 41.14594359874167]}, "properties": {"objectid": 17654, "especie": "Washingtonia robusta", "esp_nomecomum": "Palmeira-Washingtonia", "arv_intervalo_idade": null, "classif_tutela": "ICNF", "classif_tipo": "Conjunto arbóreo", "classif_dec_lei_ref": "D.R. n.º 60/ 2019, Série II de 2019-03-26", "classif_data": "2019-03-26"}}, {"type": "Feature", "id": 17784, "geometry": {"type": "Point", "coordinates": [-8.628376198282162, 41.14805736467097]}, "properties": {"objectid": 17784, "especie": "Liriodendron tulipifera", "esp_nomecomum": "Tulipeiro-da-Virgínia", "arv_intervalo_idade": null, "classif_tutela": "ICNF", "classif_tipo": "Exemplar isolado", "classif_dec_lei_ref": "D.G. nº 204 II Série de 01/09/1950", "classif_data": "1950-09-01"}}, {"type": "Feature", "id": 17855, "geometry": {"type": "Point", "coordinates": [-8.62778701519936, 41.14823410546495]}, "properties": {"objectid": 17855, "especie": "Liriodendron tulipifera", "esp_nomecomum": "Tulipeiro-da-Virgínia", "arv_intervalo_idade": null, "classif_tutela": "ICNF", "classif_tipo": "Exemplar isolado", "classif_dec_lei_ref": "D. R. n.º 99/2021, Série II de 2021/05/21", "classif_data": "2021-01-07"}}, {"type": "Feature", "id": 17861, "geometry": {"type": "Point", "coordinates": [-8.627838459046137, 41.14816793841851]}, "properties": {"objectid": 17861, "especie": "Magnolia grandiflora", "esp_nomecomum": "Magnólia", "arv_intervalo_idade": null, "classif_tutela": "ICNF", "classif_tipo": "Exemplar isolado", "classif_dec_lei_ref": "D. R. n.º 99/2021, Série II de 2021/05/21", "classif_data": null}}, {"type": "Feature", "id": 18188, "geometry": {"type": "Point", "coordinates": [-8.617387237989755, 41.1462261234483]}, "properties": {"objectid": 18188, "especie": "Platanus x acerifolia", "esp_nomecomum": "Plataneiro", "arv_intervalo_idade": "81-100", "classif_tutela": "ICNF (Instituto da Conservação da Natureza e das Florestas)", "classif_tipo": "Conjunto arbóreo (37 exemplares)\r\n", "classif_dec_lei_ref": "D.R. nº 6 II Série de 10/01/2005", "classif_data": "2005-01-10"}}, {"type": "Feature", "id": 19996, "geometry": {"type": "Point", "coordinates": [-8.62666565385138, 41.14863277336551]}, "properties": {"objectid": 19996, "especie": "Metrosideros excelsa", "esp_nomecomum": "Árvore-do-Fogo", "arv_intervalo_idade": null, "classif_tutela": "ICNF", "classif_tipo": "Exemplar isolado", "classif_dec_lei_ref": "D.R. n.º 53 / 2019, Série II de 2019-03-15", "classif_data": "2019-03-15"}}, {"type": "Feature", "id": 24474, "geometry": {"type": "Point", "coordinates": [-8.611870528173615, 41.171591969461325]}, "properties": {"objectid": 24474, "especie": "Magnolia grandiflora", "esp_nomecomum": "Magnólia", "arv_intervalo_idade": "71-80", "classif_tutela": "ICNF", "classif_tipo": "Conjunto arbóreo", "classif_dec_lei_ref": "D.R. nº 29 2ª Série Parte C de 11/02/2021", "classif_data": "2021-02-11"}}, {"type": "Feature", "id": 26732, "geometry": {"type": "Point", "coordinates": [-8.61212161216702, 41.17140451169454]}, "properties": {"objectid": 26732, "especie": "Magnolia grandiflora", "esp_nomecomum": "Magnólia", "arv_intervalo_idade": "71-80", "classif_tutela": "ICNF", "classif_tipo": "Conjunto arbóreo", "classif_dec_lei_ref": "D.R. nº 29 2ª Série Parte C de 11/02/2021", "classif_data": "2021-02-11"}}, {"type": "Feature", "id": 27633, "geometry": {"type": "Point", "coordinates": [-8.611857372894242, 41.17177505323761]}, "properties": {"objectid": 27633, "especie": "Magnolia grandiflora", "esp_nomecomum": "Magnólia", "arv_intervalo_idade": "71-80", "classif_tutela": "ICNF", "classif_tipo": "Conjunto arbóreo", "classif_dec_lei_ref": "D.R. nº 29 2ª Série Parte C de 11/02/2021", "classif_data": "2021-02-11"}}, {"type": "Feature", "id": 29311, "geometry": {"type": "Point", "coordinates": [-8.612103481140984, 41.171677396512194]}, "properties": {"objectid": 29311, "especie": "Magnolia grandiflora", "esp_nomecomum": "Magnólia", "arv_intervalo_idade": "71-80", "classif_tutela": "ICNF", "classif_tipo": "Conjunto arbóreo", "classif_dec_lei_ref": "D.R. nº 29 2ª Série Parte C de 11/02/2021", "classif_data": "2021-02-11"}}, {"type": "Feature", "id": 37216, "geometry": {"type": "Point", "coordinates": [-8.61212030877946, 41.17150679993738]}, "properties": {"objectid": 37216, "especie": "Magnolia grandiflora", "esp_nomecomum": "Magnólia", "arv_intervalo_idade": "71-80", "classif_tutela": "ICNF", "classif_tipo": "Conjunto arbóreo", "classif_dec_lei_ref": "D.R. nº 29 2ª Série Parte C de 11/02/2021", "classif_data": "2021-02-11"}}, {"type": "Feature", "id": 37268, "geometry": {"type": "Point", "coordinates": [-8.68496939943254, 41.16036937305617]}, "properties": {"objectid": 37268, "especie": "Metrosideros excelsa", "esp_nomecomum": "Árvore-do-Fogo", "arv_intervalo_idade": "51-60", "classif_tutela": "ICNF", "classif_tipo": "Conjunto arbóreo", "classif_dec_lei_ref": "D.R. nº 6 II Série de 10/01/2005", "classif_data": "2005-01-10"}}, {"type": "Feature", "id": 37298, "geometry": {"type": "Point", "coordinates": [-8.686870235745113, 41.164444848546744]}, "properties": {"objectid": 37298, "especie": "Metrosideros excelsa", "esp_nomecomum": "Árvore-do-Fogo", "arv_intervalo_idade": "sup 100", "classif_tutela": "ICNF", "classif_tipo": "Conjunto arbóreo", "classif_dec_lei_ref": "D.R. nº 6 II Série de 10/01/2005", "classif_data": "2005-01-10"}}, {"type": "Feature", "id": 37377, "geometry": {"type": "Point", "coordinates": [-8.687931178471615, 41.166010677094064]}, "properties": {"objectid": 37377, "especie": "Metrosideros excelsa", "esp_nomecomum": "Árvore-do-Fogo", "arv_intervalo_idade": "51-60", "classif_tutela": "ICNF", "classif_tipo": "Conjunto arbóreo", "classif_dec_lei_ref": "D.R. nº 6 II Série de 10/01/2005", "classif_data": "2005-01-10"}}, {"type": "Feature", "id": 37478, "geometry": {"type": "Point", "coordinates": [-8.68898594218092, 41.1665906695961]}, "properties": {"objectid": 37478, "especie": "Metrosideros excelsa", "esp_nomecomum": "Árvore-do-Fogo", "arv_intervalo_idade": "51-60", "classif_tutela": "ICNF", "classif_tipo": "Conjunto arbórep", "classif_dec_lei_ref": "D.R. nº 6 II Série de 10/01/2005", "classif_data": "2005-01-10"}}, {"type": "Feature", "id": 37531, "geometry": {"type": "Point", "coordinates": [-8.687924446406834, 41.16632684302556]}, "properties": {"objectid": 37531, "especie": "Metrosideros excelsa", "esp_nomecomum": "Árvore-do-Fogo", "arv_intervalo_idade": "51-60", "classif_tutela": "ICNF", "classif_tipo": "Conjunto arbóreo", "classif_dec_lei_ref": "D.R. nº 6 II Série de 10/01/2005", "classif_data": "2005-01-10"}}, {"type": "Feature", "id": 37532, "geometry": {"type": "Point", "coordinates": [-8.688130261533841, 41.1663587559344]}, "properties": {"objectid": 37532, "especie": "Metrosideros excelsa", "esp_nomecomum": "Árvore-do-Fogo", "arv_intervalo_idade": "61-70", "classif_tutela": "ICNF", "classif_tipo": "Conjunto arbóreo", "classif_dec_lei_ref": "D.R. nº 6 II Série de 10/01/2005", "classif_data": "2005-01-10"}}, {"type": "Feature", "id": 37534, "geometry": {"type": "Point", "coordinates": [-8.688122448881963, 41.166665650816434]}, "properties": {"objectid": 37534, "especie": "Metrosideros excelsa", "esp_nomecomum": "Árvore-do-Fogo", "arv_intervalo_idade": "31-40", "classif_tutela": "ICNF", "classif_tipo": "Conjunto arbóreo", "classif_dec_lei_ref": "D.R. nº 6 II Série de 10/01/2005", "classif_data": "2005-01-10"}}, {"type": "Feature", "id": 37618, "geometry": {"type": "Point", "coordinates": [-8.687781159809719, 41.165765798733005]}, "properties": {"objectid": 37618, "especie": "Metrosideros excelsa", "esp_nomecomum": "Árvore-do-Fogo", "arv_intervalo_idade": "sup 100", "classif_tutela": "ICNF", "classif_tipo": "Conjunto arbóreo", "classif_dec_lei_ref": "D.R. nº 6 II Série de 10/01/2005", "classif_data": "2005-01-10"}}, {"type": "Feature", "id": 37619, "geometry": {"type": "Point", "coordinates": [-8.687742920299073, 41.16563857176195]}, "properties": {"objectid": 37619, "especie": "Metrosideros excelsa", "esp_nomecomum": "Árvore-do-Fogo", "arv_intervalo_idade": "sup 100", "classif_tutela": "ICNF", "classif_tipo": "Conjunto arbóreo", "classif_dec_lei_ref": "D.R. nº 6 II Série de 10/01/2005", "classif_data": "2005-01-10"}}, {"type": "Feature", "id": 37630, "geometry": {"type": "Point", "coordinates": [-8.68704646843949, 41.16476086678842]}, "properties": {"objectid": 37630, "especie": "Metrosideros excelsa", "esp_nomecomum": "Árvore-do-Fogo", "arv_intervalo_idade": "51-60", "classif_tutela": "ICNF", "classif_tipo": "Conjunto arbóreo", "classif_dec_lei_ref": "D.R. nº 6 II Série de 10/01/2005", "classif_data": "2005-01-10"}}, {"type": "Feature", "id": 37631, "geometry": {"type": "Point", "coordinates": [-8.687009549211396, 41.164384793390106]}, "properties": {"objectid": 37631, "especie": "Metrosideros excelsa", "esp_nomecomum": "Árvore-do-Fogo", "arv_intervalo_idade": "81-100", "classif_tutela": "ICNF", "classif_tipo": "Conjunto arbóreo", "classif_dec_lei_ref": "D.R. nº 6 II Série de 10/01/2005", "classif_data": "2005-01-10"}}, {"type": "Feature", "id": 37632, "geometry": {"type": "Point", "coordinates": [-8.687079074922696, 41.16450072101878]}, "properties": {"objectid": 37632, "especie": "Metrosideros excelsa", "esp_nomecomum": "Árvore-do-Fogo", "arv_intervalo_idade": "sup 100", "classif_tutela": "ICNF", "classif_tipo": "Conjunto arbóreo", "classif_dec_lei_ref": "D.R. nº 6 II Série de 10/01/2005", "classif_data": "2005-01-10"}}, {"type": "Feature", "id": 37634, "geometry": {"type": "Point", "coordinates": [-8.687175566014728, 41.16467291565466]}, "properties": {"objectid": 37634, "especie": "Metrosideros excelsa", "esp_nomecomum": "Árvore-do-Fogo", "arv_intervalo_idade": "sup 100", "classif_tutela": "ICNF", "classif_tipo": "Conjunto arbóreo", "classif_dec_lei_ref": "D.R. nº 6 II Série de 10/01/2005", "classif_data": "2005-01-10"}}, {"type": "Feature", "id": 37636, "geometry": {"type": "Point", "coordinates": [-8.687507642285905, 41.16512462856926]}, "properties": {"objectid": 37636, "especie": "Metrosideros excelsa", "esp_nomecomum": "Árvore-do-Fogo", "arv_intervalo_idade": "sup 100", "classif_tutela": "ICNF", "classif_tipo": "Conjunto arbóreo", "classif_dec_lei_ref": "D.R. nº 6 II Série de 10/01/2005", "classif_data": "2005-01-10"}}, {"type": "Feature", "id": 37640, "geometry": {"type": "Point", "coordinates": [-8.687201537831255, 41.16473785503807]}, "properties": {"objectid": 37640, "especie": "Metrosideros excelsa", "esp_nomecomum": "Árvore-do-Fogo", "arv_intervalo_idade": "sup 100", "classif_tutela": "ICNF", "classif_tipo": "Conjunto arbóreo", "classif_dec_lei_ref": "D.R. nº 6 II Série de 10/01/2005", "classif_data": "2005-01-10"}}, {"type": "Feature", "id": 37716, "geometry": {"type": "Point", "coordinates": [-8.685362970279943, 41.16174280398747]}, "properties": {"objectid": 37716, "especie": "Metrosideros excelsa", "esp_nomecomum": "Árvore-do-Fogo", "arv_intervalo_idade": "81-100", "classif_tutela": "ICNF", "classif_tipo": "Conjunto arbóreo", "classif_dec_lei_ref": "D.R. nº 6 II Série de 10/01/2005", "classif_data": "2005-01-10"}}, {"type": "Feature", "id": 37734, "geometry": {"type": "Point", "coordinates": [-8.684934457714753, 41.16097147793463]}, "properties": {"objectid": 37734, "especie": "Metrosideros excelsa", "esp_nomecomum": "Árvore-do-Fogo", "arv_intervalo_idade": "81-100", "classif_tutela": "ICNF", "classif_tipo": "Conjunto arbóreo", "classif_dec_lei_ref": "D.R. nº 6 II Série de 10/01/2005", "classif_data": "2005-01-10"}}, {"type": "Feature", "id": 37735, "geometry": {"type": "Point", "coordinates": [-8.6853642345674, 41.161210300100926]}, "properties": {"objectid": 37735, "especie": "Metrosideros excelsa", "esp_nomecomum": "Árvore-do-Fogo", "arv_intervalo_idade": "81-100", "classif_tutela": "ICNF", "classif_tipo": "Conjunto arbóreo", "classif_dec_lei_ref": "D.R. nº 6 II Série de 10/01/2005", "classif_data": "2005-01-10"}}, {"type": "Feature", "id": 37736, "geometry": {"type": "Point", "coordinates": [-8.684698143229305, 41.159907776948735]}, "properties": {"objectid": 37736, "especie": "Metrosideros excelsa", "esp_nomecomum": "Árvore-do-Fogo", "arv_intervalo_idade": "51-60", "classif_tutela": "ICNF", "classif_tipo": "Conjunto arbóreo", "classif_dec_lei_ref": "D.R. nº 6 II Série de 10/01/2005", "classif_data": "2005-01-10"}}, {"type": "Feature", "id": 37888, "geometry": {"type": "Point", "coordinates": [-8.684262263130101, 41.15977564580972]}, "properties": {"objectid": 37888, "especie": "Metrosideros excelsa", "esp_nomecomum": "Árvore-do-Fogo", "arv_intervalo_idade": "81-100", "classif_tutela": "ICNF", "classif_tipo": "Conjunto arbóreo", "classif_dec_lei_ref": "D.R. nº 6 II Série de 10/01/2005", "classif_data": "2005-01-10"}}, {"type": "Feature", "id": 37927, "geometry": {"type": "Point", "coordinates": [-8.686712407436254, 41.16416518024816]}, "properties": {"objectid": 37927, "especie": "Metrosideros excelsa", "esp_nomecomum": "Árvore-do-Fogo", "arv_intervalo_idade": "71-80", "classif_tutela": "ICNF", "classif_tipo": "Conjunto arbóreo", "classif_dec_lei_ref": "D.R. nº 6 II Série de 10/01/2005", "classif_data": "2005-01-10"}}, {"type": "Feature", "id": 37944, "geometry": {"type": "Point", "coordinates": [-8.687222192519076, 41.16508575464171]}, "properties": {"objectid": 37944, "especie": "Metrosideros excelsa", "esp_nomecomum": "Árvore-do-Fogo", "arv_intervalo_idade": "41-50", "classif_tutela": "ICNF", "classif_tipo": "Conjunto arbóreo", "classif_dec_lei_ref": "D.R. nº 6 II Série de 10/01/2005", "classif_data": "2005-01-10"}}, {"type": "Feature", "id": 37946, "geometry": {"type": "Point", "coordinates": [-8.685542254404679, 41.16173920514833]}, "properties": {"objectid": 37946, "especie": "Metrosideros excelsa", "esp_nomecomum": "Árvore-do-Fogo", "arv_intervalo_idade": "81-100", "classif_tutela": "ICNF", "classif_tipo": "Conjunto arbóreo", "classif_dec_lei_ref": "D.R. nº 6 II Série de 10/01/2005", "classif_data": "2005-01-10"}}, {"type": "Feature", "id": 37976, "geometry": {"type": "Point", "coordinates": [-8.68470222448403, 41.160398671571215]}, "properties": {"objectid": 37976, "especie": "Metrosideros excelsa", "esp_nomecomum": "Árvore-do-Fogo", "arv_intervalo_idade": "81-100", "classif_tutela": "ICNF", "classif_tipo": "Conjunto arbóreo", "classif_dec_lei_ref": "D.R. nº 6 II Série de 10/01/2005", "classif_data": "2005-01-10"}}, {"type": "Feature", "id": 37989, "geometry": {"type": "Point", "coordinates": [-8.68740405255803, 41.16538280643926]}, "properties": {"objectid": 37989, "especie": "Metrosideros excelsa", "esp_nomecomum": "Árvore-do-Fogo", "arv_intervalo_idade": "sup 100", "classif_tutela": "ICNF", "classif_tipo": "Conjunto arbóreo", "classif_dec_lei_ref": "D.R. nº 6 II Série de 10/01/2005", "classif_data": "2005-01-10"}}, {"type": "Feature", "id": 38028, "geometry": {"type": "Point", "coordinates": [-8.685224589888923, 41.161456282508446]}, "properties": {"objectid": 38028, "especie": "Metrosideros excelsa", "esp_nomecomum": "Árvore-do-Fogo", "arv_intervalo_idade": "81-100", "classif_tutela": "ICNF", "classif_tipo": "Conjunto arbóreo", "classif_dec_lei_ref": "D.R. nº 6 II Série de 10/01/2005", "classif_data": "2005-01-10"}}, {"type": "Feature", "id": 38029, "geometry": {"type": "Point", "coordinates": [-8.685155848911574, 41.161341794222565]}, "properties": {"objectid": 38029, "especie": "Metrosideros excelsa", "esp_nomecomum": "Árvore-do-Fogo", "arv_intervalo_idade": "81-100", "classif_tutela": "ICNF", "classif_tipo": "Conjunto arbóreo", "classif_dec_lei_ref": "D.R. nº 6 II Série de 10/01/2005", "classif_data": "2005-01-10"}}, {"type": "Feature", "id": 38030, "geometry": {"type": "Point", "coordinates": [-8.685080970362835, 41.16122837260324]}, "properties": {"objectid": 38030, "especie": "Metrosideros excelsa", "esp_nomecomum": "Árvore-do-Fogo", "arv_intervalo_idade": "81-100", "classif_tutela": "ICNF", "classif_tipo": "Conjunto arbóreo", "classif_dec_lei_ref": "D.R. nº 6 II Série de 10/01/2005", "classif_data": "2005-01-10"}}, {"type": "Feature", "id": 38031, "geometry": {"type": "Point", "coordinates": [-8.68502659930527, 41.161131825826274]}, "properties": {"objectid": 38031, "especie": "Metrosideros excelsa", "esp_nomecomum": "Árvore-do-Fogo", "arv_intervalo_idade": "81-100", "classif_tutela": "ICNF", "classif_tipo": "Conjunto arbóreo", "classif_dec_lei_ref": "D.R. nº 6 II Série de 10/01/2005", "classif_data": "2005-01-10"}}, {"type": "Feature", "id": 38032, "geometry": {"type": "Point", "coordinates": [-8.68528850521607, 41.161072617834414]}, "properties": {"objectid": 38032, "especie": "Metrosideros excelsa", "esp_nomecomum": "Árvore-do-Fogo", "arv_intervalo_idade": "81-100", "classif_tutela": "ICNF", "classif_tipo": "Conjunto arbóreo", "classif_dec_lei_ref": "D.R. nº 6 II Série de 10/01/2005", "classif_data": "2005-01-10"}}, {"type": "Feature", "id": 38033, "geometry": {"type": "Point", "coordinates": [-8.685067720225163, 41.16102943688082]}, "properties": {"objectid": 38033, "especie": "Metrosideros excelsa", "esp_nomecomum": "Árvore-do-Fogo", "arv_intervalo_idade": "81-100", "classif_tutela": "ICNF", "classif_tipo": "Conjunto arbóreo", "classif_dec_lei_ref": "D.R. nº 6 II Série de 10/01/2005", "classif_data": "2005-01-10"}}, {"type": "Feature", "id": 38034, "geometry": {"type": "Point", "coordinates": [-8.684990867960483, 41.16106642392332]}, "properties": {"objectid": 38034, "especie": "Metrosideros excelsa", "esp_nomecomum": "Árvore-do-Fogo", "arv_intervalo_idade": "81-100", "classif_tutela": "ICNF", "classif_tipo": "Conjunto arbóreo", "classif_dec_lei_ref": "D.R. nº 6 II Série de 10/01/2005", "classif_data": "2005-01-10"}}, {"type": "Feature", "id": 38035, "geometry": {"type": "Point", "coordinates": [-8.68497655804672, 41.16087263833444]}, "properties": {"objectid": 38035, "especie": "Metrosideros excelsa", "esp_nomecomum": "Árvore-do-Fogo", "arv_intervalo_idade": "81-100", "classif_tutela": "ICNF", "classif_tipo": "Conjunto arbóreo", "classif_dec_lei_ref": "D.R. nº 6 II Série de 10/01/2005", "classif_data": "2005-01-10"}}, {"type": "Feature", "id": 38036, "geometry": {"type": "Point", "coordinates": [-8.685152411598706, 41.160821000448706]}, "properties": {"objectid": 38036, "especie": "Metrosideros excelsa", "esp_nomecomum": "Árvore-do-Fogo", "arv_intervalo_idade": "81-100", "classif_tutela": "ICNF", "classif_tipo": "Conjunto arbóreo", "classif_dec_lei_ref": "D.R. nº 6 II Série de 10/01/2005", "classif_data": "2005-01-10"}}, {"type": "Feature", "id": 38037, "geometry": {"type": "Point", "coordinates": [-8.684846714225417, 41.16084635993698]}, "properties": {"objectid": 38037, "especie": "Metrosideros excelsa", "esp_nomecomum": "Árvore-do-Fogo", "arv_intervalo_idade": "81-100", "classif_tutela": "ICNF", "classif_tipo": "Conjunto arbóreo", "classif_dec_lei_ref": "D.R. nº 6 II Série de 10/01/2005", "classif_data": "2005-01-10"}}, {"type": "Feature", "id": 38039, "geometry": {"type": "Point", "coordinates": [-8.684842778617464, 41.16064118998254]}, "properties": {"objectid": 38039, "especie": "Metrosideros excelsa", "esp_nomecomum": "Árvore-do-Fogo", "arv_intervalo_idade": "81-100", "classif_tutela": "ICNF", "classif_tipo": "Conjunto arbóreo", "classif_dec_lei_ref": "D.R. nº 6 II Série de 10/01/2005", "classif_data": "2005-01-10"}}, {"type": "Feature", "id": 38040, "geometry": {"type": "Point", "coordinates": [-8.685026145141014, 41.16059269843026]}, "properties": {"objectid": 38040, "especie": "Metrosideros excelsa", "esp_nomecomum": "Árvore-do-Fogo", "arv_intervalo_idade": "81-100", "classif_tutela": "ICNF", "classif_tipo": "Conjunto arbóreo", "classif_dec_lei_ref": "D.R. nº 6 II Série de 10/01/2005", "classif_data": "2005-01-10"}}, {"type": "Feature", "id": 38041, "geometry": {"type": "Point", "coordinates": [-8.684726064769912, 41.160609612537634]}, "properties": {"objectid": 38041, "especie": "Metrosideros excelsa", "esp_nomecomum": "Árvore-do-Fogo", "arv_intervalo_idade": "81-100", "classif_tutela": "ICNF", "classif_tipo": "Conjunto arbóreo", "classif_dec_lei_ref": "D.R. nº 6 II Série de 10/01/2005", "classif_data": "2005-01-10"}}, {"type": "Feature", "id": 38042, "geometry": {"type": "Point", "coordinates": [-8.684758091666868, 41.160489625065004]}, "properties": {"objectid": 38042, "especie": "Metrosideros excelsa", "esp_nomecomum": "Árvore-do-Fogo", "arv_intervalo_idade": "81-100", "classif_tutela": "ICNF", "classif_tipo": "Conjunto arbóreo", "classif_dec_lei_ref": "D.R. nº 6 II Série de 10/01/2005", "classif_data": "2005-01-10"}}, {"type": "Feature", "id": 38043, "geometry": {"type": "Point", "coordinates": [-8.684666836885963, 41.16051274307192]}, "properties": {"objectid": 38043, "especie": "Metrosideros excelsa", "esp_nomecomum": "Árvore-do-Fogo", "arv_intervalo_idade": "81-100", "classif_tutela": "ICNF", "classif_tipo": "Conjunto arbóreo", "classif_dec_lei_ref": "D.R. nº 6 II Série de 10/01/2005", "classif_data": "2005-01-10"}}, {"type": "Feature", "id": 38044, "geometry": {"type": "Point", "coordinates": [-8.684630014496632, 41.16044502225644]}, "properties": {"objectid": 38044, "especie": "Metrosideros robusta", "esp_nomecomum": "Metrosidero", "arv_intervalo_idade": "81-100", "classif_tutela": "ICNF", "classif_tipo": "Conjunto arbóreo", "classif_dec_lei_ref": "D.R. nº 6 II Série de 10/01/2005", "classif_data": "2005-01-10"}}, {"type": "Feature", "id": 38045, "geometry": {"type": "Point", "coordinates": [-8.684868703205314, 41.160341982559984]}, "properties": {"objectid": 38045, "especie": "Metrosideros excelsa", "esp_nomecomum": "Árvore-do-Fogo", "arv_intervalo_idade": "81-100", "classif_tutela": "ICNF", "classif_tipo": "Conjunto arbóreo", "classif_dec_lei_ref": "D.R. nº 6 II Série de 10/01/2005", "classif_data": "2005-01-10"}}, {"type": "Feature", "id": 38046, "geometry": {"type": "Point", "coordinates": [-8.684434567349744, 41.15988792638947]}, "properties": {"objectid": 38046, "especie": "Metrosideros excelsa", "esp_nomecomum": "Árvore-do-Fogo", "arv_intervalo_idade": "81-100", "classif_tutela": "ICNF", "classif_tipo": "Conjunto arbóreo", "classif_dec_lei_ref": "D.R. nº 6 II Série de 10/01/2005", "classif_data": "2005-01-10"}}, {"type": "Feature", "id": 38047, "geometry": {"type": "Point", "coordinates": [-8.685387101469441, 41.161859214162426]}, "properties": {"objectid": 38047, "especie": "Metrosideros excelsa", "esp_nomecomum": "Árvore-do-Fogo", "arv_intervalo_idade": "81-100", "classif_tutela": "ICNF", "classif_tipo": "Conjunto arbóreo", "classif_dec_lei_ref": "D.R. nº 6 II Série de 10/01/2005", "classif_data": "2005-01-10"}}, {"type": "Feature", "id": 38048, "geometry": {"type": "Point", "coordinates": [-8.68435119535756, 41.159888802643145]}, "properties": {"objectid": 38048, "especie": "Metrosideros excelsa", "esp_nomecomum": "Árvore-do-Fogo", "arv_intervalo_idade": "81-100", "classif_tutela": "ICNF", "classif_tipo": "Conjunto arbóreo", "classif_dec_lei_ref": "D.R. nº 6 II Série de 10/01/2005", "classif_data": "2005-01-10"}}, {"type": "Feature", "id": 38049, "geometry": {"type": "Point", "coordinates": [-8.684452392354622, 41.15976962684087]}, "properties": {"objectid": 38049, "especie": "Metrosideros excelsa", "esp_nomecomum": "Árvore-do-Fogo", "arv_intervalo_idade": "81-100", "classif_tutela": "ICNF", "classif_tipo": "Conjunto arbóreo", "classif_dec_lei_ref": "D.R. nº 6 II Série de 10/01/2005", "classif_data": "2005-01-10"}}, {"type": "Feature", "id": 38050, "geometry": {"type": "Point", "coordinates": [-8.684609195701148, 41.15983039105371]}, "properties": {"objectid": 38050, "especie": "Metrosideros excelsa", "esp_nomecomum": "Árvore-do-Fogo", "arv_intervalo_idade": "81-100", "classif_tutela": "ICNF", "classif_tipo": "Conjunto arbóreo", "classif_dec_lei_ref": "D.R. nº 6 II Série de 10/01/2005", "classif_data": "2005-01-10"}}, {"type": "Feature", "id": 38051, "geometry": {"type": "Point", "coordinates": [-8.6880808152054, 41.16626565633083]}, "properties": {"objectid": 38051, "especie": "Metrosideros excelsa", "esp_nomecomum": "Árvore-do-Fogo", "arv_intervalo_idade": "81-100", "classif_tutela": "ICNF", "classif_tipo": "Conjunto arbóreo", "classif_dec_lei_ref": "D.R. nº 6 II Série de 10/01/2005", "classif_data": "2005-01-10"}}, {"type": "Feature", "id": 38054, "geometry": {"type": "Point", "coordinates": [-8.687765578962898, 41.166020403337676]}, "properties": {"objectid": 38054, "especie": "Metrosideros excelsa", "esp_nomecomum": "Árvore-do-Fogo", "arv_intervalo_idade": "81-100", "classif_tutela": "ICNF", "classif_tipo": "Conjunto arbóreo", "classif_dec_lei_ref": "D.R. nº 6 II Série de 10/01/2005", "classif_data": "2005-01-10"}}, {"type": "Feature", "id": 38055, "geometry": {"type": "Point", "coordinates": [-8.687865547839008, 41.165901607852646]}, "properties": {"objectid": 38055, "especie": "Metrosideros excelsa", "esp_nomecomum": "Árvore-do-Fogo", "arv_intervalo_idade": "81-100", "classif_tutela": "ICNF", "classif_tipo": "Conjunto arbóreo", "classif_dec_lei_ref": "D.R. nº 6 II Série de 10/01/2005", "classif_data": "2005-01-10"}}, {"type": "Feature", "id": 38056, "geometry": {"type": "Point", "coordinates": [-8.687583094403706, 41.16572077181609]}, "properties": {"objectid": 38056, "especie": "Metrosideros excelsa", "esp_nomecomum": "Árvore-do-Fogo", "arv_intervalo_idade": "sup 100", "classif_tutela": "ICNF", "classif_tipo": "Conjunto arbóreo", "classif_dec_lei_ref": "D.R. nº 6 II Série de 10/01/2005", "classif_data": "2005-01-10"}}, {"type": "Feature", "id": 38057, "geometry": {"type": "Point", "coordinates": [-8.685517467937693, 41.16190901683756]}, "properties": {"objectid": 38057, "especie": "Metrosideros excelsa", "esp_nomecomum": "Árvore-do-Fogo", "arv_intervalo_idade": "81-100", "classif_tutela": "ICNF", "classif_tipo": "Conjunto arbóreo", "classif_dec_lei_ref": "D.R. nº 6 II Série de 10/01/2005", "classif_data": "2005-01-10"}}, {"type": "Feature", "id": 38058, "geometry": {"type": "Point", "coordinates": [-8.685433382098704, 41.16193330944754]}, "properties": {"objectid": 38058, "especie": "Metrosideros excelsa", "esp_nomecomum": "Árvore-do-Fogo", "arv_intervalo_idade": "81-100", "classif_tutela": "ICNF", "classif_tipo": "Conjunto arbóreo", "classif_dec_lei_ref": "D.R. nº 6 II Série de 10/01/2005", "classif_data": "2005-01-10"}}, {"type": "Feature", "id": 38059, "geometry": {"type": "Point", "coordinates": [-8.685606059811867, 41.16182896307779]}, "properties": {"objectid": 38059, "especie": "Metrosideros excelsa", "esp_nomecomum": "Árvore-do-Fogo", "arv_intervalo_idade": "81-100", "classif_tutela": "ICNF", "classif_tipo": "Conjunto arbóreo", "classif_dec_lei_ref": "D.R. nº 6 II Série de 10/01/2005", "classif_data": "2005-01-10"}}, {"type": "Feature", "id": 38060, "geometry": {"type": "Point", "coordinates": [-8.688694905852492, 41.16689861946794]}, "properties": {"objectid": 38060, "especie": "Metrosideros excelsa", "esp_nomecomum": "Árvore-do-Fogo", "arv_intervalo_idade": "51-60", "classif_tutela": "ICNF", "classif_tipo": "Conjunto arbóreo", "classif_dec_lei_ref": "D.R. nº 6 II Série de 10/01/2005", "classif_data": "2005-01-10"}}, {"type": "Feature", "id": 38061, "geometry": {"type": "Point", "coordinates": [-8.688794588931469, 41.16687297333129]}, "properties": {"objectid": 38061, "especie": "Metrosideros excelsa", "esp_nomecomum": "Árvore-do-Fogo", "arv_intervalo_idade": "51-60", "classif_tutela": "ICNF", "classif_tipo": "Conjunto arbóreo", "classif_dec_lei_ref": "D.R. nº 6 II Série de 10/01/2005", "classif_data": "2005-01-10"}}, {"type": "Feature", "id": 38062, "geometry": {"type": "Point", "coordinates": [-8.688909058633651, 41.166806078116]}, "properties": {"objectid": 38062, "especie": "Metrosideros excelsa", "esp_nomecomum": "Árvore-do-Fogo", "arv_intervalo_idade": "51-60", "classif_tutela": "ICNF", "classif_tipo": "Conjunto arbóreo", "classif_dec_lei_ref": "D.R. nº 6 II Série de 10/01/2005", "classif_data": "2005-01-10"}}, {"type": "Feature", "id": 38063, "geometry": {"type": "Point", "coordinates": [-8.68898112777371, 41.1667371003254]}, "properties": {"objectid": 38063, "especie": "Metrosideros excelsa", "esp_nomecomum": "Árvore-do-Fogo", "arv_intervalo_idade": "51-60", "classif_tutela": "ICNF", "classif_tipo": "Conjunto arbóreo", "classif_dec_lei_ref": "D.R. nº 6 II Série de 10/01/2005", "classif_data": "2005-01-10"}}, {"type": "Feature", "id": 38259, "geometry": {"type": "Point", "coordinates": [-8.687547380358984, 41.16535028633952]}, "properties": {"objectid": 38259, "especie": "Metrosideros excelsa", "esp_nomecomum": "Árvore-do-Fogo", "arv_intervalo_idade": "sup 100", "classif_tutela": "ICNF", "classif_tipo": "Conjunto arbóreo", "classif_dec_lei_ref": "D.R. nº 6 II Série de 10/01/2005", "classif_data": "2005-01-10"}}, {"type": "Feature", "id": 38260, "geometry": {"type": "Point", "coordinates": [-8.68534905927772, 41.16149989075595]}, "properties": {"objectid": 38260, "especie": "Metrosideros excelsa", "esp_nomecomum": "Árvore-do-Fogo", "arv_intervalo_idade": "81-100", "classif_tutela": "ICNF", "classif_tipo": "Conjunto arbóreo", "classif_dec_lei_ref": "D.R. nº 6 II Série de 10/01/2005", "classif_data": "2005-01-10"}}, {"type": "Feature", "id": 38261, "geometry": {"type": "Point", "coordinates": [-8.685476972627917, 41.16151503048419]}, "properties": {"objectid": 38261, "especie": "Metrosideros excelsa", "esp_nomecomum": "Árvore-do-Fogo", "arv_intervalo_idade": "81-100", "classif_tutela": "ICNF", "classif_tipo": "Conjunto arbóreo", "classif_dec_lei_ref": "D.R. nº 6 II Série de 10/01/2005", "classif_data": "2005-01-10"}}, {"type": "Feature", "id": 38262, "geometry": {"type": "Point", "coordinates": [-8.684629933066756, 41.16025907787479]}, "properties": {"objectid": 38262, "especie": "Metrosideros excelsa", "esp_nomecomum": "Árvore-do-Fogo", "arv_intervalo_idade": "81-100", "classif_tutela": "ICNF", "classif_tipo": "Conjunto arbóreo", "classif_dec_lei_ref": "D.R. nº 6 II Série de 10/01/2005", "classif_data": "2005-01-10"}}, {"type": "Feature", "id": 38263, "geometry": {"type": "Point", "coordinates": [-8.684791012692084, 41.160193820195296]}, "properties": {"objectid": 38263, "especie": "Metrosideros excelsa", "esp_nomecomum": "Árvore-do-Fogo", "arv_intervalo_idade": "81-100", "classif_tutela": "ICNF", "classif_tipo": "Conjunto arbóreo", "classif_dec_lei_ref": "D.R. nº 6 II Série de 10/01/2005", "classif_data": "2005-01-10"}}, {"type": "Feature", "id": 38264, "geometry": {"type": "Point", "coordinates": [-8.684532238720767, 41.16021751070288]}, "properties": {"objectid": 38264, "especie": "Metrosideros excelsa", "esp_nomecomum": "Árvore-do-Fogo", "arv_intervalo_idade": "81-100", "classif_tutela": "ICNF", "classif_tipo": "Conjunto arbóreo", "classif_dec_lei_ref": "D.R. nº 6 II Série de 10/01/2005", "classif_data": "2005-01-10"}}, {"type": "Feature", "id": 38265, "geometry": {"type": "Point", "coordinates": [-8.684460922798586, 41.16010567887217]}, "properties": {"objectid": 38265, "especie": "Metrosideros excelsa", "esp_nomecomum": "Árvore-do-Fogo", "arv_intervalo_idade": "81-100", "classif_tutela": "ICNF", "classif_tipo": "Conjunto arbóreo", "classif_dec_lei_ref": "D.R. nº 6 II Série de 10/01/2005", "classif_data": "2005-01-10"}}, {"type": "Feature", "id": 38266, "geometry": {"type": "Point", "coordinates": [-8.684654177668927, 41.15998761905839]}, "properties": {"objectid": 38266, "especie": "Metrosideros excelsa", "esp_nomecomum": "Árvore-do-Fogo", "arv_intervalo_idade": "81-100", "classif_tutela": "ICNF", "classif_tipo": "Conjunto arbóreo", "classif_dec_lei_ref": "D.R. nº 6 II Série de 10/01/2005", "classif_data": "2005-01-10"}}, {"type": "Feature", "id": 38267, "geometry": {"type": "Point", "coordinates": [-8.684415542998254, 41.160009839707776]}, "properties": {"objectid": 38267, "especie": "Metrosideros excelsa", "esp_nomecomum": "Árvore-do-Fogo", "arv_intervalo_idade": "81-100", "classif_tutela": "ICNF", "classif_tipo": "Conjunto arbóreo", "classif_dec_lei_ref": "D.R. nº 6 II Série de 10/01/2005", "classif_data": "2005-01-10"}}, {"type": "Feature", "id": 38268, "geometry": {"type": "Point", "coordinates": [-8.684573622687294, 41.159911097885406]}, "properties": {"objectid": 38268, "especie": "Metrosideros excelsa", "esp_nomecomum": "Árvore-do-Fogo", "arv_intervalo_idade": "81-100", "classif_tutela": "ICNF", "classif_tipo": "Conjunto arbóreo", "classif_dec_lei_ref": "D.R. nº 6 II Série de 10/01/2005", "classif_data": "2005-01-10"}}, {"type": "Feature", "id": 38270, "geometry": {"type": "Point", "coordinates": [-8.688204196158956, 41.16651205382245]}, "properties": {"objectid": 38270, "especie": "Metrosideros excelsa", "esp_nomecomum": "Árvore-do-Fogo", "arv_intervalo_idade": "81-100", "classif_tutela": "ICNF", "classif_tipo": "Conjunto arbóreo", "classif_dec_lei_ref": "D.R. nº 6 II Série de 10/01/2005", "classif_data": "2005-01-10"}}, {"type": "Feature", "id": 38272, "geometry": {"type": "Point", "coordinates": [-8.688269045235234, 41.16661436078058]}, "properties": {"objectid": 38272, "especie": "Metrosideros excelsa", "esp_nomecomum": "Árvore-do-Fogo", "arv_intervalo_idade": "81-100", "classif_tutela": "ICNF", "classif_tipo": "Conjunto arbóreo", "classif_dec_lei_ref": "D.R. nº 6 II Série de 10/01/2005", "classif_data": "2005-01-10"}}, {"type": "Feature", "id": 38273, "geometry": {"type": "Point", "coordinates": [-8.688313931603297, 41.16670275681161]}, "properties": {"objectid": 38273, "especie": "Metrosideros excelsa", "esp_nomecomum": "Árvore-do-Fogo", "arv_intervalo_idade": "51-60", "classif_tutela": "ICNF", "classif_tipo": "Conjunto arbóreo", "classif_dec_lei_ref": "D.R. nº 6 II Série de 10/01/2005", "classif_data": "2005-01-10"}}, {"type": "Feature", "id": 38274, "geometry": {"type": "Point", "coordinates": [-8.688376105487968, 41.166788068346285]}, "properties": {"objectid": 38274, "especie": "Metrosideros excelsa", "esp_nomecomum": "Árvore-do-Fogo", "arv_intervalo_idade": "51-60", "classif_tutela": "ICNF", "classif_tipo": "Conjunto arbóreo", "classif_dec_lei_ref": "D.R. nº 6 II Série de 10/01/2005", "classif_data": "2005-01-10"}}, {"type": "Feature", "id": 38275, "geometry": {"type": "Point", "coordinates": [-8.688452326615632, 41.16685175308244]}, "properties": {"objectid": 38275, "especie": "Metrosideros excelsa", "esp_nomecomum": "Árvore-do-Fogo", "arv_intervalo_idade": "51-60", "classif_tutela": "ICNF", "classif_tipo": "Conjunto arbóreo", "classif_dec_lei_ref": "D.R. nº 6 II Série de 10/01/2005", "classif_data": "2005-01-10"}}, {"type": "Feature", "id": 38276, "geometry": {"type": "Point", "coordinates": [-8.688585929618139, 41.16689914597207]}, "properties": {"objectid": 38276, "especie": "Metrosideros excelsa", "esp_nomecomum": "Árvore-do-Fogo", "arv_intervalo_idade": "51-60", "classif_tutela": "ICNF", "classif_tipo": "Conjunto arbóreo", "classif_dec_lei_ref": "D.R. nº 6 II Série de 10/01/2005", "classif_data": "2005-01-10"}}, {"type": "Feature", "id": 38281, "geometry": {"type": "Point", "coordinates": [-8.685335144898454, 41.16166491491297]}, "properties": {"objectid": 38281, "especie": "Metrosideros excelsa", "esp_nomecomum": "Árvore-do-Fogo", "arv_intervalo_idade": "81-100", "classif_tutela": "ICNF", "classif_tipo": "Conjunto arbóreo", "classif_dec_lei_ref": "D.R. nº 6 II Série de 10/01/2005", "classif_data": "2005-01-10"}}, {"type": "Feature", "id": 38282, "geometry": {"type": "Point", "coordinates": [-8.685283253899783, 41.16157122605401]}, "properties": {"objectid": 38282, "especie": "Metrosideros excelsa", "esp_nomecomum": "Árvore-do-Fogo", "arv_intervalo_idade": "81-100", "classif_tutela": "ICNF", "classif_tipo": "Conjunto arbóreo", "classif_dec_lei_ref": "D.R. nº 6 II Série de 10/01/2005", "classif_data": "2005-01-10"}}, {"type": "Feature", "id": 38283, "geometry": {"type": "Point", "coordinates": [-8.685198663726815, 41.16126847478658]}, "properties": {"objectid": 38283, "especie": "Metrosideros excelsa", "esp_nomecomum": "Árvore-do-Fogo", "arv_intervalo_idade": "81-100", "classif_tutela": "ICNF", "classif_tipo": "Conjunto arbóreo", "classif_dec_lei_ref": "D.R. nº 6 II Série de 10/01/2005", "classif_data": "2005-01-10"}}, {"type": "Feature", "id": 38284, "geometry": {"type": "Point", "coordinates": [-8.68511745197746, 41.161132832053454]}, "properties": {"objectid": 38284, "especie": "Metrosideros excelsa", "esp_nomecomum": "Árvore-do-Fogo", "arv_intervalo_idade": "81-100", "classif_tutela": "ICNF", "classif_tipo": "Conjunto arbóreo", "classif_dec_lei_ref": "D.R. nº 6 II Série de 10/01/2005", "classif_data": "2005-01-10"}}, {"type": "Feature", "id": 38412, "geometry": {"type": "Point", "coordinates": [-8.68521840940751, 41.1609843413647]}, "properties": {"objectid": 38412, "especie": "Metrosideros excelsa", "esp_nomecomum": "Árvore-do-Fogo", "arv_intervalo_idade": "81-100", "classif_tutela": "ICNF", "classif_tipo": "Conjunto arbóreo", "classif_dec_lei_ref": "D.R. nº 6 II Série de 10/01/2005", "classif_data": "2005-01-10"}}, {"type": "Feature", "id": 38413, "geometry": {"type": "Point", "coordinates": [-8.684932085807722, 41.160428766082475]}, "properties": {"objectid": 38413, "especie": "Metrosideros excelsa", "esp_nomecomum": "Árvore-do-Fogo", "arv_intervalo_idade": "81-100", "classif_tutela": "ICNF", "classif_tipo": "Conjunto arbóreo", "classif_dec_lei_ref": "D.R. nº 6 II Série de 10/01/2005", "classif_data": "2005-01-10"}}, {"type": "Feature", "id": 38414, "geometry": {"type": "Point", "coordinates": [-8.684578328536125, 41.1603452820676]}, "properties": {"objectid": 38414, "especie": "Metrosideros excelsa", "esp_nomecomum": "Árvore-do-Fogo", "arv_intervalo_idade": "81-100", "classif_tutela": "ICNF", "classif_tipo": "Conjunto arbóreo", "classif_dec_lei_ref": "D.R. nº 6 II Série de 10/01/2005", "classif_data": "2005-01-10"}}, {"type": "Feature", "id": 38545, "geometry": {"type": "Point", "coordinates": [-8.619234032196097, 41.14525761868533]}, "properties": {"objectid": 38545, "especie": "Ginkgo biloba", "esp_nomecomum": "Ginkgo", "arv_intervalo_idade": "81-100", "classif_tutela": "ICNF", "classif_tipo": "Árvore isolada", "classif_dec_lei_ref": "D.R. nº 6 II Série de 10/01/2005", "classif_data": "2005-01-10"}}, {"type": "Feature", "id": 43611, "geometry": {"type": "Point", "coordinates": [-8.638247646157899, 41.161736391670026]}, "properties": {"objectid": 43611, "especie": "Liriodendron tulipifera", "esp_nomecomum": "Tulipeiro-da-Virgínia", "arv_intervalo_idade": null, "classif_tutela": "ICNF", "classif_tipo": "Exemplar isolado", "classif_dec_lei_ref": "D.G. nº 280 II Série de 02/12/1939", "classif_data": "1939-12-02"}}, {"type": "Feature", "id": 47323, "geometry": {"type": "Point", "coordinates": [-8.672195139759495, 41.147572574400776]}, "properties": {"objectid": 47323, "especie": "Phoenix canariensis", "esp_nomecomum": "Palmeira-das-Canárias", "arv_intervalo_idade": "81-100", "classif_tutela": "ICNF", "classif_tipo": "Conjunto arbóreo", "classif_dec_lei_ref": "D.R. nº 6 II Série de 10/01/2005", "classif_data": "2005-01-10"}}, {"type": "Feature", "id": 47668, "geometry": {"type": "Point", "coordinates": [-8.6724977599433, 41.14756717514625]}, "properties": {"objectid": 47668, "especie": "Phoenix sp.", "esp_nomecomum": null, "arv_intervalo_idade": "81-100", "classif_tutela": "ICNF", "classif_tipo": "Conjunto arbóreo", "classif_dec_lei_ref": "D.R. nº 6 II Série de 10/01/2005", "classif_data": "2005-01-10"}}, {"type": "Feature", "id": 47669, "geometry": {"type": "Point", "coordinates": [-8.671931897230548, 41.14756585250675]}, "properties": {"objectid": 47669, "especie": "Phoenix canariensis", "esp_nomecomum": "Palmeira-das-Canárias", "arv_intervalo_idade": "31-40", "classif_tutela": "ICNF", "classif_tipo": "Conjunto arbóreo", "classif_dec_lei_ref": "D.R. nº 6 II Série de 10/01/2005", "classif_data": "2005-01-10"}}, {"type": "Feature", "id": 47760, "geometry": {"type": "Point", "coordinates": [-8.670115573214131, 41.14752462573647]}, "properties": {"objectid": 47760, "especie": "Phoenix canariensis", "esp_nomecomum": "Palmeira-das-Canárias", "arv_intervalo_idade": "21-30", "classif_tutela": "ICNF", "classif_tipo": "Conjunto arbóreo \r\n\r\n\r\n", "classif_dec_lei_ref": "D.R. nº 6 II Série de 10/01/2005", "classif_data": "2005-01-10"}}, {"type": "Feature", "id": 47879, "geometry": {"type": "Point", "coordinates": [-8.67195749332069, 41.14834753273115]}, "properties": {"objectid": 47879, "especie": "Araucaria heterophylla", "esp_nomecomum": "Araucária-de-Norfolk", "arv_intervalo_idade": "81-100", "classif_tutela": "ICNF", "classif_tipo": "Conjunto arbóreo", "classif_dec_lei_ref": "D.R. nº 6 II Série de 10/01/2005", "classif_data": "2005-01-10"}}, {"type": "Feature", "id": 47882, "geometry": {"type": "Point", "coordinates": [-8.671865047567868, 41.1487166950246]}, "properties": {"objectid": 47882, "especie": "Araucaria heterophylla", "esp_nomecomum": "Araucária-de-Norfolk", "arv_intervalo_idade": "81-100", "classif_tutela": "ICNF", "classif_tipo": "Conjunto arbóreo", "classif_dec_lei_ref": "D.R. nº 6 II Série de 10/01/2005", "classif_data": "2005-01-10"}}, {"type": "Feature", "id": 47901, "geometry": {"type": "Point", "coordinates": [-8.669066263836072, 41.14804200068744]}, "properties": {"objectid": 47901, "especie": "Araucaria heterophylla", "esp_nomecomum": "Araucária-de-Norfolk", "arv_intervalo_idade": "81-100", "classif_tutela": "ICNF", "classif_tipo": "Conjunto arbóreo", "classif_dec_lei_ref": "D.R. nº 6 II Série de 10/01/2005", "classif_data": "2005-01-10"}}, {"type": "Feature", "id": 48031, "geometry": {"type": "Point", "coordinates": [-8.669376824341922, 41.147655400526766]}, "properties": {"objectid": 48031, "especie": "Phoenix canariensis", "esp_nomecomum": "Palmeira-das-Canárias", "arv_intervalo_idade": "81-100", "classif_tutela": "ICNF (Instituto da Conservação da Natureza e das Florestas)", "classif_tipo": "Conjunto arbóreo \r\n", "classif_dec_lei_ref": "D.R. nº 6 II Série de 10/01/2005", "classif_data": "2005-01-10"}}, {"type": "Feature", "id": 48041, "geometry": {"type": "Point", "coordinates": [-8.668530214921867, 41.147630702215004]}, "properties": {"objectid": 48041, "especie": "Phoenix canariensis", "esp_nomecomum": "Palmeira-das-Canárias", "arv_intervalo_idade": "31-40", "classif_tutela": "ICNF (Instituto da Conservação da Natureza e das Florestas)", "classif_tipo": "Conjunto arbóreo", "classif_dec_lei_ref": "D.R. nº 6 II Série de 10/01/2005", "classif_data": "2005-01-10"}}, {"type": "Feature", "id": 48045, "geometry": {"type": "Point", "coordinates": [-8.669256777115798, 41.14765118613017]}, "properties": {"objectid": 48045, "especie": "Phoenix canariensis", "esp_nomecomum": "Palmeira-das-Canárias", "arv_intervalo_idade": "81-100", "classif_tutela": "ICNF (Instituto da Conservação da Natureza e das Florestas)", "classif_tipo": "Conjunto arbóreo \r\n", "classif_dec_lei_ref": "D.R. nº 6 II Série de 10/01/2005", "classif_data": "2005-01-10"}}, {"type": "Feature", "id": 48082, "geometry": {"type": "Point", "coordinates": [-8.672741721999484, 41.14866115498889]}, "properties": {"objectid": 48082, "especie": "Metrosideros excelsa", "esp_nomecomum": "Árvore-do-Fogo", "arv_intervalo_idade": "81-100", "classif_tutela": "ICNF", "classif_tipo": "Isolada", "classif_dec_lei_ref": "D. R. n.º 6 II Série de 10/01/2005", "classif_data": "2005-01-10"}}, {"type": "Feature", "id": 48181, "geometry": {"type": "Point", "coordinates": [-8.671813436040667, 41.14756242934037]}, "properties": {"objectid": 48181, "especie": "Phoenix canariensis", "esp_nomecomum": "Palmeira-das-Canárias", "arv_intervalo_idade": "81-100", "classif_tutela": "ICNF", "classif_tipo": "Conjunto arbóreo", "classif_dec_lei_ref": " D.R. nº 6 II Série de 10/01/2005 ", "classif_data": "2005-01-10"}}, {"type": "Feature", "id": 48182, "geometry": {"type": "Point", "coordinates": [-8.671697638718229, 41.14756297261945]}, "properties": {"objectid": 48182, "especie": "Phoenix canariensis", "esp_nomecomum": "Palmeira-das-Canárias", "arv_intervalo_idade": "81-100", "classif_tutela": "ICNF", "classif_tipo": "Conjunto arbóreo", "classif_dec_lei_ref": "D.R. nº 6 II Série de 10/01/2005", "classif_data": "2005-01-10"}}, {"type": "Feature", "id": 48183, "geometry": {"type": "Point", "coordinates": [-8.671587055162759, 41.14755752332644]}, "properties": {"objectid": 48183, "especie": "Phoenix canariensis", "esp_nomecomum": "Palmeira-das-Canárias", "arv_intervalo_idade": "81-100", "classif_tutela": "ICNF", "classif_tipo": "Conjunto arbóreo", "classif_dec_lei_ref": "D.R. nº 6 II Série de 10/01/2005", "classif_data": "2005-10-01"}}, {"type": "Feature", "id": 48184, "geometry": {"type": "Point", "coordinates": [-8.671463330216383, 41.147554124405886]}, "properties": {"objectid": 48184, "especie": "Phoenix canariensis", "esp_nomecomum": "Palmeira-das-Canárias", "arv_intervalo_idade": "81-100", "classif_tutela": "ICNF", "classif_tipo": "Conjunto arbóreo", "classif_dec_lei_ref": "D.R. nº 6 II Série de 10/01/2005", "classif_data": "2005-01-10"}}, {"type": "Feature", "id": 48185, "geometry": {"type": "Point", "coordinates": [-8.671344899222241, 41.147554679638894]}, "properties": {"objectid": 48185, "especie": "Phoenix canariensis", "esp_nomecomum": "Palmeira-das-Canárias", "arv_intervalo_idade": "81-100", "classif_tutela": "ICNF", "classif_tipo": "Conjunto arbóreo", "classif_dec_lei_ref": "D.R. nº 6 II Série de 10/01/2005", "classif_data": "2005-01-10"}}, {"type": "Feature", "id": 48186, "geometry": {"type": "Point", "coordinates": [-8.671223806779313, 41.147551268160576]}, "properties": {"objectid": 48186, "especie": "Phoenix canariensis", "esp_nomecomum": "Palmeira-das-Canárias", "arv_intervalo_idade": "81-100", "classif_tutela": "ICNF", "classif_tipo": "Conjunto arbóreo", "classif_dec_lei_ref": "D.R. nº 6 II Série de 10/01/2005", "classif_data": "2005-01-10"}}, {"type": "Feature", "id": 48188, "geometry": {"type": "Point", "coordinates": [-8.669768099038986, 41.147516302479794]}, "properties": {"objectid": 48188, "especie": "Phoenix canariensis", "esp_nomecomum": "Palmeira-das-Canárias", "arv_intervalo_idade": "31-40", "classif_tutela": "ICNF", "classif_tipo": "Conjunto arbóreo", "classif_dec_lei_ref": "D.R. nº 6 II Série de 10/01/2005", "classif_data": "2005-01-10"}}, {"type": "Feature", "id": 48190, "geometry": {"type": "Point", "coordinates": [-8.669881296285118, 41.14751975317956]}, "properties": {"objectid": 48190, "especie": "Phoenix canariensis", "esp_nomecomum": "Palmeira-das-Canárias", "arv_intervalo_idade": "31-40", "classif_tutela": "ICNF", "classif_tipo": "Conjunto arbóreo", "classif_dec_lei_ref": "D.R. nº 6 II Série de 10/01/2005", "classif_data": "2005-01-10"}}, {"type": "Feature", "id": 48191, "geometry": {"type": "Point", "coordinates": [-8.66965491683383, 41.14751484156024]}, "properties": {"objectid": 48191, "especie": "Phoenix canariensis", "esp_nomecomum": "Palmeira-das-Canárias", "arv_intervalo_idade": "31-40", "classif_tutela": "ICNF", "classif_tipo": "Conjunto arbóreo", "classif_dec_lei_ref": "D.R. nº 6 II Série de 10/01/2005", "classif_data": "2005-01-10"}}, {"type": "Feature", "id": 48197, "geometry": {"type": "Point", "coordinates": [-8.672285861477674, 41.14772334543971]}, "properties": {"objectid": 48197, "especie": "Phoenix canariensis", "esp_nomecomum": "Palmeira-das-Canárias", "arv_intervalo_idade": "51-60", "classif_tutela": "ICNF (Instituto da Conservação da Natureza e das Florestas)", "classif_tipo": "Conjunto arbóreo ", "classif_dec_lei_ref": "D.R. nº 6 II Série de 10/01/2005", "classif_data": "2005-01-10"}}, {"type": "Feature", "id": 48201, "geometry": {"type": "Point", "coordinates": [-8.671746250086281, 41.14771394006778]}, "properties": {"objectid": 48201, "especie": "Phoenix canariensis", "esp_nomecomum": "Palmeira-das-Canárias", "arv_intervalo_idade": "81-100", "classif_tutela": "ICNF (Instituto da Conservação da Natureza e das Florestas)", "classif_tipo": "Conjunto arbóreo \r\n", "classif_dec_lei_ref": "D.R. nº 6 II Série de 10/01/2005", "classif_data": "2005-01-10"}}, {"type": "Feature", "id": 48202, "geometry": {"type": "Point", "coordinates": [-8.671630404858034, 41.14770851542044]}, "properties": {"objectid": 48202, "especie": "Phoenix canariensis", "esp_nomecomum": "Palmeira-das-Canárias", "arv_intervalo_idade": "81-100", "classif_tutela": "ICNF (Instituto da Conservação da Natureza e das Florestas)", "classif_tipo": "Conjunto arbóreo \r\n", "classif_dec_lei_ref": "D.R. nº 6 II Série de 10/01/2005", "classif_data": "2005-01-10"}}, {"type": "Feature", "id": 48203, "geometry": {"type": "Point", "coordinates": [-8.671875192673838, 41.14771134619721]}, "properties": {"objectid": 48203, "especie": "Phoenix canariensis", "esp_nomecomum": "Palmeira-das-Canárias", "arv_intervalo_idade": "21-30", "classif_tutela": "ICNF (Instituto da Conservação da Natureza e das Florestas)", "classif_tipo": "Conjunto arbóreo\r\n", "classif_dec_lei_ref": "D.R. nº 6 II Série de 10/01/2005", "classif_data": "2005-01-10"}}, {"type": "Feature", "id": 48214, "geometry": {"type": "Point", "coordinates": [-8.671849704396712, 41.14828068887267]}, "properties": {"objectid": 48214, "especie": "Araucaria heterophylla", "esp_nomecomum": "Araucária-de-Norfolk", "arv_intervalo_idade": "81-100", "classif_tutela": "ICNF", "classif_tipo": "Conjunto arbóreo", "classif_dec_lei_ref": "D.R. nº 6 II Série de 10/01/2005", "classif_data": "2005-01-10"}}, {"type": "Feature", "id": 48215, "geometry": {"type": "Point", "coordinates": [-8.671710711617543, 41.14823409842898]}, "properties": {"objectid": 48215, "especie": "Araucaria heterophylla", "esp_nomecomum": "Araucária-de-Norfolk", "arv_intervalo_idade": "81-100", "classif_tutela": "ICNF", "classif_tipo": "Conjunto arbóreo", "classif_dec_lei_ref": "D.R. nº 6 II Série de 10/01/2005", "classif_data": "2005-01-10"}}, {"type": "Feature", "id": 48216, "geometry": {"type": "Point", "coordinates": [-8.671466779258948, 41.14818797940039]}, "properties": {"objectid": 48216, "especie": "Araucaria heterophylla", "esp_nomecomum": "Araucária-de-Norfolk", "arv_intervalo_idade": "81-100", "classif_tutela": "ICNF", "classif_tipo": "Conjunto arbóreo", "classif_dec_lei_ref": "D.R. nº 6 II Série de 10/01/2005", "classif_data": "2005-01-10"}}, {"type": "Feature", "id": 48229, "geometry": {"type": "Point", "coordinates": [-8.67126442555218, 41.147690336984496]}, "properties": {"objectid": 48229, "especie": "Phoenix canariensis", "esp_nomecomum": "Palmeira-das-Canárias", "arv_intervalo_idade": "81-100", "classif_tutela": "ICNF (Instituto da Conservação da Natureza e das Florestas)", "classif_tipo": "Conjunto arbóreo \r\n", "classif_dec_lei_ref": "D.R. nº 6 II Série de 10/01/2005", "classif_data": "2005-01-10"}}, {"type": "Feature", "id": 48230, "geometry": {"type": "Point", "coordinates": [-8.671145995500252, 41.14769089200894]}, "properties": {"objectid": 48230, "especie": "Phoenix canariensis", "esp_nomecomum": "Palmeira-das-Canárias", "arv_intervalo_idade": "81-100", "classif_tutela": "ICNF (Instituto da Conservação da Natureza e das Florestas)", "classif_tipo": "Conjunto arbóreo \r\n", "classif_dec_lei_ref": "D.R. nº 6 II Série de 10/01/2005", "classif_data": "2005-01-10"}}, {"type": "Feature", "id": 48234, "geometry": {"type": "Point", "coordinates": [-8.670975446898538, 41.14807564836926]}, "properties": {"objectid": 48234, "especie": "Araucaria heterophylla", "esp_nomecomum": "Araucária-de-Norfolk", "arv_intervalo_idade": "81-100", "classif_tutela": "ICNF", "classif_tipo": "Conjunto arbóreo", "classif_dec_lei_ref": "D.R. nº 6 II Série de 10/01/2005", "classif_data": "2005-01-10"}}, {"type": "Feature", "id": 48241, "geometry": {"type": "Point", "coordinates": [-8.67116795795372, 41.14812249127374]}, "properties": {"objectid": 48241, "especie": "Araucaria heterophylla", "esp_nomecomum": "Araucária-de-Norfolk", "arv_intervalo_idade": "81-100", "classif_tutela": "ICNF", "classif_tipo": "Conjunto arbóreo", "classif_dec_lei_ref": "D.R. nº 6 II Série de 10/01/2005", "classif_data": "2005-01-10"}}, {"type": "Feature", "id": 48245, "geometry": {"type": "Point", "coordinates": [-8.671073018643755, 41.14809906326464]}, "properties": {"objectid": 48245, "especie": "Araucaria heterophylla", "esp_nomecomum": "Araucária-de-Norfolk", "arv_intervalo_idade": "81-100", "classif_tutela": "ICNF", "classif_tipo": "Conjunto arbóreo", "classif_dec_lei_ref": "D.R. nº 6 II Série de 10/01/2005", "classif_data": "2005-01-10"}}, {"type": "Feature", "id": 48249, "geometry": {"type": "Point", "coordinates": [-8.670838078301205, 41.14769233431816]}, "properties": {"objectid": 48249, "especie": "Phoenix canariensis", "esp_nomecomum": "Palmeira-das-Canárias", "arv_intervalo_idade": "81-100", "classif_tutela": "ICNF (Instituto da Conservação da Natureza e das Florestas)", "classif_tipo": "Conjunto arbóreo \r\n", "classif_dec_lei_ref": "D.R. nº 6 II Série de 10/01/2005", "classif_data": "2005-01-10"}}, {"type": "Feature", "id": 48263, "geometry": {"type": "Point", "coordinates": [-8.670295092899243, 41.14791371128954]}, "properties": {"objectid": 48263, "especie": "Araucaria heterophylla", "esp_nomecomum": "Araucária-de-Norfolk", "arv_intervalo_idade": "81-100", "classif_tutela": "ICNF", "classif_tipo": "Conjunto arbóreo", "classif_dec_lei_ref": "D.R. nº 6 II Série de 10/01/2005", "classif_data": "2005-01-10"}}, {"type": "Feature", "id": 48264, "geometry": {"type": "Point", "coordinates": [-8.670213442996964, 41.14790613488377]}, "properties": {"objectid": 48264, "especie": "Araucaria heterophylla", "esp_nomecomum": "Araucária-de-Norfolk", "arv_intervalo_idade": "81-100", "classif_tutela": "ICNF", "classif_tipo": "Conjunto arbóreo", "classif_dec_lei_ref": "D.R. nº 6 II Série de 10/01/2005", "classif_data": "2005-01-10"}}, {"type": "Feature", "id": 48267, "geometry": {"type": "Point", "coordinates": [-8.66969909160476, 41.14776729156669]}, "properties": {"objectid": 48267, "especie": "Araucaria heterophylla", "esp_nomecomum": "Araucária-de-Norfolk", "arv_intervalo_idade": "81-100", "classif_tutela": "ICNF", "classif_tipo": "Conjunto arbóreo", "classif_dec_lei_ref": "D.R. nº 6 II Série de 10/01/2005", "classif_data": "2005-01-10"}}, {"type": "Feature", "id": 48268, "geometry": {"type": "Point", "coordinates": [-8.669786102400748, 41.14778677862774]}, "properties": {"objectid": 48268, "especie": "Araucaria heterophylla", "esp_nomecomum": "Araucária-de-Norfolk", "arv_intervalo_idade": "81-100", "classif_tutela": "ICNF", "classif_tipo": "Conjunto arbóreo", "classif_dec_lei_ref": "D.R. nº 6 II Série de 10/01/2005", "classif_data": "2005-01-10"}}, {"type": "Feature", "id": 48269, "geometry": {"type": "Point", "coordinates": [-8.669612112094377, 41.14775178241607]}, "properties": {"objectid": 48269, "especie": "Araucaria heterophylla", "esp_nomecomum": "Araucária-de-Norfolk", "arv_intervalo_idade": "81-100", "classif_tutela": "ICNF", "classif_tipo": "Conjunto arbóreo", "classif_dec_lei_ref": "D.R. nº 6 II Série de 10/01/2005", "classif_data": "2005-01-10"}}, {"type": "Feature", "id": 48286, "geometry": {"type": "Point", "coordinates": [-8.67010360880004, 41.1483739456935]}, "properties": {"objectid": 48286, "especie": "Araucaria heterophylla", "esp_nomecomum": "Araucária-de-Norfolk", "arv_intervalo_idade": "81-100", "classif_tutela": "ICNF", "classif_tipo": "Conjunto arbóreo", "classif_dec_lei_ref": "D.R. nº 6 II Série de 10/01/2005", "classif_data": "2005-01-10"}}, {"type": "Feature", "id": 48287, "geometry": {"type": "Point", "coordinates": [-8.669999389918042, 41.1483452736057]}, "properties": {"objectid": 48287, "especie": "Araucaria heterophylla", "esp_nomecomum": "Araucária-de-Norfolk", "arv_intervalo_idade": "81-100", "classif_tutela": "ICNF", "classif_tipo": "Conjunto arbóreo", "classif_dec_lei_ref": "D.R. nº 6 II Série de 10/01/2005", "classif_data": "2005-01-10"}}, {"type": "Feature", "id": 48457, "geometry": {"type": "Point", "coordinates": [-8.669857323024658, 41.14780634010053]}, "properties": {"objectid": 48457, "especie": "Araucaria heterophylla", "esp_nomecomum": "Araucária-de-Norfolk", "arv_intervalo_idade": "81-100", "classif_tutela": "ICNF", "classif_tipo": "Conjunto arbóreo", "classif_dec_lei_ref": "D.R. nº 6 II Série de 10/01/2005", "classif_data": "2005-01-10"}}, {"type": "Feature", "id": 48458, "geometry": {"type": "Point", "coordinates": [-8.669957558943612, 41.14783372345181]}, "properties": {"objectid": 48458, "especie": "Araucaria heterophylla", "esp_nomecomum": "Araucária-de-Norfolk", "arv_intervalo_idade": "81-100", "classif_tutela": "ICNF", "classif_tipo": "Conjunto arbóreo", "classif_dec_lei_ref": "D.R. nº 6 II Série de 10/01/2005", "classif_data": "2005-01-10"}}, {"type": "Feature", "id": 48531, "geometry": {"type": "Point", "coordinates": [-8.669040217792228, 41.1479466307367]}, "properties": {"objectid": 48531, "especie": "Araucaria heterophylla", "esp_nomecomum": "Araucária-de-Norfolk", "arv_intervalo_idade": null, "classif_tutela": "ICNF", "classif_tipo": "Conjunto arbóreo", "classif_dec_lei_ref": "D.R. nº 6 II Série de 10/01/2005", "classif_data": "2005-01-10"}}, {"type": "Feature", "id": 48603, "geometry": {"type": "Point", "coordinates": [-8.671515149156694, 41.14770540291948]}, "properties": {"objectid": 48603, "especie": "Phoenix canariensis", "esp_nomecomum": "Palmeira-das-Canárias", "arv_intervalo_idade": "81-100", "classif_tutela": "ICNF (Instituto da Conservação da Natureza e das Florestas)", "classif_tipo": "Conjunto arbóreo \r\n", "classif_dec_lei_ref": "D.R. nº 6 II Série de 10/01/2005", "classif_data": "2005-01-10"}}, {"type": "Feature", "id": 48646, "geometry": {"type": "Point", "coordinates": [-8.671549029386405, 41.14869797587369]}, "properties": {"objectid": 48646, "especie": "Araucaria heterophylla", "esp_nomecomum": "Araucária-de-Norfolk", "arv_intervalo_idade": "81-100", "classif_tutela": "ICNF", "classif_tipo": "Conjunto arbóreo", "classif_dec_lei_ref": "D.R. nº 6 II Série de 10/01/2005", "classif_data": "2005-01-10"}}, {"type": "Feature", "id": 48670, "geometry": {"type": "Point", "coordinates": [-8.671746191655874, 41.14874112859095]}, "properties": {"objectid": 48670, "especie": "Araucaria heterophylla", "esp_nomecomum": "Araucária-de-Norfolk", "arv_intervalo_idade": "81-100", "classif_tutela": "ICNF", "classif_tipo": "Conjunto arbóreo", "classif_dec_lei_ref": "D.R. nº 6 II Série de 10/01/2005", "classif_data": "2005-01-10"}}, {"type": "Feature", "id": 48671, "geometry": {"type": "Point", "coordinates": [-8.671149787874837, 41.14860434484253]}, "properties": {"objectid": 48671, "especie": "Araucaria heterophylla", "esp_nomecomum": "Araucária-de-Norfolk", "arv_intervalo_idade": "81-100", "classif_tutela": "ICNF", "classif_tipo": "Conjunto arbóreo", "classif_dec_lei_ref": "D.R. nº 6 II Série de 10/01/2005", "classif_data": "2005-01-10"}}, {"type": "Feature", "id": 48672, "geometry": {"type": "Point", "coordinates": [-8.672037835271096, 41.148445798617225]}, "properties": {"objectid": 48672, "especie": "Araucaria heterophylla", "esp_nomecomum": "Araucária-de-Norfolk", "arv_intervalo_idade": "81-100", "classif_tutela": "ICNF", "classif_tipo": "Conjunto arbóreo", "classif_dec_lei_ref": "D.R. nº 6 II Série de 10/01/2005", "classif_data": "2005-01-10"}}, {"type": "Feature", "id": 48673, "geometry": {"type": "Point", "coordinates": [-8.66919763716218, 41.147749963568465]}, "properties": {"objectid": 48673, "especie": "Araucaria heterophylla", "esp_nomecomum": "Araucária-de-Norfolk", "arv_intervalo_idade": "81-100", "classif_tutela": "ICNF", "classif_tipo": "Conjunto arbóreo", "classif_dec_lei_ref": "D.R. nº 6 II Série de 10/01/2005", "classif_data": "2005-01-10"}}, {"type": "Feature", "id": 48674, "geometry": {"type": "Point", "coordinates": [-8.669274140073156, 41.14771476607355]}, "properties": {"objectid": 48674, "especie": "Araucaria heterophylla", "esp_nomecomum": "Araucária-de-Norfolk", "arv_intervalo_idade": "81-100", "classif_tutela": "ICNF", "classif_tipo": "Conjunto arbóreo", "classif_dec_lei_ref": "D.R. nº 6 II Série de 10/01/2005", "classif_data": "2005-01-10"}}, {"type": "Feature", "id": 48676, "geometry": {"type": "Point", "coordinates": [-8.668707082523268, 41.14763146925132]}, "properties": {"objectid": 48676, "especie": "Phoenix canariensis", "esp_nomecomum": "Palmeira-das-Canárias", "arv_intervalo_idade": "81-100", "classif_tutela": "ICNF (Instituto da Conservação da Natureza e das Florestas)", "classif_tipo": "Conjunto arbóreo \r\n", "classif_dec_lei_ref": "D.R. nº 6 II Série de 10/01/2005", "classif_data": "2005-01-10"}}, {"type": "Feature", "id": 48678, "geometry": {"type": "Point", "coordinates": [-8.669729510212003, 41.14828153056167]}, "properties": {"objectid": 48678, "especie": "Araucaria heterophylla", "esp_nomecomum": "Araucária-de-Norfolk", "arv_intervalo_idade": "81-100", "classif_tutela": "ICNF", "classif_tipo": "Conjunto arbóreo", "classif_dec_lei_ref": "D.R. nº 6 II Série de 10/01/2005", "classif_data": "2005-01-10"}}, {"type": "Feature", "id": 48679, "geometry": {"type": "Point", "coordinates": [-8.672706287528477, 41.148784373505656]}, "properties": {"objectid": 48679, "especie": "Metrosideros excelsa", "esp_nomecomum": "Árvore-do-Fogo", "arv_intervalo_idade": "81-100", "classif_tutela": "ICNF", "classif_tipo": "Isolada", "classif_dec_lei_ref": "D. R. n.º 6 II Série de 10/01/2005", "classif_data": "2008-01-10"}}, {"type": "Feature", "id": 48682, "geometry": {"type": "Point", "coordinates": [-8.670252473148997, 41.147529953731286]}, "properties": {"objectid": 48682, "especie": "Phoenix canariensis", "esp_nomecomum": "Palmeira-das-Canárias", "arv_intervalo_idade": "81-100", "classif_tutela": "ICNF", "classif_tipo": "Conjunto arbóreo", "classif_dec_lei_ref": "D.R. nº 6 II Série de 10/01/2005", "classif_data": "2005-01-10"}}, {"type": "Feature", "id": 48683, "geometry": {"type": "Point", "coordinates": [-8.669420641154884, 41.14750996806044]}, "properties": {"objectid": 48683, "especie": "Phoenix canariensis", "esp_nomecomum": "Palmeira-das-Canárias", "arv_intervalo_idade": "81-100", "classif_tutela": "ICNF", "classif_tipo": "Conjunto arbóreo", "classif_dec_lei_ref": "D.R. nº 6 II Série de 10/01/2005", "classif_data": "2005-01-10"}}, {"type": "Feature", "id": 48684, "geometry": {"type": "Point", "coordinates": [-8.669304794070115, 41.147504541081766]}, "properties": {"objectid": 48684, "especie": "Phoenix canariensis", "esp_nomecomum": "Palmeira-das-Canárias", "arv_intervalo_idade": "81-100", "classif_tutela": "ICNF", "classif_tipo": "Conjunto arbóreo", "classif_dec_lei_ref": "D.R. nº 6 II Série de 10/01/2005", "classif_data": "2005-01-10"}}, {"type": "Feature", "id": 48685, "geometry": {"type": "Point", "coordinates": [-8.66917846923447, 41.147505130831206]}, "properties": {"objectid": 48685, "especie": "Phoenix canariensis", "esp_nomecomum": "Palmeira-das-Canárias", "arv_intervalo_idade": "81-100", "classif_tutela": "ICNF", "classif_tipo": "Conjunto arbóreo", "classif_dec_lei_ref": "D.R. nº 6 II Série de 10/01/2005", "classif_data": "2005-01-10"}}, {"type": "Feature", "id": 48686, "geometry": {"type": "Point", "coordinates": [-8.669070519637323, 41.147499666863936]}, "properties": {"objectid": 48686, "especie": "Phoenix canariensis", "esp_nomecomum": "Palmeira-das-Canárias", "arv_intervalo_idade": "81-100", "classif_tutela": "ICNF", "classif_tipo": "Conjunto arbóreo", "classif_dec_lei_ref": "D.R. nº 6 II Série de 10/01/2005", "classif_data": "2005-01-10"}}, {"type": "Feature", "id": 48689, "geometry": {"type": "Point", "coordinates": [-8.668707270536306, 41.14749340376431]}, "properties": {"objectid": 48689, "especie": "Phoenix canariensis", "esp_nomecomum": "Palmeira-das-Canárias", "arv_intervalo_idade": "81-100", "classif_tutela": "ICNF", "classif_tipo": "Conjunto arbóreo", "classif_dec_lei_ref": "D.R. nº 6 II Série de 10/01/2005", "classif_data": "2005-01-10"}}, {"type": "Feature", "id": 48690, "geometry": {"type": "Point", "coordinates": [-8.668470347494413, 41.14748654977863]}, "properties": {"objectid": 48690, "especie": "Phoenix canariensis", "esp_nomecomum": "Palmeira-das-Canárias", "arv_intervalo_idade": "81-100", "classif_tutela": "ICNF", "classif_tipo": "Conjunto arbóreo", "classif_dec_lei_ref": "D.R. nº 6 II Série de 10/01/2005", "classif_data": "2005-01-10"}}, {"type": "Feature", "id": 48691, "geometry": {"type": "Point", "coordinates": [-8.668349254102367, 41.14748313528228]}, "properties": {"objectid": 48691, "especie": "Phoenix canariensis", "esp_nomecomum": "Palmeira-das-Canárias", "arv_intervalo_idade": "81-100", "classif_tutela": "ICNF", "classif_tipo": "Conjunto arbóreo", "classif_dec_lei_ref": "D.R. nº 6 II Série de 10/01/2005", "classif_data": "2005-01-10"}}, {"type": "Feature", "id": 48692, "geometry": {"type": "Point", "coordinates": [-8.668236070786984, 41.147481673873976]}, "properties": {"objectid": 48692, "especie": "Phoenix canariensis", "esp_nomecomum": "Palmeira-das-Canárias", "arv_intervalo_idade": "81-100", "classif_tutela": "ICNF", "classif_tipo": "Conjunto arbóreo", "classif_dec_lei_ref": "D.R. nº 6 II Série de 10/01/2005", "classif_data": "2005-01-10"}}, {"type": "Feature", "id": 48693, "geometry": {"type": "Point", "coordinates": [-8.668112346117798, 41.147478271352185]}, "properties": {"objectid": 48693, "especie": "Phoenix canariensis", "esp_nomecomum": "Palmeira-das-Canárias", "arv_intervalo_idade": "81-100", "classif_tutela": "ICNF (Instituto da Conservação da Natureza e das Florestas)", "classif_tipo": "Conjunto arbóreo (63 exemplares)\r\n", "classif_dec_lei_ref": "D.R. nº 6 II Série de 10/01/2005", "classif_data": "2005-01-10"}}, {"type": "Feature", "id": 48694, "geometry": {"type": "Point", "coordinates": [-8.66799390141348, 41.14747683414207]}, "properties": {"objectid": 48694, "especie": "Phoenix canariensis", "esp_nomecomum": "Palmeira-das-Canárias", "arv_intervalo_idade": null, "classif_tutela": "ICNF (Instituto da Conservação da Natureza e das Florestas)", "classif_tipo": "Conjunto arbóreo \r\n", "classif_dec_lei_ref": "D.R. nº 6 II Série de 10/01/2005", "classif_data": "2005-01-10"}}, {"type": "Feature", "id": 48695, "geometry": {"type": "Point", "coordinates": [-8.667875438163053, 41.14747340693464]}, "properties": {"objectid": 48695, "especie": "Phoenix canariensis", "esp_nomecomum": "Palmeira-das-Canárias", "arv_intervalo_idade": "81-100", "classif_tutela": "ICNF (Instituto da Conservação da Natureza e das Florestas)", "classif_tipo": "Conjunto arbóreo \r\n", "classif_dec_lei_ref": "D.R. nº 6 II Série de 10/01/2005", "classif_data": "2005-01-10"}}, {"type": "Feature", "id": 48696, "geometry": {"type": "Point", "coordinates": [-8.672177910089866, 41.14771788259331]}, "properties": {"objectid": 48696, "especie": "Phoenix canariensis", "esp_nomecomum": "Palmeira-das-Canárias", "arv_intervalo_idade": "81-100", "classif_tutela": "ICNF (Instituto da Conservação da Natureza e das Florestas)", "classif_tipo": "Conjunto arbóreo \r\n", "classif_dec_lei_ref": "D.R. nº 6 II Série de 10/01/2005", "classif_data": "2005-01-10"}}, {"type": "Feature", "id": 48697, "geometry": {"type": "Point", "coordinates": [-8.670453709063182, 41.147678217272805]}, "properties": {"objectid": 48697, "especie": "Phoenix canariensis", "esp_nomecomum": "Palmeira-das-Canárias", "arv_intervalo_idade": "81-100", "classif_tutela": "ICNF (Instituto da Conservação da Natureza e das Florestas)", "classif_tipo": "Conjunto arbóreo \r\n", "classif_dec_lei_ref": "D.R. nº 6 II Série de 10/01/2005", "classif_data": "2005-01-10"}}, {"type": "Feature", "id": 48698, "geometry": {"type": "Point", "coordinates": [-8.670574820340233, 41.14768361943392]}, "properties": {"objectid": 48698, "especie": "Phoenix canariensis", "esp_nomecomum": "Palmeira-das-Canárias", "arv_intervalo_idade": "81-100", "classif_tutela": "ICNF (Instituto da Conservação da Natureza e das Florestas)", "classif_tipo": "Conjunto arbóreo \r\n", "classif_dec_lei_ref": "D.R. nº 6 II Série de 10/01/2005", "classif_data": "2005-01-10"}}, {"type": "Feature", "id": 48699, "geometry": {"type": "Point", "coordinates": [-8.67020097879938, 41.147669453324426]}, "properties": {"objectid": 48699, "especie": "Phoenix canariensis", "esp_nomecomum": "Palmeira-das-Canárias", "arv_intervalo_idade": "81-100", "classif_tutela": "ICNF (Instituto da Conservação da Natureza e das Florestas)", "classif_tipo": "Conjunto arbóreo \r\n", "classif_dec_lei_ref": "D.R. nº 6 II Série de 10/01/2005", "classif_data": "2005-01-10"}}, {"type": "Feature", "id": 48700, "geometry": {"type": "Point", "coordinates": [-8.670090395166067, 41.14766400169464]}, "properties": {"objectid": 48700, "especie": "Phoenix canariensis", "esp_nomecomum": "Palmeira-das-Canárias", "arv_intervalo_idade": "81-100", "classif_tutela": "ICNF (Instituto da Conservação da Natureza e das Florestas)", "classif_tipo": "Conjunto arbóreo \r\n", "classif_dec_lei_ref": "D.R. nº 6 II Série de 10/01/2005", "classif_data": "2005-01-10"}}, {"type": "Feature", "id": 48701, "geometry": {"type": "Point", "coordinates": [-8.669995619167484, 41.14766046624482]}, "properties": {"objectid": 48701, "especie": "Phoenix canariensis", "esp_nomecomum": "Palmeira-das-Canárias", "arv_intervalo_idade": "81-100", "classif_tutela": "ICNF (Instituto da Conservação da Natureza e das Florestas)", "classif_tipo": "Conjunto arbóreo \r\n", "classif_dec_lei_ref": "D.R. nº 6 II Série de 10/01/2005", "classif_data": "2005-01-10"}}, {"type": "Feature", "id": 48702, "geometry": {"type": "Point", "coordinates": [-8.669761359169689, 41.147657582426895]}, "properties": {"objectid": 48702, "especie": "Phoenix canariensis", "esp_nomecomum": "Palmeira-das-Canárias", "arv_intervalo_idade": "81-100", "classif_tutela": "ICNF (Instituto da Conservação da Natureza e das Florestas)", "classif_tipo": "Conjunto arbóreo \r\n", "classif_dec_lei_ref": "D.R. nº 6 II Série de 10/01/2005", "classif_data": "2005-01-10"}}, {"type": "Feature", "id": 48703, "geometry": {"type": "Point", "coordinates": [-8.669861365317113, 41.14765711557692]}, "properties": {"objectid": 48703, "especie": "Phoenix canariensis", "esp_nomecomum": "Palmeira-das-Canárias", "arv_intervalo_idade": "81-100", "classif_tutela": "ICNF (Instituto da Conservação da Natureza e das Florestas)", "classif_tipo": "Conjunto arbóreo \r\n", "classif_dec_lei_ref": "D.R. nº 6 II Série de 10/01/2005", "classif_data": "2005-01-10"}}, {"type": "Feature", "id": 48706, "geometry": {"type": "Point", "coordinates": [-8.669525085177211, 41.14773030533694]}, "properties": {"objectid": 48706, "especie": "Araucaria heterophylla", "esp_nomecomum": "Araucária-de-Norfolk", "arv_intervalo_idade": "81-100", "classif_tutela": "ICNF", "classif_tipo": "Conjunto arbóreo", "classif_dec_lei_ref": "D.R. nº 6 II Série de 10/01/2005", "classif_data": "2005-01-10"}}, {"type": "Feature", "id": 48726, "geometry": {"type": "Point", "coordinates": [-8.669031393984769, 41.147639505480996]}, "properties": {"objectid": 48726, "especie": "Phoenix canariensis", "esp_nomecomum": "Palmeira-das-Canárias", "arv_intervalo_idade": "81-100", "classif_tutela": "ICNF (Instituto da Conservação da Natureza e das Florestas)", "classif_tipo": "Conjunto arbóreo \r\n", "classif_dec_lei_ref": "D.R. nº 6 II Série de 10/01/2005", "classif_data": "2005-01-10"}}, {"type": "Feature", "id": 48727, "geometry": {"type": "Point", "coordinates": [-8.668923952094623, 41.1476320490532]}, "properties": {"objectid": 48727, "especie": "Phoenix canariensis", "esp_nomecomum": "Palmeira-das-Canárias", "arv_intervalo_idade": "81-100", "classif_tutela": "ICNF (Instituto da Conservação da Natureza e das Florestas)", "classif_tipo": "Conjunto arbóreo \r\n", "classif_dec_lei_ref": "D.R. nº 6 II Série de 10/01/2005", "classif_data": "2005-01-10"}}, {"type": "Feature", "id": 49357, "geometry": {"type": "Point", "coordinates": [-8.622781769799925, 41.15587302044957]}, "properties": {"objectid": 49357, "especie": "Liriodendron tulipifera", "esp_nomecomum": "Tulipeiro-da-Virgínia", "arv_intervalo_idade": "81-100", "classif_tutela": "Instituto da Conservação da Natureza e das Florestas (ICNF)", "classif_tipo": "Conjunto arbóreo (4 exemplares)", "classif_dec_lei_ref": "D.R. n.º6 II Série de 10/01/2005", "classif_data": "2005-01-10"}}, {"type": "Feature", "id": 49362, "geometry": {"type": "Point", "coordinates": [-8.623647882218748, 41.15575899511791]}, "properties": {"objectid": 49362, "especie": "Liriodendron tulipifera", "esp_nomecomum": "Tulipeiro-da-Virgínia", "arv_intervalo_idade": "81-100", "classif_tutela": "ICNF (Instituto da Conservação da Natureza e das Florestas)", "classif_tipo": "Conjunto arbóreo (4 exemplares)", "classif_dec_lei_ref": "D.R. nº 6 II Série de 10/01/2005", "classif_data": "2005-01-10"}}, {"type": "Feature", "id": 49363, "geometry": {"type": "Point", "coordinates": [-8.623570684046923, 41.1558683187633]}, "properties": {"objectid": 49363, "especie": "Liriodendron tulipifera", "esp_nomecomum": "Tulipeiro-da-Virgínia", "arv_intervalo_idade": "81-100", "classif_tutela": "ICNF (Instituto da Conservação da Natureza e das Florestas)", "classif_tipo": "Conjunto arbóreo (4 exemplares)", "classif_dec_lei_ref": "D.R. nº 6 II Série de 10/01/2005", "classif_data": "2005-01-10"}}, {"type": "Feature", "id": 49720, "geometry": {"type": "Point", "coordinates": [-8.623169916382226, 41.15603040722494]}, "properties": {"objectid": 49720, "especie": "Liriodendron tulipifera", "esp_nomecomum": "Tulipeiro-da-Virgínia", "arv_intervalo_idade": "81-100", "classif_tutela": "ICNF (Instituto da Conservação da Natureza e das Florestas)", "classif_tipo": "Conjunto arbóreo (4 exemplares)", "classif_dec_lei_ref": "D.R. nº 6 II Série de 2005-01-10", "classif_data": "2005-01-10"}}, {"type": "Feature", "id": 61286, "geometry": {"type": "Point", "coordinates": [-8.68738592365507, 41.16504659764781]}, "properties": {"objectid": 61286, "especie": "Metrosideros excelsa", "esp_nomecomum": "Árvore-do-Fogo", "arv_intervalo_idade": "81-100", "classif_tutela": "ICNF", "classif_tipo": "Conjunto arbóreo", "classif_dec_lei_ref": " D.R. nº 6 II Série de 10/01/2005", "classif_data": "2005-01-10"}}, {"type": "Feature", "id": 61301, "geometry": {"type": "Point", "coordinates": [-8.68541286965587, 41.161130913476796]}, "properties": {"objectid": 61301, "especie": "Metrosideros excelsa", "esp_nomecomum": "Árvore-do-Fogo", "arv_intervalo_idade": "51-60", "classif_tutela": "ICNF", "classif_tipo": "Conjunto arbóreo \r\n\r\n\r\n", "classif_dec_lei_ref": "D.R. nº 6 II Série de 10/01/2005", "classif_data": "2005-01-10"}}]}