Country,City,UpdateTimeUTC,JamsDelay,TrafficIndexLive,JamsLengthInKms,JamsCount,TrafficIndexWeekAgo,UpdateTimeUTCWeekAgo,TravelTimeLivePer10KmsMins,TravelTimeHistoricPer10KmsMins,MinsDelay
PRT,porto,01:30.0,3.3,0,0.2,1,0,01:30.0,11.24699163758936,11.350380364362442,-0.103388727
PRT,porto,01:30.0,2.1,0,0.3,1,0,01:30.0,12.696846362009657,12.843258168271836,-0.146411806
PRT,porto,01:30.0,0.8,0,0.3,1,0,01:30.0,12.290347389945282,12.54280101669038,-0.252453627
PRT,porto,01:30.0,0,0,0,0,0,01:30.0,12.030915561810954,12.310502513657937,-0.279586952
PRT,porto,01:30.0,0,0,0,0,0,01:30.0,11.570906670048696,11.900760102199751,-0.329853432
PRT,porto,01:30.0,8,0,0.2,2,1,01:30.0,11.914238054864413,12.34352982771867,-0.429291773
PRT,porto,01:30.0,7.8,0,0.8,4,2,16:30.0,12.105618277823506,12.565184424660858,-0.459566147
PRT,porto,01:30.0,0,2,0,0,2,01:30.0,12.61965923652726,13.203412721967322,-0.583753485
PRT,porto,01:30.0,3.6,8,0.3,2,10,01:30.0,12.881119640972305,13.37774818342704,-0.496628542
PRT,porto,01:30.0,25.5,16,7.3,9,14,01:30.0,13.35828989596549,13.34825876036473,0.010031136
PRT,porto,01:30.0,92.5,21,19.4,26,16,31:30.0,13.67661307523672,13.33707347026323,0.339539605
PRT,porto,01:30.0,131.3,21,24.1,29,12,46:30.0,13.87227886051093,13.708356706052442,0.1639221544584881
PRT,porto,16:30.0,166.5,23,30.3,40,12,01:30.0,14.077834782888775,13.681139777693543,0.396695005
PRT,porto,46:30.0,143.6,19,29.5,39,12,16:30.0,13.54127117398142,13.273723623943166,0.2675475500382536
PRT,porto,01:30.0,40.6,10,6.8,12,12,16:30.0,12.797852169765877,12.948902980856264,-0.151050811
PRT,porto,46:30.0,20.7,8,2.8,8,8,46:30.0,12.64029820456166,12.878184251855943,-0.237886047
PRT,porto,01:30.0,24.9,11,5.3,10,9,01:30.0,12.858175717801966,12.987172198068526,-0.12899648
PRT,porto,31:30.0,19.9,11,2.4,7,13,01:30.0,12.86403445456368,13.134463979391096,-0.270429525
PRT,porto,46:30.0,4.7,9,2.2,2,12,46:30.0,12.72402752851531,13.11970440151091,-0.395676873
PRT,porto,46:30.0,3.4,4,0.2,1,4,46:30.0,11.976237690842265,12.390392165914689,-0.414154475
PRT,porto,01:30.0,2.3,0,0.2,1,4,46:30.0,11.457270642074135,11.799393967928273,-0.342123326
PRT,porto,01:30.0,0,0,0,0,0,01:30.0,10.502973781882677,10.805838920693736,-0.302865139
PRT,porto,01:30.0,4.8,0,0.5,2,0,01:30.0,10.63875291019176,10.744281302369451,-0.105528392
PRT,porto,01:30.0,5.7,0,0.6,2,0,01:30.0,11.477857817348491,11.322984162798235,0.1548736545502578
PRT,porto,01:30.0,4.4,0,0.4,2,0,01:30.0,11.57507995,11.615115794488307,-0.040035844
PRT,porto,01:30.0,4.9,0,3.1,3,0,01:30.0,11.984492452313496,11.95921174796754,0.025280704
PRT,porto,01:30.0,3.2,0,0.3,1,0,01:30.0,12.552435008005355,12.562937387371043,-0.010502379
PRT,porto,01:30.0,1.1,0,0.1,1,0,01:30.0,12.394007307622148,12.456285131740438,-0.062277824
PRT,porto,01:30.0,1.4,0,0.1,1,0,01:30.0,12.400811197912216,12.49193917460904,-0.091127977
PRT,porto,01:30.0,2.3,0,0.4,1,0,01:30.0,12.502692706225766,12.54003778048572,-0.037345074
PRT,porto,01:30.0,1,2,0.4,1,2,01:30.0,12.57702147,12.92902754499613,-0.352006073
PRT,porto,16:30.0,3.7,4,0.2,3,4,01:30.0,13.067627947243215,13.515400776035056,-0.447772829
PRT,porto,01:30.0,4.1,4,0.7,2,5,16:30.0,13.690831984159004,14.521256991855676,-0.830425008
PRT,porto,01:30.0,6.5,8,0.6,2,6,01:30.0,13.880888546779929,14.705083416043175,-0.824194869
PRT,porto,01:30.0,39.7,18,7.4,15,12,01:30.0,14.14466726678254,14.299540774449868,-0.154873508
PRT,porto,01:30.0,34.8,21,7.1,13,16,01:30.0,14.155816982158775,14.233851419882072,-0.078034438
PRT,porto,01:30.0,50.6,25,10.4,17,28,01:30.0,14.611997133475462,14.411793137349632,0.2002039961258308
PRT,porto,01:30.0,105.7,23,16.5,40,35,01:30.0,14.478622753156811,14.688833029046185,-0.210210276
PRT,porto,31:30.0,88.3,23,15.6,30,36,31:30.0,14.556089047319006,14.72378779609697,-0.167698749
PRT,porto,46:30.0,106.2,20,17.2,40,26,46:30.0,14.233347102231054,14.45461649,-0.221269383
PRT,porto,46:30.0,39.8,14,6.9,18,16,46:30.0,13.52652501,13.648079303593244,-0.121554298
PRT,porto,01:30.0,60.2,22,14.1,21,16,01:30.0,14.56972912671141,14.187665715851326,0.3820634108600842
PRT,porto,31:30.0,91.1,25,18.8,32,17,16:30.0,14.795581608889677,14.474128185894193,0.3214534229954857
PRT,porto,46:30.0,72.8,21,16,24,15,46:30.0,14.434131129824417,14.517448036293178,-0.083316906
PRT,porto,46:30.0,42.6,14,9.3,19,9,46:30.0,13.228632797352466,13.498938436886714,-0.27030564
PRT,porto,46:30.0,2.3,6,0.6,2,2,46:30.0,12.135007513577117,12.35685031,-0.2218428
PRT,porto,46:30.0,2.1,1,0.2,1,0,01:30.0,11.239065029054618,11.226590783961372,0.012474245
PRT,porto,01:30.0,2.9,0,0.2,1,0,01:30.0,11.673813350482511,11.416749171423028,0.2570641790594834
PRT,porto,01:30.0,0,0,0,0,0,01:30.0,12.176698267518638,11.875465631150185,0.3012326363684536
PRT,porto,01:30.0,7,0,0.4,2,0,01:30.0,12.012421873532212,11.757042326986165,0.2553795465460506
PRT,porto,01:30.0,0,0,0,0,0,01:30.0,12.52346544902857,12.27853525728326,0.2449301917453095
PRT,porto,01:30.0,0,0,0,0,0,01:30.0,13.02586474,12.778343373807026,0.2475213645406739
PRT,porto,01:30.0,0.5,0,2.5,1,0,01:30.0,12.86522785561374,12.695543012345906,0.1696848432678326
PRT,porto,01:30.0,5.9,2,0.4,3,0,01:30.0,12.909205395079582,12.59389950301827,0.3153058920613123
PRT,porto,01:30.0,15.4,5,0.6,5,0,01:30.0,13.073253926511343,12.98791649,0.085337436
PRT,porto,16:30.0,4.7,8,0.2,1,2,01:30.0,13.489042613015595,13.384749022871084,0.1042935901445112
PRT,porto,01:30.0,13.8,9,1,6,3,01:30.0,13.87012153,13.989326516058306,-0.119204986
PRT,porto,01:30.0,38.1,22,3.9,13,10,01:30.0,15.304863084172906,14.743743818367216,0.561119266
PRT,porto,01:30.0,170.4,40,36.1,55,18,01:30.0,17.012543168669794,15.922224767086329,1.090318401583465
PRT,porto,01:30.0,590.4,73,98.3,153,40,01:30.0,20.75199714036688,17.960310429000614,2.791686711366268
PRT,porto,31:30.0,1027.7,79,152.4,267,51,01:30.0,21.502558078049702,18.75139305263208,2.7511650254176274
PRT,porto,46:30.0,916.6,76,137.3,258,48,46:30.0,20.894396364969985,18.63909923225988,2.255297132710112
PRT,porto,46:30.0,351.3,46,63.8,106,35,31:30.0,17.261620707138896,16.865375184510654,0.3962455226282415
PRT,porto,01:30.0,174.8,37,33.9,60,31,31:30.0,16.44248278268729,15.430004251631624,1.012478531055665
PRT,porto,46:30.0,154.7,36,30.5,55,25,46:30.0,16.357049693333245,15.26261061506846,1.0944390782647844
PRT,porto,46:30.0,186.9,32,33.7,54,17,01:30.0,16.258585501664125,14.981589312325124,1.276996189
PRT,porto,01:30.0,109.1,29,20.2,35,17,01:30.0,15.582333726855149,14.824073202907698,0.7582605239474507
PRT,porto,16:30.0,132.2,29,18.7,44,20,01:30.0,15.316800455511531,14.790720889956184,0.5260795655553494
PRT,porto,01:30.0,120.4,30,17.9,39,20,46:30.0,15.470675514023846,14.816833823250011,0.6538416907738345
PRT,porto,01:30.0,152.7,47,39.1,44,17,46:30.0,17.227857585299432,14.750920167438068,2.476937417861365
PRT,porto,01:30.0,600.6,64,105.2,162,12,46:30.0,19.338640575288466,15.74244651670028,3.596194058588182
PRT,porto,46:30.0,594.9,62,107.2,163,9,46:30.0,19.13682532519398,15.912115490056578,3.224709835
PRT,porto,46:30.0,222.1,28,60.9,54,4,46:30.0,13.831247113851484,12.574191816422582,1.2570552974289022
PRT,porto,01:30.0,0,0,0,0,0,01:30.0,10.794661059526184,10.770341237621157,0.024319822
PRT,porto,01:30.0,2.9,0,0.1,1,0,01:30.0,11.200542311085773,11.27559636452706,-0.075054053
PRT,porto,01:30.0,0,0,0,0,0,01:30.0,11.784239447697558,11.736596334454676,0.047643113
PRT,porto,01:30.0,0,0,0,0,0,01:30.0,13.88325951,13.650284566192504,0.2329749487731955
PRT,porto,01:30.0,0,0,0,0,0,01:30.0,12.707221383301414,12.670658013360867,0.03656337
PRT,porto,01:30.0,0,0,0,0,0,01:30.0,12.56994712416958,12.45162146581195,0.1183256583576284
PRT,porto,01:30.0,0,0,0,0,0,01:30.0,12.351600256813873,12.427581789618332,-0.075981533
PRT,porto,01:30.0,0,2,0,0,0,01:30.0,12.860562828309636,13.04356444,-0.183001614
PRT,porto,01:30.0,1.5,6,0.2,1,0,01:30.0,13.475210249289017,13.521256037080413,-0.046045788
PRT,porto,01:30.0,10.9,11,0.9,5,3,01:30.0,14.021385070771114,14.035703344680435,-0.014318274
PRT,porto,01:30.0,98.7,28,8.8,29,12,01:30.0,15.499174588903102,15.541740394435774,-0.042565806
PRT,porto,01:30.0,624.8,70,98.7,157,34,01:30.0,20.35733045701011,18.606405126485534,1.750925330524577
PRT,porto,31:30.0,1166,81,159.8,270,43,01:30.0,21.66253189526879,19.496231816139616,2.166300079129172
PRT,porto,46:30.0,863.8,67,128.2,223,41,46:30.0,19.91483300547896,18.877168808405475,1.0376641970734823
PRT,porto,46:30.0,224.5,34,35.3,74,34,01:30.0,15.93570098,16.502622601158134,-0.566921619
PRT,porto,46:30.0,115.7,28,16.2,40,34,46:30.0,15.27352968422325,15.647718037612194,-0.374188353
PRT,porto,46:30.0,81.3,25,12.1,30,21,46:30.0,14.921243005928895,15.105486064760088,-0.184243059
PRT,porto,46:30.0,52.4,20,8.3,23,13,01:30.0,14.524651026471034,14.627885178145071,-0.103234152
PRT,porto,01:30.0,78.2,23,7.2,16,16,01:30.0,14.64627042,14.658168251801207,-0.011897833
PRT,porto,01:30.0,136.9,25,15.6,43,15,31:30.0,14.931616160090387,15.146090608257762,-0.214474448
PRT,porto,01:30.0,111.1,33,18.9,36,11,31:30.0,15.59144947398532,15.628024138217532,-0.036574664
PRT,porto,01:30.0,490.6,57,88.2,147,8,46:30.0,18.23657684894718,16.787826526853163,1.4487503220940177
PRT,porto,46:30.0,541.7,58,91.5,150,7,46:30.0,18.43588123378369,16.942036084801384,1.4938451489823024
PRT,porto,46:30.0,192.3,27,55.1,54,3,46:30.0,13.63958282703604,13.04091206,0.5986707658798416
PRT,porto,01:30.0,0,0,0,0,0,01:30.0,10.377923231346342,10.339107764895331,0.038815466
PRT,porto,01:30.0,0,0,0,0,0,01:30.0,10.691018138563082,10.55813707270055,0.1328810658625325
PRT,porto,01:30.0,0.5,0,2.2,1,0,01:30.0,11.57854188871581,11.471708952337885,0.1068329363779252
PRT,porto,01:30.0,0,0,0,0,0,01:30.0,13.182530834507924,12.864091991689712,0.3184388428182121
PRT,porto,01:30.0,0.7,0,2.7,1,0,01:30.0,12.811598867746746,12.656319806758583,0.1552790609881604
PRT,porto,01:30.0,2.8,0,0.1,1,0,01:30.0,12.619211031327104,12.450417883724407,0.1687931476026953
PRT,porto,01:30.0,0,0,0,0,0,01:30.0,12.11537431616966,12.196117038217846,-0.080742722
PRT,porto,01:30.0,0,1,0,0,0,01:30.0,12.745251342076472,12.912833989448147,-0.167582647
PRT,porto,01:30.0,3,7,0.2,2,0,01:30.0,13.60447319446431,13.40624598,0.198227217
PRT,porto,31:30.0,1.5,9,0.1,1,0,01:30.0,13.904222767956194,13.70146403676548,0.2027587311907126
PRT,porto,01:30.0,18.3,21,1.7,7,1,01:30.0,14.64839347310277,15.41241612182483,-0.764022649
PRT,porto,01:30.0,452.6,60,73.1,123,8,01:30.0,19.20748139,18.642249744373544,0.5652316411666582
PRT,porto,31:30.0,1055.9,70,138.7,262,14,01:30.0,20.159368793400205,19.37174846983814,0.7876203235620665
PRT,porto,46:30.0,868.5,62,118.9,229,15,16:30.0,19.16312539084814,18.67798974353692,0.4851356473112211
PRT,porto,46:30.0,389.9,37,41.4,101,14,46:30.0,16.25359131753899,16.294152460485996,-0.040561143
PRT,porto,31:30.0,112.6,27,16.2,33,9,46:30.0,15.291936043142748,15.608525615743943,-0.316589573
PRT,porto,31:30.0,140.9,27,18.1,34,2,46:30.0,15.451816302870832,15.08828838706833,0.3635279158025017
PRT,porto,46:30.0,159.8,22,17.6,40,4,01:30.0,14.921834583833787,14.67567217,0.2461624148144903
PRT,porto,01:30.0,115.9,21,11.1,28,5,31:30.0,14.733359961385052,14.879144577828567,-0.145784616
PRT,porto,01:30.0,236.2,33,22.1,51,2,46:30.0,15.850087288258123,14.854647148950988,0.9954401393071368
PRT,porto,01:30.0,478.8,65,87.8,108,0,01:30.0,19.92328451,15.751507460749966,4.171777047000333
PRT,porto,01:30.0,1785.6,103,214.7,381,0,01:30.0,24.34278093276152,16.92820645518593,7.414574477575584
PRT,porto,46:30.0,1861.4,100,217.6,373,0,01:30.0,24.02227507198551,17.05965389387051,6.9626211781150005
PRT,porto,46:30.0,340.3,39,86.4,67,0,01:30.0,15.172417867404578,13.078833465881116,2.093584401523461
PRT,porto,01:30.0,0,0,0,0,0,01:30.0,10.497118787242442,10.390565725239556,0.1065530620028862
PRT,porto,01:30.0,0,0,0,0,0,01:30.0,10.36363858,10.24452818073671,0.1191103980832899
PRT,porto,01:30.0,0,0,0,0,0,01:30.0,11.970281890729597,11.746283650706014,0.2239982400235831
PRT,porto,01:30.0,0.5,0,2.1,1,4,01:30.0,13.222509506969406,12.78254207845982,0.4399674285095862
PRT,porto,01:30.0,0,0,0,0,8,01:30.0,12.493909208632664,12.293539716350708,0.2003694922819576
PRT,porto,01:30.0,0,0,0,0,12,01:30.0,12.589175003071636,12.226807802534076,0.3623672005375589
PRT,porto,01:30.0,1.5,0,0.4,1,11,01:30.0,12.04731648,12.019853449365572,0.027463033
PRT,porto,01:30.0,7.1,1,0.2,2,15,46:30.0,12.676694701413316,12.735233192498734,-0.058538491
PRT,porto,01:30.0,5.3,1,0.5,1,5,46:30.0,12.963023617162804,13.334883334521727,-0.371859717
PRT,porto,01:30.0,7.7,6,0.5,3,2,01:30.0,13.436190069199837,13.78276057942141,-0.34657051
PRT,porto,01:30.0,31.1,25,5.9,10,7,01:30.0,15.181146104101463,14.894819466900769,0.2863266372006965
PRT,porto,01:30.0,663.1,76,109.1,179,13,01:30.0,21.12496453,18.002236094977356,3.122728434573545
PRT,porto,31:30.0,1337.8,88,195.8,337,19,01:30.0,22.352834244233225,18.82016292,3.5326713209346288
PRT,porto,46:30.0,1076.5,74,155.2,289,23,01:30.0,20.903378370584488,18.282605213745672,2.6207731568388155
PRT,porto,46:30.0,302.8,39,52.1,99,25,16:30.0,16.582627062656695,16.061446698415654,0.5211803642410402
PRT,porto,31:30.0,100.9,30,18,36,23,46:30.0,15.509155932342864,15.331876365451835,0.1772795668910287
PRT,porto,46:30.0,142.1,29,24.8,46,15,46:30.0,15.599318714653698,15.05587001879881,0.5434486958548881
PRT,porto,46:30.0,59.2,20,7.3,23,20,01:30.0,14.594104585855776,14.54119227919408,0.052912307
PRT,porto,01:30.0,41,18,8.5,17,20,01:30.0,14.30438733133013,14.405053570433362,-0.100666239
PRT,porto,01:30.0,61,20,8.6,21,22,16:30.0,14.437685231448487,14.680804395625096,-0.243119164
PRT,porto,01:30.0,104.8,24,16.3,37,21,46:30.0,14.765817225178951,14.96526058062531,-0.199443355
PRT,porto,01:30.0,103.4,33,21.8,33,13,46:30.0,15.483369565061274,15.561421569432053,-0.078052004
PRT,porto,01:30.0,520.7,61,90.6,145,6,46:30.0,18.755297653759627,16.937501009562588,1.8177966441970383
PRT,porto,46:30.0,629.5,62,110.8,176,1,31:30.0,18.82717722636724,17.12507194172829,1.7021052846389502
PRT,porto,46:30.0,208.6,27,56.1,60,0,01:30.0,13.715024251605874,13.18261856277237,0.5324056888335029
PRT,porto,01:30.0,1.2,0,0.1,1,0,01:30.0,10.63452335139257,10.535795338289564,0.098728013
PRT,porto,01:30.0,8.9,0,0.7,2,0,01:30.0,10.654083167164766,10.434722110709904,0.2193610564548613
PRT,porto,01:30.0,7,0,0.2,1,0,01:30.0,11.788644840564857,11.562299606439709,0.2263452341251479
PRT,porto,01:30.0,3.7,0,4.8,2,0,01:30.0,12.988638281851072,12.829943038597328,0.158695243
PRT,porto,01:30.0,0,0,0,0,0,01:30.0,12.69285857711652,12.522283010950758,0.1705755661657608
PRT,porto,01:30.0,0.8,0,1.4,1,0,01:30.0,12.35013481,12.26817883334299,0.081955978
PRT,porto,01:30.0,13.2,0,0.4,3,0,01:30.0,11.788487229473452,11.807492433345752,-0.019005204
PRT,porto,01:30.0,0,0,0,0,1,16:30.0,12.55390369460282,12.703338471633952,-0.149434777
PRT,porto,01:30.0,0.7,1,0.2,1,3,01:30.0,12.814520091757672,13.039182350974812,-0.224662259
PRT,porto,01:30.0,12.8,14,4.5,4,7,01:30.0,14.29612326272222,13.40783482,0.8882884417479175
PRT,porto,01:30.0,219,42,28.6,45,24,01:30.0,17.56105470641813,14.570332613993248,2.990722092424882
PRT,porto,01:30.0,921.8,80,111.9,202,50,01:30.0,21.57039461668246,17.028594422698024,4.541800193984436
PRT,porto,46:30.0,1169.7,84,150,255,61,01:30.0,21.98741006959937,17.661220990628536,4.326189078970835
PRT,porto,46:30.0,848,62,131.3,245,60,46:30.0,19.26950125610334,17.82699794920355,1.4425033068997877
PRT,porto,46:30.0,188.7,33,34.7,71,50,46:30.0,15.65639780808987,15.583410684155009,0.072987124
PRT,porto,46:30.0,96.7,27,16.4,39,45,46:30.0,15.015487518156911,14.984551618369943,0.0309359
PRT,porto,46:30.0,74.9,24,15.8,29,29,46:30.0,14.766363861021537,14.67378884984448,0.092575011
PRT,porto,46:30.0,36.9,17,4.9,17,23,01:30.0,14.030698821217683,14.149213184001976,-0.118514363
PRT,porto,01:30.0,18.4,16,4.1,9,23,01:30.0,13.955637241445736,14.09503764,-0.139400402
PRT,porto,01:30.0,72.1,18,6.9,22,26,01:30.0,14.076427647628764,14.159522807780164,-0.08309516
PRT,porto,01:30.0,59.8,19,5.4,17,26,46:30.0,13.95822578906294,14.14565991269614,-0.187434124
PRT,porto,01:30.0,94.6,28,17.3,38,18,46:30.0,15.029206543524223,14.830266906786523,0.1989396367376983
PRT,porto,01:30.0,495.9,61,93.1,143,11,46:30.0,18.527749740821267,16.03574217425994,2.492007566561327
PRT,porto,46:30.0,556.7,63,97.9,154,7,46:30.0,18.72055535,16.19238053,2.528174822945598
PRT,porto,46:30.0,232.4,33,64.7,61,2,46:30.0,14.283909088204071,12.80449774429962,1.4794113439044525
PRT,porto,01:30.0,0,0,0,0,0,01:30.0,10.356232340913166,10.224395651880274,0.1318366890328928
PRT,porto,01:30.0,6.3,0,0.4,1,0,01:30.0,10.349132162606368,10.080314715645336,0.2688174469610302
PRT,porto,01:30.0,3,0,3,2,0,01:30.0,11.70458928,11.554384788244343,0.1502044880423572
PRT,porto,01:30.0,1.2,0,3.5,1,0,01:30.0,13.059718928506804,12.823667225495049,0.236051703
PRT,porto,01:30.0,0.7,0,2.3,1,0,01:30.0,12.32214041864146,12.24868197779754,0.073458441
PRT,porto,01:30.0,11.4,0,0.5,3,0,01:30.0,11.714929962026584,11.610423473542902,0.1045064884836826
PRT,porto,01:30.0,7.8,0,0.5,2,0,01:30.0,11.754840011753627,11.815849290805255,-0.061009279
PRT,porto,01:30.0,1.3,1,0.1,1,0,01:30.0,12.700238078375287,12.65789975287699,0.042338325
PRT,porto,16:30.0,0,2,0,0,0,01:30.0,12.77181066774991,12.92147961372943,-0.149668946
PRT,porto,01:30.0,0,0,0,0,0,01:30.0,12.53060779618917,12.968354330567765,-0.437746534
PRT,porto,01:30.0,13,2,0.5,3,4,01:30.0,12.658351774811289,13.135176791146808,-0.476825016
PRT,porto,01:30.0,65.3,10,4.9,13,19,01:30.0,13.269542344848473,13.457847791008044,-0.188305446
PRT,porto,01:30.0,82.9,14,9.9,18,31,01:30.0,13.318872209548502,13.535597143098787,-0.216724934
PRT,porto,31:30.0,71,16,9.4,17,42,01:30.0,13.355839688966212,13.57165612525442,-0.215816436
PRT,porto,46:30.0,32.1,12,6.6,9,43,46:30.0,12.92358596075274,13.719113057081842,-0.795527096
PRT,porto,01:30.0,27.9,12,5.5,12,36,46:30.0,12.98562563218217,13.644574094202106,-0.658948462
PRT,porto,16:30.0,22,12,3.6,11,27,46:30.0,13.016133584598936,13.00986760522686,0.006265979
PRT,porto,46:30.0,29.8,8,4.5,7,11,46:30.0,12.804552278955066,12.917234490608484,-0.112682212
PRT,porto,01:30.0,22.7,9,2.1,6,16,16:30.0,12.582872750518227,12.96499889291858,-0.382126142
PRT,porto,01:30.0,6.7,13,1.4,3,14,31:30.0,13.277727866490029,13.26439964275022,0.013328224
PRT,porto,46:30.0,10.5,12,1,4,11,46:30.0,13.15806689202898,13.16504327105245,-0.006976379
PRT,porto,16:30.0,9.5,7,0.9,3,11,46:30.0,12.422696525963756,12.771516179251734,-0.348819653
PRT,porto,46:30.0,13.3,4,0.6,2,8,46:30.0,11.96764166571896,12.331138283355909,-0.363496618
PRT,porto,01:30.0,6.8,0,0.5,3,0,01:30.0,11.26128271381546,11.167536926239352,0.093745788
PRT,porto,01:30.0,6.2,0,0.3,1,0,01:30.0,11.53691476723109,10.865140738948751,0.6717740282823392
PRT,porto,01:30.0,0,0,0,0,0,01:30.0,11.387304973382191,10.875926221247967,0.5113787521342257
PRT,porto,01:30.0,5.9,0,0.5,2,0,01:30.0,12.063907184281437,11.596053570888737,0.467853613
PRT,porto,01:30.0,5.6,0,0.3,1,0,01:30.0,12.020827602505758,11.713044473896838,0.3077831286089196
PRT,porto,01:30.0,3.3,0,3.4,3,0,01:30.0,12.796309365775564,12.335201635892126,0.4611077298834374
PRT,porto,01:30.0,14.3,0,0.3,2,0,01:30.0,12.978857040929585,12.688757569466407,0.2900994714631757
PRT,porto,01:30.0,0,0,0,0,0,01:30.0,12.503167022887796,12.560775312212115,-0.057608289
PRT,porto,01:30.0,5.6,0,0.2,1,0,01:30.0,12.300454403778245,12.553880739370848,-0.253426336
PRT,porto,01:30.0,1.1,2,0.2,1,6,01:30.0,12.469791769011188,12.89016588273454,-0.420374114
PRT,porto,01:30.0,2.7,4,0.2,1,15,16:30.0,12.895982299883649,13.3999722,-0.503989901
PRT,porto,16:30.0,1.3,5,0.1,1,7,46:30.0,13.435532163134065,13.937132692339038,-0.501600529
PRT,porto,01:30.0,5.5,6,0.3,2,11,01:30.0,13.551180032834424,14.537364824738177,-0.986184792
PRT,porto,01:30.0,21.7,12,6,9,29,01:30.0,13.488323208857931,14.408656506948542,-0.920333298
PRT,porto,01:30.0,15.9,16,4.2,8,36,31:30.0,13.750615257406276,14.443488112053265,-0.692872855
PRT,porto,01:30.0,72.4,28,16.5,22,40,01:30.0,15.09447563580898,14.475817380858572,0.6186582549504074
PRT,porto,01:30.0,156.8,35,27.5,42,39,46:30.0,15.90007861438689,14.579505395930475,1.3205732184564152
PRT,porto,31:30.0,221.7,36,35,51,36,31:30.0,15.925626821059115,14.514755292965791,1.4108715280933222
PRT,porto,46:30.0,131.5,26,24.9,37,33,46:30.0,14.959708848530068,14.470991576174349,0.4887172723557196
PRT,porto,46:30.0,46.3,16,9.7,19,19,46:30.0,13.751800735100389,13.739440626042809,0.012360109
PRT,porto,01:30.0,40.1,16,12.2,18,19,01:30.0,13.734001426139908,14.247824904942629,-0.513823479
PRT,porto,16:30.0,49.2,17,8.9,21,22,16:30.0,13.749428656565724,14.483336229335473,-0.733907573
PRT,porto,46:30.0,42.3,15,5.4,18,20,46:30.0,13.37999912416173,14.218832035169386,-0.838832911
PRT,porto,01:30.0,29.8,12,5.6,14,20,46:30.0,12.907310788626113,13.710449436277756,-0.803138648
PRT,porto,46:30.0,22.3,9,3.4,8,13,46:30.0,12.54286777434932,13.38309774538172,-0.840229971
PRT,porto,46:30.0,6,2,0.7,3,3,46:30.0,11.678291890723642,12.34757206553077,-0.669280175
PRT,porto,01:30.0,0,0,0,0,0,01:30.0,10.78656538991746,10.92645038223221,-0.139884992
PRT,porto,01:30.0,11,0,0.9,4,0,01:30.0,10.80157970756185,10.751588671290753,0.049991036
PRT,porto,01:30.0,0,0,0,0,0,01:30.0,11.207709538921272,11.28537563113412,-0.077666092
PRT,porto,01:30.0,5.8,0,0.3,1,0,01:30.0,11.426494319341357,11.519505192170566,-0.093010873
PRT,porto,01:30.0,0,0,0,0,0,01:30.0,12.12072954166415,12.26528265396748,-0.144553112
PRT,porto,01:30.0,0.6,0,2.1,1,0,01:30.0,12.670978537647626,12.888681619280431,-0.217703082
PRT,porto,01:30.0,0,0,0,0,0,01:30.0,12.657191720376264,12.85375200625589,-0.196560286
PRT,porto,01:30.0,2.9,0,0.5,2,0,01:30.0,12.401913925724813,12.617453027031232,-0.215539101
PRT,porto,01:30.0,10.3,0,1.8,4,3,01:30.0,12.410679630377883,12.908849330195055,-0.4981697
PRT,porto,01:30.0,16,2,0.7,6,5,16:30.0,13.05709849109066,13.669488663148869,-0.612390172
PRT,porto,01:30.0,11.7,3,2.7,5,8,01:30.0,13.206188516406788,14.086619750642429,-0.880431234
PRT,porto,01:30.0,26.8,10,3.2,5,12,01:30.0,13.959613059196368,14.83550098780495,-0.875887929
PRT,porto,01:30.0,37.5,18,4.7,10,25,01:30.0,14.258101550470922,16.083161461155285,-1.825059911
PRT,porto,01:30.0,91,40,29.9,34,44,01:30.0,16.37773228837967,18.20507269317205,-1.827340405
PRT,porto,01:30.0,308.3,51,66.2,99,58,01:30.0,17.69404490164719,19.37606633928134,-1.682021438
PRT,porto,46:30.0,323.4,48,70,102,58,31:30.0,17.305447660469873,19.01726500401375,-1.711817344
PRT,porto,31:30.0,364.2,45,69.9,116,58,31:30.0,16.90786889087456,18.430107415240165,-1.522238524
PRT,porto,31:30.0,143.1,35,30.2,55,53,46:30.0,15.780571435521944,16.509908892974337,-0.729337457
PRT,porto,31:30.0,137,31,27.4,52,48,46:30.0,15.465647485982188,15.660501855956117,-0.19485437
PRT,porto,46:30.0,86.4,25,21.3,32,31,46:30.0,14.89679115833678,15.134693681683435,-0.237902523
PRT,porto,01:30.0,31.7,17,8,14,24,01:30.0,13.955403346044484,14.55848127841996,-0.603077932
PRT,porto,01:30.0,43.5,20,10.4,22,28,16:30.0,14.23460781361739,14.79035105828311,-0.555743245
PRT,porto,46:30.0,46.8,20,10.8,21,26,46:30.0,14.149421019734444,14.72382872,-0.574407702
PRT,porto,46:30.0,46.6,17,6.4,16,20,46:30.0,13.514182617858296,14.43087594340694,-0.916693326
PRT,porto,46:30.0,30.2,12,3.5,10,11,46:30.0,12.85278717986701,14.85659292385257,-2.003805744
PRT,porto,16:30.0,51.3,11,3.5,14,11,46:30.0,12.409018572836208,15.13826160714141,-2.729243034
PRT,porto,46:30.0,10.7,9,5.6,8,6,46:30.0,11.891302169563286,15.201835814686184,-3.310533645
PRT,porto,46:30.0,19.7,4,4.1,6,3,46:30.0,10.73296006707255,12.225054992159317,-1.492094925
PRT,porto,01:30.0,0,0,0,0,0,01:30.0,10.315613680208855,10.499353230266935,-0.18373955
PRT,porto,01:30.0,2.9,0,0.3,1,0,01:30.0,10.426078607683896,10.540396962305056,-0.114318355
PRT,porto,01:30.0,1.3,0,0.1,1,0,01:30.0,11.564009316079552,11.665019052301568,-0.101009736
PRT,porto,01:30.0,0.9,0,2.1,1,0,01:30.0,12.639730549852038,12.750443247814427,-0.110712698
PRT,porto,01:30.0,0.6,0,1.6,1,0,01:30.0,12.322904708014734,12.517593059999436,-0.194688352
PRT,porto,01:30.0,2.8,0,0.1,1,0,01:30.0,12.173410093722683,12.381995998792885,-0.208585905
PRT,porto,01:30.0,0,0,0,0,0,01:30.0,11.939229806907765,12.389060339513204,-0.449830533
PRT,porto,01:30.0,0,0,0,0,1,16:30.0,12.38608352229144,12.992459896497028,-0.606376374
PRT,porto,01:30.0,6.3,0,0.6,2,1,01:30.0,12.534450038932938,13.23536477784398,-0.700914739
PRT,porto,01:30.0,5,3,0.6,3,5,01:30.0,12.993311644132234,14.082106191008538,-1.088794547
PRT,porto,01:30.0,11.3,12,1.1,5,13,01:30.0,13.475932709866465,15.526444528063678,-2.050511818
PRT,porto,01:30.0,80.2,34,22,31,33,01:30.0,15.678189546404887,18.62653067172308,-2.948341125
PRT,porto,01:30.0,284.3,43,53.5,88,46,01:30.0,16.52658309952554,19.10612416695762,-2.579541067
PRT,porto,46:30.0,233.7,41,47.4,69,45,31:30.0,16.351307916168537,18.67522231559171,-2.323914399
PRT,porto,01:30.0,179.3,32,31.1,60,45,31:30.0,15.389250942919723,16.455762153828527,-1.066511211
PRT,porto,01:30.0,175.9,34,29.2,56,41,16:30.0,15.681112066185449,15.347245796258868,0.3338662699265811
PRT,porto,46:30.0,193,34,36.2,65,38,46:30.0,15.651532153196628,15.20920434363368,0.4423278095629488
PRT,porto,46:30.0,92.4,21,22.1,34,22,46:30.0,14.228676073899445,14.695971391170849,-0.467295317
PRT,porto,01:30.0,16,13,1.8,6,16,01:30.0,13.40407939400196,14.160207659588016,-0.756128266
PRT,porto,01:30.0,45.5,16,7.4,21,17,01:30.0,13.261491958571492,14.046245427282226,-0.784753469
PRT,porto,31:30.0,35.9,15,6.6,14,16,31:30.0,13.203261198223482,14.277297406119438,-1.074036208
PRT,porto,31:30.0,19.3,11,2.8,6,12,46:30.0,12.622593625609106,14.617423594320416,-1.994829969
PRT,porto,46:30.0,17.6,8,1.2,5,7,46:30.0,12.222765648313295,15.543313630227455,-3.320547982
PRT,porto,01:30.0,9,7,2.2,4,7,46:30.0,11.670323907092667,16.330229049958675,-4.659905143
PRT,porto,46:30.0,27.5,7,3.6,9,6,46:30.0,11.407457685826015,16.316124440021326,-4.908666754
PRT,porto,46:30.0,17.7,3,2.7,5,1,46:30.0,10.757434691931634,12.801435867096284,-2.044001175
PRT,porto,01:30.0,0,0,0,0,0,01:30.0,10.0657027,10.300404612821508,-0.234701914
PRT,porto,01:30.0,7.3,0,0.3,1,0,01:30.0,9.683815761,9.884295694660231,-0.200479934
PRT,porto,01:30.0,3.6,0,0.4,1,0,01:30.0,10.462015701725331,10.663521376683905,-0.201505675
PRT,porto,01:30.0,0,0,0,0,0,01:30.0,12.003632866553035,12.08275084083543,-0.079117974
PRT,porto,01:30.0,6,0,0.5,2,0,01:30.0,12.416621791653712,12.505898178568271,-0.089276387
PRT,porto,01:30.0,0,0,0,0,0,01:30.0,11.80625975560979,12.092156898395505,-0.285897143
PRT,porto,01:30.0,2.7,0,0.1,1,0,01:30.0,11.69186249,12.23217903183311,-0.540316539
PRT,porto,01:30.0,7.7,0,0.4,3,0,01:30.0,12.150408890013743,12.773706246299527,-0.623297356
PRT,porto,01:30.0,4.3,0,2.4,4,0,01:30.0,12.186124516171477,13.020304461635172,-0.834179945
PRT,porto,01:30.0,11.2,0,0.5,2,0,01:30.0,12.237598983169022,13.313024773182711,-1.07542579
PRT,porto,01:30.0,3.6,1,0.3,2,2,01:30.0,12.219747371689682,13.554185357362226,-1.334437986
PRT,porto,01:30.0,20,8,2.5,5,6,01:30.0,12.601218803651289,13.617286723087702,-1.016067919
PRT,porto,01:30.0,57.2,14,6.9,11,7,01:30.0,13.043799378439124,13.722516713752274,-0.678717335
PRT,porto,16:30.0,142.8,15,18.7,28,6,46:30.0,13.188989864927564,13.834167689769147,-0.645177825
PRT,porto,46:30.0,150.3,14,20.2,25,3,31:30.0,12.960191198727324,13.804245827554698,-0.844054629
PRT,porto,46:30.0,84.3,9,11.5,14,0,01:30.0,12.598977611929072,13.70414500309452,-1.105167391
PRT,porto,46:30.0,15.5,2,2.7,5,0,01:30.0,12.122228308450913,13.068435233318066,-0.946206925
PRT,porto,01:30.0,13.7,4,1.4,4,3,01:30.0,11.835930298795468,12.71522141,-0.879291115
PRT,porto,31:30.0,15,5,1.3,5,3,46:30.0,11.977977342883932,12.935765035455129,-0.957787693
PRT,porto,46:30.0,3.6,2,0.2,1,0,01:30.0,11.629355663477591,12.799164584784542,-1.169808921
PRT,porto,01:30.0,0,0,0,0,0,01:30.0,11.219441924714516,12.14084254963086,-0.921400625
PRT,porto,01:30.0,0,0,0,0,0,01:30.0,11.18612621485896,11.583816993062218,-0.397690778
PRT,porto,01:30.0,0,0,0,0,0,01:30.0,11.470594694347284,11.460033633817051,0.010561061
PRT,porto,01:30.0,3.8,0,0.2,1,0,01:30.0,11.863640270645863,11.601105715996257,0.2625345546496103
PRT,porto,01:30.0,14.4,0,1.2,4,0,01:30.0,12.083038484592164,11.63959069586732,0.4434477887248444
PRT,porto,01:30.0,8.4,0,0.5,2,0,01:30.0,12.441734216842011,11.759356625672616,0.6823775911693968
PRT,porto,01:30.0,7.5,0,0.4,3,0,01:30.0,12.80738034562545,12.00580978906017,0.8015705565652809
PRT,porto,01:30.0,17.8,4,1.2,6,0,01:30.0,13.299582445717114,12.160981126319948,1.138601319397166
PRT,porto,01:30.0,17.1,8,1.2,7,0,01:30.0,12.898208649401733,11.640049111685665,1.2581595377160664
PRT,porto,01:30.0,65,12,5.2,19,0,01:30.0,13.50635084554584,12.01293675831294,1.4934140872329014
PRT,porto,01:30.0,29.2,11,2.5,10,0,01:30.0,15.018820731967322,13.381706903596717,1.637113828370607
PRT,porto,46:30.0,42.8,15,6.5,16,0,01:30.0,14.900210907474069,13.021206195979644,1.8790047114944244
PRT,porto,31:30.0,41.3,12,4.5,12,0,01:30.0,14.265569775419564,12.77818235391307,1.4873874215064935
PRT,porto,46:30.0,20,5,2.3,8,0,01:30.0,13.352732760236927,13.05984995593209,0.2928828043048384
PRT,porto,01:30.0,9.7,2,1,6,0,01:30.0,13.221110468711164,14.207452345347033,-0.986341877
PRT,porto,01:30.0,8.8,7,1,5,4,01:30.0,12.908211320123486,14.98364766450532,-2.075436344
PRT,porto,01:30.0,32.4,13,2.4,10,14,01:30.0,13.343036750632304,18.876697444426853,-5.533660694
PRT,porto,01:30.0,35.2,19,5,12,19,01:30.0,14.018414274631809,19.643210806732945,-5.624796532
PRT,porto,01:30.0,83,23,12.8,33,25,01:30.0,14.56248671820336,16.601941630877224,-2.039454913
PRT,porto,16:30.0,148.3,25,24.5,50,27,31:30.0,14.847542104503615,15.534444789920316,-0.686902685
PRT,porto,46:30.0,146.8,23,20.3,47,25,46:30.0,14.56630081754618,15.167398115996292,-0.601097298
PRT,porto,31:30.0,131.7,22,21,43,25,46:30.0,14.498669880157609,15.09654301233341,-0.597873132
PRT,porto,46:30.0,44,15,6.6,16,13,46:30.0,13.96556106759014,15.100520620374404,-1.134959553
PRT,porto,01:30.0,91.1,20,10.9,31,24,01:30.0,14.404039917044562,14.167732210837729,0.2363077062068335
PRT,porto,16:30.0,114.8,22,13.9,41,28,01:30.0,14.617576892456416,14.46646247078626,0.1511144216701545
PRT,porto,46:30.0,135,21,16.2,46,27,46:30.0,14.431098703322991,14.624889755635351,-0.193791052
PRT,porto,46:30.0,50.7,13,8.5,21,17,46:30.0,13.42162132890686,14.846829537468867,-1.425208209
PRT,porto,46:30.0,8.6,6,0.8,3,8,46:30.0,12.485563251992533,16.333087102253852,-3.84752385
PRT,porto,01:30.0,6.5,3,0.3,2,8,46:30.0,11.589900389820396,17.374810481694297,-5.784910092
PRT,porto,31:30.0,0,1,0,0,2,46:30.0,11.357930623473331,16.966121543048704,-5.60819092
PRT,porto,01:30.0,0,0,0,0,0,01:30.0,10.807203746492922,11.35169585393963,-0.544492107
PRT,porto,01:30.0,0,0,0,0,0,01:30.0,10.593912620498218,10.823615895068055,-0.229703275
PRT,porto,01:30.0,0,0,0,0,0,01:30.0,10.387271419728066,10.565537403653336,-0.178265984
PRT,porto,01:30.0,0,0,0,0,0,01:30.0,11.30198446830271,11.39358892069109,-0.091604452
PRT,porto,01:30.0,3.6,0,0.2,1,0,01:30.0,12.272382981226285,12.172121665668747,0.1002613155575371
PRT,porto,01:30.0,2.7,0,0.3,1,0,01:30.0,12.42855971964672,12.385409628034267,0.043150092
PRT,porto,01:30.0,0.9,0,2.9,1,0,01:30.0,12.16863361741214,12.016184243120016,0.1524493742921251
PRT,porto,01:30.0,12,0,0.6,4,0,01:30.0,12.066272185099692,11.805945522057431,0.2603266630422585
PRT,porto,16:30.0,4.9,1,0.6,2,2,01:30.0,12.400395090965883,12.302347503005665,0.098047588
PRT,porto,01:30.0,2.5,3,0.2,1,5,01:30.0,12.913349270993535,12.971478412541565,-0.058129142
PRT,porto,01:30.0,2.6,7,0.2,1,12,01:30.0,13.460242713909391,13.432532421754896,0.027710292
PRT,porto,01:30.0,47.2,24,10.8,19,32,01:30.0,14.864077665191823,14.20716648461119,0.6569111805806358
PRT,porto,01:30.0,245.7,50,44.9,77,60,01:30.0,17.83995578859897,17.222798420462805,0.6171573681361657
PRT,porto,01:30.0,472.8,61,86.3,146,85,01:30.0,18.748571854418618,17.951609696258252,0.7969621581603654
PRT,porto,46:30.0,543.4,60,89.6,155,88,31:30.0,18.671874649004888,17.567719659252102,1.1041549897527858
PRT,porto,01:30.0,428.4,53,71.6,125,88,31:30.0,17.675117835619794,15.51823687401614,2.1568809616036546
PRT,porto,46:30.0,407.9,50,60.3,111,81,46:30.0,17.48705933066764,15.19401808,2.293041253
PRT,porto,46:30.0,391.7,45,66.2,129,71,46:30.0,16.847251962721682,14.41707039229176,2.430181570429923
PRT,porto,46:30.0,188.2,29,33,61,49,46:30.0,15.238094520080088,14.409145400434154,0.8289491196459338
PRT,porto,01:30.0,67.5,23,12.9,28,57,01:30.0,14.421137422169142,13.56856368739228,0.8525737347768629
PRT,porto,01:30.0,102.6,26,19.5,35,55,46:30.0,14.548367887113232,13.617253907473694,0.9311139796395372
PRT,porto,46:30.0,115.9,26,21.1,38,53,46:30.0,14.518841917960843,13.707058805589917,0.8117831123709269
PRT,porto,46:30.0,51,18,10,18,43,46:30.0,13.59849663688429,13.926261500109105,-0.327764863
PRT,porto,46:30.0,24.2,11,4.3,9,20,46:30.0,12.714766302507098,14.893887329661258,-2.179121027
PRT,porto,01:30.0,10.3,8,1.2,4,20,46:30.0,11.921783597706462,16.10628837034166,-4.184504773
PRT,porto,46:30.0,9.1,7,2.1,5,10,46:30.0,11.562118800489856,16.109195654252883,-4.547076854
PRT,porto,46:30.0,16.9,2,2.8,6,3,46:30.0,11.005398912019851,13.064739058146008,-2.059340146
PRT,porto,01:30.0,0,0,0,0,0,01:30.0,10.25809479007568,10.39215776767991,-0.134062978
PRT,porto,01:30.0,0,0,0,0,0,01:30.0,10.366155747150746,10.49849040909698,-0.132334662
PRT,porto,01:30.0,0,0,0,0,0,01:30.0,11.021008363804242,11.102838858137437,-0.081830494
PRT,porto,01:30.0,0,0,0,0,0,01:30.0,12.340019312178876,12.418255655742126,-0.078236344
PRT,porto,01:30.0,4.4,0,0.2,1,0,01:30.0,12.560681691806437,12.65498056221162,-0.09429887
PRT,porto,01:30.0,0,0,0,0,0,01:30.0,11.871095261647037,12.003683668007069,-0.132588406
PRT,porto,01:30.0,3.5,0,0.1,1,0,01:30.0,11.861622045899988,11.955040261896151,-0.093418216
PRT,porto,01:30.0,3.7,0,0.2,2,0,01:30.0,12.22741021,12.464988082887336,-0.237577871
PRT,porto,01:30.0,6.9,0,0.4,3,2,01:30.0,12.681944410348226,13.10207467693746,-0.420130267
PRT,porto,01:30.0,7.9,4,0.7,5,7,01:30.0,12.878167350437293,13.170836754099142,-0.292669404
PRT,porto,01:30.0,72.2,19,8.3,21,25,01:30.0,14.049742788060112,13.209962785729507,0.8397800023306043
PRT,porto,01:30.0,219.5,31,22,51,31,01:30.0,14.885668843574688,13.105484393230844,1.7801844503438442
PRT,porto,01:30.0,366.9,42,43.1,82,32,01:30.0,16.007996444812996,13.24993672633916,2.758059718473836
PRT,porto,46:30.0,438.5,43,50.4,88,34,46:30.0,16.190736928517953,13.30078088,2.8899560485487523
PRT,porto,46:30.0,347.8,36,51.8,92,31,46:30.0,15.38923656512434,13.423936139869264,1.9653004252550748
PRT,porto,46:30.0,216.6,27,42.7,53,24,46:30.0,14.40902628,13.182095517778349,1.226930763035652
PRT,porto,46:30.0,42.3,11,5.9,12,10,46:30.0,12.998106195368324,12.849208016165942,0.1488981792023818
PRT,porto,16:30.0,77.9,16,11.2,23,19,01:30.0,13.474523027931598,12.920276687936536,0.5542463399950623
PRT,porto,31:30.0,44.4,14,9.2,15,21,46:30.0,13.085444111724856,13.035663940917852,0.049780171
PRT,porto,46:30.0,23.9,11,3.3,8,14,46:30.0,12.72873237264411,12.85103113,-0.122298762
PRT,porto,46:30.0,21,8,5.6,10,7,46:30.0,12.183362779725446,12.060690027649343,0.1226727520761006
PRT,porto,01:30.0,8.5,0,0.7,4,0,01:30.0,11.04345376468506,11.227377089480894,-0.183923325
PRT,porto,01:30.0,3.8,0,0.3,1,0,01:30.0,10.885216002084974,10.856191086750586,0.029024915
PRT,porto,01:30.0,6.9,0,0.4,2,0,01:30.0,11.180350718443949,11.242632377407343,-0.062281659
PRT,porto,01:30.0,0,0,0,0,0,01:30.0,11.53554331364655,11.516009453962852,0.01953386
PRT,porto,01:30.0,0,0,0,0,0,01:30.0,11.566891677880228,11.615499537231512,-0.048607859
PRT,porto,01:30.0,6.9,0,0.4,2,0,01:30.0,12.19580479609191,12.250259041696104,-0.054454246
PRT,porto,01:30.0,0,0,0,0,0,01:30.0,12.776463689608269,12.827741261951331,-0.051277572
PRT,porto,01:30.0,7.6,0,0.4,3,0,01:30.0,12.534408896597958,12.667897955048254,-0.133489058
PRT,porto,01:30.0,9.3,0,0.5,5,6,01:30.0,12.502207883079873,12.577229619706811,-0.075021737
PRT,porto,01:30.0,22,6,1,6,9,46:30.0,12.91405474289962,12.807432064423711,0.1066226784759099
PRT,porto,16:30.0,165.6,15,12.2,36,7,16:30.0,13.932771041749952,12.906543174197427,1.0262278675525245
PRT,porto,46:30.0,105.6,7,10.6,28,11,01:30.0,13.074349927305889,13.136472647763512,-0.06212272
PRT,porto,01:30.0,9.7,11,1.3,5,19,01:30.0,14.108075568674003,14.550908408251486,-0.44283284
PRT,porto,01:30.0,114.3,29,16.8,31,29,01:30.0,15.489187625336848,14.28412410734863,1.2050635179882183
PRT,porto,31:30.0,179,36,33.9,49,32,01:30.0,16.242280884163375,14.375188410061536,1.867092474
PRT,porto,01:30.0,294.4,40,42.3,79,39,01:30.0,16.237665888204724,14.173321738004905,2.0643441501998208
PRT,porto,46:30.0,296.7,39,40.1,74,39,01:30.0,16.130851648102038,14.26812177509989,1.8627298730021469
PRT,porto,31:30.0,245.6,36,39.9,77,39,46:30.0,15.916931121090416,14.476877695095038,1.4400534259953783
PRT,porto,46:30.0,218.5,33,43.2,73,35,46:30.0,15.534363976670209,14.276983915300123,1.2573800613700836
PRT,porto,46:30.0,142.8,19,14.4,42,21,01:30.0,14.020440664328389,13.68476949,0.3356711766207869
PRT,porto,01:30.0,46.5,19,8.8,17,33,01:30.0,13.999015676447293,14.117131745099554,-0.118116069
PRT,porto,16:30.0,109.4,22,18.1,39,35,31:30.0,14.26851610798526,14.341458082506556,-0.072941975
PRT,porto,46:30.0,52.9,20,12.1,17,33,46:30.0,13.777820270025067,14.086634766703432,-0.308814497
PRT,porto,46:30.0,87.6,13,9,27,24,46:30.0,12.867647454469411,13.21153024862696,-0.343882794
PRT,porto,46:30.0,3.3,3,0.4,3,9,46:30.0,11.763804964195408,12.34313650404282,-0.57933154
PRT,porto,01:30.0,0,0,0,0,0,01:30.0,10.776085941561025,11.005181765234278,-0.229095824
PRT,porto,01:30.0,0,0,0,0,0,01:30.0,11.141993196200172,11.238707478408914,-0.096714282
PRT,porto,01:30.0,2.5,0,0.1,1,0,01:30.0,11.149011093595856,11.414796439305835,-0.265785346
PRT,porto,01:30.0,3.9,0,0.3,1,0,01:30.0,11.196044261633846,11.428744517375524,-0.232700256
PRT,porto,01:30.0,0,0,0,0,0,01:30.0,12.148683050330137,12.212777808808015,-0.064094758
PRT,porto,01:30.0,8.7,0,0.5,2,0,01:30.0,13.076179686975893,13.134099013313648,-0.057919326
PRT,porto,01:30.0,3.8,0,2,2,0,01:30.0,12.459948395273296,12.669042405567302,-0.20909401
PRT,porto,01:30.0,3.3,0,0.3,1,6,01:30.0,12.719948101413747,12.788167086530915,-0.068218985
PRT,porto,01:30.0,2.6,3,0.2,1,9,46:30.0,12.537881873842808,12.772534731991067,-0.234652858
PRT,porto,16:30.0,5.1,5,0.7,2,7,01:30.0,12.992892628575456,13.27807954389751,-0.285186915
PRT,porto,01:30.0,7.5,8,1.4,4,13,01:30.0,13.763752550866988,14.039098734228247,-0.275346183
PRT,porto,01:30.0,28.5,12,2.6,13,34,01:30.0,14.05402134016091,14.77368956114512,-0.719668221
PRT,porto,01:30.0,45.3,25,12.8,20,58,01:30.0,14.973368889772392,15.909715132575604,-0.936346243
PRT,porto,01:30.0,165.1,44,34.1,57,83,01:30.0,16.912110527031682,18.027118555619023,-1.115008029
PRT,porto,01:30.0,414.3,58,76.6,117,99,01:30.0,18.43598265262304,19.02094721426305,-0.584964562
PRT,porto,31:30.0,483.4,58,79.9,145,97,46:30.0,18.459776066238483,18.26835763229657,0.1914184339419122
PRT,porto,46:30.0,393.5,53,66.2,120,70,46:30.0,17.872019887385967,16.52825496643259,1.343764920953376
PRT,porto,01:30.0,366,50,61.2,111,70,46:30.0,17.53978523640329,15.708584034039658,1.831201202363632
PRT,porto,46:30.0,335.5,48,65.1,107,58,46:30.0,17.253619256310174,15.403176266551144,1.850442989759029
PRT,porto,46:30.0,204.1,31,38.7,65,43,46:30.0,15.373958520554618,14.88559535467861,0.4883631658760077
PRT,porto,01:30.0,57.7,24,13.3,25,50,01:30.0,14.548958572358272,14.25804426806507,0.290914304
PRT,porto,16:30.0,93.3,28,21.8,36,49,31:30.0,14.797437156045005,14.300944318754157,0.4964928372908481
PRT,porto,46:30.0,104.4,26,25,43,47,46:30.0,14.445583277664795,14.266789911923878,0.1787933657409173
PRT,porto,46:30.0,60.7,20,16.4,30,34,46:30.0,13.70630549564601,14.117034285655796,-0.41072879
PRT,porto,46:30.0,17.3,11,3.1,8,33,01:30.0,12.647042677608374,14.60892182051488,-1.961879143
PRT,porto,46:30.0,4.4,6,0.8,2,30,46:30.0,11.659824406303002,15.243558663742316,-3.583734257
PRT,porto,01:30.0,1.3,4,0.2,1,30,46:30.0,11.363713648751284,13.7646663,-2.400952654
PRT,porto,46:30.0,11.8,3,1.1,4,15,46:30.0,11.227718671549503,12.810573754521805,-1.582855083
PRT,porto,01:30.0,0,0,0,0,0,01:30.0,11.040819712943453,11.072279842246836,-0.031460129
PRT,porto,01:30.0,0,0,0,0,0,01:30.0,10.775174561254172,10.968042244004536,-0.192867683
PRT,porto,01:30.0,1.9,0,5.2,1,0,01:30.0,11.288711564175037,11.44852629,-0.15981473
PRT,porto,01:30.0,0,0,0,0,0,01:30.0,12.18527948877602,12.446887211312031,-0.261607723
PRT,porto,01:30.0,0,0,0,0,0,01:30.0,11.990423525339626,12.294029104228482,-0.303605579
PRT,porto,01:30.0,0,0,0,0,0,01:30.0,12.05816901966571,12.253747230181627,-0.195578211
PRT,porto,01:30.0,1.8,0,0.2,1,1,01:30.0,11.914427013668558,12.270061387397462,-0.355634374
PRT,porto,16:30.0,12.5,1,1.9,5,3,01:30.0,12.17378413663093,12.453000940123069,-0.279216803
PRT,porto,01:30.0,4.7,1,0.3,2,5,01:30.0,12.40690348087466,13.03843856892458,-0.631535088
PRT,porto,01:30.0,0,5,0,0,21,01:30.0,13.04707902142863,13.93311496,-0.88603594
PRT,porto,01:30.0,18,13,2.2,10,57,01:30.0,13.540327312350476,15.45522706,-1.914899744
PRT,porto,01:30.0,93.3,33,20.7,33,84,01:30.0,15.41314883179396,18.686682982226426,-3.27353415
PRT,porto,01:30.0,233,46,51.2,73,90,31:30.0,16.713076955764592,19.062717809251883,-2.349640853
PRT,porto,31:30.0,286.7,45,59.3,85,82,46:30.0,16.561471323194702,17.619599402837324,-1.05812808
PRT,porto,16:30.0,238.1,41,46,71,55,46:30.0,16.114982216296752,15.085147487191293,1.0298347291054597
PRT,porto,46:30.0,208.6,38,47.7,69,47,46:30.0,15.93161853,14.87287282545478,1.058745708
PRT,porto,46:30.0,77.2,22,23.7,33,36,46:30.0,14.131379891537756,14.49665062,-0.365270733
PRT,porto,01:30.0,29.6,16,10.4,15,30,01:30.0,13.516237659579096,13.878088063031226,-0.361850403
PRT,porto,01:30.0,43.6,17,8.3,18,33,01:30.0,13.36112662407017,13.94568613775442,-0.584559514
PRT,porto,31:30.0,28.9,16,7.7,13,35,01:30.0,13.186997788435256,14.08684393078273,-0.899846142
PRT,porto,46:30.0,21.1,12,4.1,11,37,01:30.0,12.64930340936964,14.25854323587398,-1.609239827
PRT,porto,46:30.0,6.9,7,0.9,4,44,01:30.0,12.003161188149065,15.496694285291031,-3.493533097
PRT,porto,46:30.0,18.6,6,2.3,5,41,46:30.0,11.434457187674008,16.602390732558096,-5.167933545
PRT,porto,46:30.0,7.8,1,1.2,3,24,46:30.0,10.813746874011615,13.174746420010791,-2.360999546
PRT,porto,01:30.0,0,0,0,0,0,01:30.0,10.130479815933391,10.527073964373365,-0.396594148
PRT,porto,01:30.0,0,0,0,0,0,01:30.0,10.160096899404053,10.558011501979529,-0.397914603
PRT,porto,01:30.0,0,0,0,0,0,01:30.0,11.261218480226564,11.515534744216042,-0.254316264
PRT,porto,01:30.0,0,0,0,0,0,01:30.0,12.508656279954693,12.735777821667996,-0.227121542
PRT,porto,01:30.0,0,0,0,0,0,01:30.0,11.957329717402589,12.284784280973255,-0.327454564
PRT,porto,01:30.0,0,0,0,0,0,01:30.0,11.167064432296565,11.444962727977748,-0.277898296
PRT,porto,01:30.0,0,0,0,0,6,01:30.0,11.248562781607024,11.666815239074753,-0.418252457
PRT,porto,01:30.0,0,0,0,0,8,01:30.0,11.338757924916358,11.76229748884236,-0.423539564
PRT,porto,01:30.0,0,0,0,0,9,31:30.0,11.510848290284308,11.998087664144496,-0.487239374
PRT,porto,01:30.0,3.4,0,0.5,2,17,01:30.0,11.62563938564495,12.37654043205489,-0.750901046
PRT,porto,01:30.0,1.3,2,0.1,1,46,01:30.0,11.627779476961212,12.676993925476886,-1.049214449
PRT,porto,01:30.0,2.1,6,0.4,1,106,01:30.0,11.698351836246363,12.865669094306966,-1.167317258
PRT,porto,01:30.0,15.6,7,1.3,6,119,31:30.0,11.857271910348077,13.144347429155246,-1.287075519
PRT,porto,46:30.0,19.5,6,3,4,101,46:30.0,11.783010522700428,13.191461355841708,-1.408450833
PRT,porto,31:30.0,0,3,0,0,55,46:30.0,11.571611096680265,13.593030996078122,-2.021419899
PRT,porto,01:30.0,2.5,0,0.2,2,43,46:30.0,11.524697350237297,13.07947049470239,-1.554773144
PRT,porto,01:30.0,2.4,0,0.2,2,33,46:30.0,11.22164136224928,12.237476452054324,-1.01583509
PRT,porto,01:30.0,7,3,0.7,3,25,01:30.0,11.163135673423268,11.97523671424059,-0.812101041
PRT,porto,46:30.0,6.7,3,0.9,3,30,01:30.0,11.00309794,11.917002825561504,-0.913904882
PRT,porto,01:30.0,2.4,0,0.3,1,32,01:30.0,10.62028522341231,11.71798555161296,-1.097700328
PRT,porto,01:30.0,1.3,0,0.1,1,44,01:30.0,10.685259490704906,11.472306811441207,-0.787047321
PRT,porto,01:30.0,0,0,0,0,60,01:30.0,11.02444741658516,11.58850263439106,-0.564055218
PRT,porto,01:30.0,1.2,0,0.1,1,54,46:30.0,10.716407596635923,11.044955324136222,-0.328547728
PRT,porto,01:30.0,0,0,0,0,24,46:30.0,10.826853500983688,11.14030406488518,-0.313450564
PRT,porto,01:30.0,0,0,0,0,0,01:30.0,11.323197457575809,11.451823280640689,-0.128625823
PRT,porto,01:30.0,0,0,0,0,0,01:30.0,11.11890649330465,11.264694128225624,-0.145787635
PRT,porto,01:30.0,0,0,0,0,0,01:30.0,11.446321863501437,11.631062992183075,-0.184741129
PRT,porto,01:30.0,2.7,0,0.3,1,0,01:30.0,11.434855111835963,11.504808582422212,-0.069953471
PRT,porto,01:30.0,2.1,0,0.2,1,0,01:30.0,11.404556438634144,11.344059364710136,0.060497074
PRT,porto,01:30.0,0,0,0,0,0,01:30.0,11.236815815247285,10.929933817014891,0.3068819982323916
PRT,porto,01:30.0,6.9,0,0.7,4,2,01:30.0,11.346739176208606,11.556016812663293,-0.209277636
PRT,porto,01:30.0,0,0,0,0,6,01:30.0,11.692556627134898,12.480697967249938,-0.78814134
PRT,porto,01:30.0,0,0,0,0,6,01:30.0,12.25422095850148,13.500161666422157,-1.245940708
PRT,porto,01:30.0,1.9,0,0.1,1,15,01:30.0,12.306948309579662,14.009393989156154,-1.70244568
PRT,porto,01:30.0,3.1,4,0.4,1,60,01:30.0,12.180724712419014,14.587677593275082,-2.406952881
PRT,porto,01:30.0,41,14,5.7,15,116,01:30.0,12.95661779589572,17.924029148944477,-4.967411353
PRT,porto,01:30.0,83.6,19,12.5,23,125,31:30.0,13.694548033810497,18.95105513999536,-5.256507106
PRT,porto,01:30.0,125.4,25,20.2,43,102,46:30.0,14.550912056408787,16.131734525997636,-1.58082247
PRT,porto,31:30.0,156.9,27,23.6,45,54,46:30.0,14.89044578,15.45976677393154,-0.56932099
PRT,porto,46:30.0,179.2,25,26.6,57,35,31:30.0,14.85333621135662,15.19281162140665,-0.33947541
PRT,porto,46:30.0,46.8,13,4.9,16,29,46:30.0,13.532836865080585,14.784416966177885,-1.251580101
PRT,porto,01:30.0,163.9,24,23,53,22,01:30.0,14.720722207590676,13.937772027515804,0.7829501800748719
PRT,porto,01:30.0,257.8,28,35.8,72,26,01:30.0,15.16141351361057,14.206226263188707,0.9551872504218633
PRT,porto,46:30.0,257.4,27,36.7,78,28,01:30.0,14.864640311094057,14.123557082447311,0.7410832286467439
PRT,porto,46:30.0,102.7,17,14,34,38,01:30.0,13.836542475616149,14.669318789749031,-0.832776314
PRT,porto,46:30.0,22.9,8,3.5,6,59,01:30.0,12.569364174343145,15.98883611359322,-3.419471939
PRT,porto,46:30.0,5.1,2,0.3,2,54,46:30.0,11.631281122528812,17.626658202306547,-5.99537708
PRT,porto,01:30.0,0,0,0,0,25,46:30.0,10.848713928356911,11.40740164086274,-0.558687713
PRT,porto,01:30.0,0,0,0,0,0,01:30.0,10.307470714993867,10.598143756667572,-0.290673042
PRT,porto,01:30.0,0,0,0,0,0,01:30.0,10.311492610309346,10.59558610080418,-0.28409349
PRT,porto,01:30.0,0,0,0,0,0,01:30.0,10.75658828628908,10.912442216684903,-0.15585393
PRT,porto,01:30.0,0,0,0,0,0,01:30.0,11.664754262210067,11.806351315450549,-0.141597053
PRT,porto,01:30.0,4.5,0,0.3,2,0,01:30.0,11.527051403418213,11.597160403699684,-0.070109
PRT,porto,01:30.0,1.2,0,0,1,0,01:30.0,11.311991089293528,11.22509128791161,0.086899801
PRT,porto,01:30.0,30.5,0,1.6,7,0,01:30.0,11.726281016171203,11.51090130638248,0.21537971
PRT,porto,01:30.0,1.2,2,0.1,1,12,01:30.0,12.378506702626042,12.193583517690785,0.1849231849352577
PRT,porto,01:30.0,3,5,0.5,2,9,46:30.0,12.885576945854847,12.655536701252842,0.2300402446020069
PRT,porto,01:30.0,13.2,12,2.3,4,8,01:30.0,13.700009022824256,13.048386808990916,0.6516222138333401
PRT,porto,01:30.0,130,32,24.2,40,45,01:30.0,15.650067551637942,13.989867584367753,1.6601999672701897
PRT,porto,01:30.0,497.7,60,80,127,80,01:30.0,18.71381472174749,16.79370190232585,1.920112819
PRT,porto,01:30.0,986.2,85,159.3,275,88,31:30.0,21.856200780582103,17.820857328611485,4.035343451970618
PRT,porto,31:30.0,1188.7,88,178.4,302,74,46:30.0,22.09073884135734,16.65016255306326,5.440576288294079
PRT,porto,46:30.0,1094.3,81,155,272,40,46:30.0,21.402689099252573,15.187377735695224,6.215311363557348
PRT,porto,46:30.0,904.5,71,138.1,239,33,46:30.0,20.24867900562882,14.553907499716486,5.694771505912334
PRT,porto,46:30.0,465.1,49,83.4,132,28,46:30.0,17.648962784221748,14.32707934285662,3.321883441365129
PRT,porto,01:30.0,453.7,57,72.7,119,20,01:30.0,18.60028101479695,13.56206994,5.038211074726249
PRT,porto,46:30.0,510.8,55,81.7,138,25,01:30.0,18.28705873850327,13.558389360198168,4.728669378305101
PRT,porto,46:30.0,508.1,53,84.1,158,27,01:30.0,17.621878707759194,13.491884116171304,4.129994592
PRT,porto,46:30.0,325.3,43,60.5,91,37,01:30.0,16.457005078050663,13.718948985950778,2.7380560920998853
PRT,porto,31:30.0,266.4,38,52.2,77,37,01:30.0,15.729616814591097,13.76120343227999,1.9684133823111072
PRT,porto,46:30.0,81.1,20,19.6,27,52,01:30.0,13.40897527715657,14.532040146024228,-1.123064869
PRT,porto,46:30.0,13.6,10,6.8,9,51,46:30.0,12.02901268,16.142615208825582,-4.113602531
PRT,porto,46:30.0,15.3,3,2.5,6,22,46:30.0,10.987655611100424,12.926039612466091,-1.938384001
PRT,porto,01:30.0,2.1,0,1.6,2,0,01:30.0,10.332086693358251,10.342109678537014,-0.010022985
PRT,porto,01:30.0,0,0,0,0,0,01:30.0,10.315334253724524,10.459428478243598,-0.144094225
PRT,porto,01:30.0,0,0,0,0,0,01:30.0,10.854300414864769,10.977471382957562,-0.123170968
PRT,porto,01:30.0,1.2,0,3.5,1,0,01:30.0,11.960035471374264,12.212063433613018,-0.252027962
PRT,porto,01:30.0,0,0,0,0,0,01:30.0,12.023103746971277,12.27720913381194,-0.254105387
PRT,porto,01:30.0,0,0,0,0,0,01:30.0,11.325879815873003,11.438337419794276,-0.112457604
PRT,porto,01:30.0,7.3,0,0.7,4,0,01:30.0,11.449959512169649,11.498625413931109,-0.048665902
PRT,porto,01:30.0,4.1,0,0.2,2,0,01:30.0,12.067435983395129,12.191512650902368,-0.124076668
PRT,porto,01:30.0,11.6,2,0.7,3,1,01:30.0,12.280145105353316,12.413679342356588,-0.133534237
PRT,porto,01:30.0,3.9,7,0.1,1,3,01:30.0,12.862595789096307,12.722737799104864,0.1398579899914462
PRT,porto,01:30.0,89.2,25,16.4,24,13,01:30.0,14.81971011384156,13.126158616534877,1.6935514973066823
PRT,porto,01:30.0,113.9,31,25.2,37,20,01:30.0,15.218481112210087,13.348778482307758,1.869702629902332
PRT,porto,01:30.0,175.9,32,27.7,54,26,01:30.0,15.06719434550766,13.347852665553583,1.7193416799540753
PRT,porto,46:30.0,231.3,34,35.9,67,26,46:30.0,15.229408029252332,13.407745726556078,1.8216623026962533
PRT,porto,46:30.0,233.5,31,43.2,74,26,46:30.0,15.009221658371343,13.557852761904458,1.451368896466887
PRT,porto,46:30.0,168.9,24,32.5,51,19,46:30.0,14.118273610709489,13.077361288612568,1.0409123220969203
PRT,porto,01:30.0,32.4,13,10,13,19,46:30.0,13.018207671076498,12.742172239353724,0.2760354317227733
PRT,porto,46:30.0,29.8,10,5,11,8,46:30.0,12.750791426085147,12.67920501203434,0.071586414
PRT,porto,01:30.0,47,19,15.9,20,14,01:30.0,13.574609959873332,12.649182408977367,0.9254275508959662
PRT,porto,46:30.0,63.8,21,18.4,23,14,31:30.0,13.608059412988476,12.615249248593647,0.9928101643948288
PRT,porto,46:30.0,54,14,10.1,23,11,46:30.0,12.948911392868762,12.65385618755403,0.2950552053147319
PRT,porto,46:30.0,11.3,7,3,7,6,46:30.0,11.971618501120863,11.911357609648784,0.060260891
PRT,porto,01:30.0,1,0,0.1,1,0,01:30.0,10.738695802828715,10.853820148784152,-0.115124346
PRT,porto,01:30.0,3.3,0,0.3,1,0,01:30.0,10.805787419145204,10.887962233459945,-0.082174814
PRT,porto,01:30.0,0,0,0,0,0,01:30.0,11.061964947227723,11.105258460072482,-0.043293513
PRT,porto,01:30.0,6.5,0,1.5,3,0,01:30.0,11.76536325,11.81703095803237,-0.051667708
PRT,porto,01:30.0,3.4,0,0.9,2,0,01:30.0,11.804590212080557,11.858028939827792,-0.053438728
PRT,porto,01:30.0,1.1,0,2.5,1,0,01:30.0,12.116782512553089,12.15972659749633,-0.042944085
PRT,porto,01:30.0,5.9,0,1.9,2,0,01:30.0,12.25809899282475,12.32528137344623,-0.067182381
PRT,porto,01:30.0,2,0,0.2,1,0,01:30.0,12.251936788282997,12.227914262519262,0.024022526
PRT,porto,01:30.0,31.7,6,2.2,7,3,01:30.0,12.991488812568408,12.261925452183908,0.7295633603844998
PRT,porto,46:30.0,69.6,9,4.8,13,10,16:30.0,13.261802064307776,12.235241968684322,1.0265600956234522
PRT,porto,16:30.0,5.3,7,0.3,2,8,01:30.0,12.996354548725126,13.070969522813108,-0.074614974
PRT,porto,01:30.0,3.8,6,0.2,1,8,01:30.0,13.10853603804259,13.253655866073832,-0.145119828
PRT,porto,01:30.0,26.4,11,2.2,11,13,01:30.0,14.241029698584692,14.01833228403943,0.222697415
PRT,porto,01:30.0,62.1,19,5.7,20,22,01:30.0,14.893297373503891,14.178068108337325,0.7152292651665704
PRT,porto,01:30.0,123.9,29,24.3,44,30,01:30.0,15.277998251451043,14.040204091055491,1.2377941603955502
PRT,porto,01:30.0,122.1,32,24.7,46,38,01:30.0,15.324903046905634,14.018663196571822,1.306239850333812
PRT,porto,01:30.0,198,39,36.9,68,38,01:30.0,16.125540229262338,14.105763376256222,2.019776853006116
PRT,porto,01:30.0,228,39,40,66,39,31:30.0,16.2051863,14.245915704936284,1.9592705925459164
PRT,porto,46:30.0,256.6,39,44.5,84,37,46:30.0,16.18573523428179,14.253875291486835,1.9318599427949543
PRT,porto,46:30.0,227.4,35,41.7,73,32,46:30.0,15.674244157062477,14.075935160325905,1.598308997
PRT,porto,01:30.0,155.2,23,28.4,52,32,46:30.0,14.377635965095967,13.564786331424664,0.8128496336713038
PRT,porto,01:30.0,57.5,21,8,21,20,01:30.0,14.285620501199114,13.48035303135594,0.8052674698431748
PRT,porto,01:30.0,198.9,33,31.2,67,30,01:30.0,15.452931584332395,13.753086901996916,1.6998446823354811
PRT,porto,31:30.0,263.1,35,44.7,85,34,01:30.0,15.594124772782491,13.895377152568326,1.6987476202141654
PRT,porto,46:30.0,298.6,33,43.8,89,32,46:30.0,15.227966454895853,13.830218666574476,1.3977477883213751
PRT,porto,46:30.0,176.8,24,29.8,50,22,46:30.0,14.000974289592216,13.038934970677644,0.962039319
PRT,porto,46:30.0,39.1,9,8,16,7,46:30.0,12.082766896631805,11.974577563142564,0.1081893334892392
PRT,porto,01:30.0,0,0,0,0,0,01:30.0,10.709596471443026,10.812492831649314,-0.10289636
PRT,porto,01:30.0,0,0,0,0,0,01:30.0,10.851971667988456,10.953978706029275,-0.102007038
PRT,porto,01:30.0,2.5,0,2.4,2,0,01:30.0,11.45920668322814,11.670255609651504,-0.211048926
PRT,porto,01:30.0,0,0,0,0,0,01:30.0,11.444029081674756,11.67384768069003,-0.229818599
PRT,porto,01:30.0,2.4,0,0.1,1,0,01:30.0,11.761373876761663,11.92141518007909,-0.160041303
PRT,porto,01:30.0,4.6,0,0.1,1,0,01:30.0,12.218788735976435,12.315517357156992,-0.096728621
PRT,porto,01:30.0,1,0,0.2,1,0,01:30.0,12.207799113341176,12.176898816206558,0.030900297
PRT,porto,01:30.0,14.2,6,1.4,5,2,01:30.0,12.971919634612526,12.125847465458769,0.8460721691537572
PRT,porto,46:30.0,70.4,9,4.4,15,7,01:30.0,13.213642580738547,12.108629772403358,1.105012808335191
PRT,porto,01:30.0,14.3,7,1.1,6,6,01:30.0,13.300890470641525,13.279961878363796,0.020928592
PRT,porto,01:30.0,16,13,1.3,7,12,01:30.0,14.365935662737217,13.947185531769817,0.418750131
PRT,porto,01:30.0,142.6,34,21.8,37,35,01:30.0,16.517501123292405,14.35152759,2.1659735285097046
PRT,porto,01:30.0,423.6,58,85.8,130,51,01:30.0,18.872465452415163,15.513320750284567,3.3591447021305942
PRT,porto,01:30.0,872.1,83,127.1,221,72,01:30.0,21.61135190695064,17.507039930630597,4.104311976320041
PRT,porto,01:30.0,1400.8,99,200.4,347,86,31:30.0,23.36878851491872,18.33778376174894,5.031004753169778
PRT,porto,46:30.0,1480.9,97,209.4,380,79,46:30.0,23.18744792961905,18.14452634694996,5.042921582669095
PRT,porto,46:30.0,757.8,70,124.6,225,49,46:30.0,19.80232926744349,16.255106614127605,3.5472226533158846
PRT,porto,46:30.0,634.1,58,106.1,177,38,46:30.0,18.672990735012966,15.474955805475158,3.1980349295378083
PRT,porto,46:30.0,299.3,43,62.1,97,28,46:30.0,16.949615022521026,14.81475225569558,2.134862766825446
PRT,porto,01:30.0,317.1,50,60,99,27,01:30.0,17.739621113306306,14.300942589491036,3.4386785238152715
PRT,porto,31:30.0,338.1,49,60.9,96,27,31:30.0,17.403358000302664,14.21001253115948,3.193345469143184
PRT,porto,46:30.0,301.2,47,63.1,95,24,01:30.0,17.03285228774853,14.219299899839616,2.813552387908913
PRT,porto,01:30.0,230.7,38,40.7,65,24,01:30.0,15.847582951593886,14.078061413497927,1.769521538095958
PRT,porto,46:30.0,191.5,34,37.3,62,26,01:30.0,15.309319598495424,13.988682088261392,1.3206375102340324
PRT,porto,01:30.0,183.7,33,34.8,51,43,01:30.0,14.929014969977388,15.155773211539742,-0.226758242
PRT,porto,46:30.0,175.4,30,42.8,49,45,31:30.0,14.583690724371037,15.24020811248892,-0.656517388
PRT,porto,46:30.0,100.3,15,25,22,20,46:30.0,12.273099088819686,12.45701339401829,-0.183914305
PRT,porto,01:30.0,0,0,0,0,0,01:30.0,10.899442999577277,11.04106313040103,-0.141620131
PRT,porto,01:30.0,1.5,0,0,1,0,01:30.0,10.63345929540476,10.97779099776542,-0.344331702
PRT,porto,01:30.0,5.9,0,2.8,3,0,01:30.0,11.622994529887986,11.72637728997541,-0.10338276
PRT,porto,01:30.0,0,0,0,0,0,01:30.0,12.43998887828543,12.614670334567382,-0.174681456
PRT,porto,01:30.0,0,0,0,0,0,01:30.0,12.116459723642617,12.195175358054936,-0.078715634
PRT,porto,01:30.0,6.3,0,2.9,4,0,01:30.0,11.877836734835435,11.82855394875329,0.049282786
PRT,porto,01:30.0,9.4,1,0.5,3,0,01:30.0,12.167839673258214,12.118512925806954,0.049326747
PRT,porto,01:30.0,21.8,3,1.2,7,4,01:30.0,12.426330013002683,12.48018828,-0.053858266
PRT,porto,01:30.0,7.2,5,0.9,3,9,31:30.0,13.199185818532904,13.285248023938037,-0.086062205
PRT,porto,01:30.0,22.7,21,5.8,11,10,01:30.0,15.121075277489911,13.960381008374792,1.1606942691151207
PRT,porto,01:30.0,326,57,63.4,95,38,01:30.0,19.066163877842616,15.392262247106496,3.673901631
PRT,porto,01:30.0,924.9,84,138.1,205,80,01:30.0,22.130089843410087,18.21349951398711,3.916590329422977
PRT,porto,31:30.0,1220.9,90,185.3,294,89,31:30.0,22.735992189532105,19.11397859079886,3.6220135987332434
PRT,porto,46:30.0,1114.4,82,176.1,311,80,46:30.1,21.376856161427064,18.208933532107444,3.1679226293196194
PRT,porto,46:30.0,480.9,55,78.8,147,44,46:30.0,18.10115886815814,15.817739208910204,2.283419659247937
PRT,porto,46:30.0,320.1,47,58.7,102,36,46:30.0,17.21223113896627,15.065350798199267,2.1468803407670016
PRT,porto,46:30.0,204.2,36,46.2,72,31,46:30.0,16.132151561957027,14.768482555922644,1.3636690060343837
PRT,porto,01:30.0,110.9,30,19.7,39,23,01:30.0,15.29008760698741,14.060683693002304,1.229403913985104
PRT,porto,01:30.0,170.8,33,34.6,65,25,01:30.0,15.44271276343194,14.10282574743987,1.3398870159920708
PRT,porto,01:30.0,155.5,35,36,51,25,01:30.0,15.573847410851483,14.412166549674204,1.161680861177281
PRT,porto,01:30.0,145.1,37,42.6,52,32,01:30.0,15.770343343111724,15.25326853975356,0.5170748033581614
PRT,porto,01:30.0,215.7,44,54.5,75,50,01:30.0,16.282576400953918,16.406651998388114,-0.124075597
PRT,porto,46:30.0,218.5,41,52.6,54,51,46:30.0,15.777645971520078,16.374161795828652,-0.596515824
PRT,porto,46:30.0,150.6,24,47.9,38,22,46:30.0,13.248370909780338,12.880121198761522,0.3682497110188159
PRT,porto,01:30.0,0,0,0,0,0,01:30.0,10.586601080747924,10.438645161011912,0.1479559197360114
PRT,porto,01:30.0,0,0,0,0,0,01:30.0,10.600439170737086,10.54092679724883,0.059512373
PRT,porto,01:30.0,0,0,0,0,0,01:30.0,11.690897617798411,11.485525716747407,0.205371901
PRT,porto,01:30.0,1.9,0,0,1,0,01:30.0,12.357227573851228,12.178008783098724,0.179218791
PRT,porto,01:30.0,6,0,7,4,0,01:30.0,12.253374667637068,12.099399144209055,0.1539755234280093
PRT,porto,01:30.0,0,0,0,0,0,01:30.0,12.16503137539074,11.804561560928814,0.3604698144619256
PRT,porto,01:30.0,6.3,6,1.1,3,0,01:30.0,12.80238569452598,11.97415120024074,0.8282344942852404
PRT,porto,01:30.0,1.8,8,0.1,1,3,01:30.0,13.4695798,12.74319920849938,0.7263805908551184
PRT,porto,31:30.0,0,9,0,0,3,16:30.0,13.68502789801254,13.036309317859336,0.64871858
PRT,porto,01:30.0,56.2,17,7.2,14,7,01:30.0,14.376878347137922,13.54612084383822,0.8307575032997025
PRT,porto,01:30.0,163.9,46,34.7,49,26,01:30.0,17.580446682606798,15.091765689383818,2.488680993
PRT,porto,01:30.0,1114.2,106,176.2,283,64,01:30.0,24.897427702246183,18.30994658890813,6.587481113338054
PRT,porto,31:30.0,1839.9,119,263.9,444,79,01:30.0,26.457285889644627,19.124718069700016,7.332567819944611
PRT,porto,46:30.0,1621.1,101,235.5,385,73,46:30.0,24.060282482070807,18.180677532150195,5.879604949920612
PRT,porto,46:30.0,466.1,55,85.1,131,43,46:30.0,18.21322065402937,15.833927888351138,2.3792927656782403
PRT,porto,46:30.0,244.2,43,54.1,98,34,31:30.0,16.910504381237715,15.251526444046242,1.658977937191473
PRT,porto,46:30.0,161.2,33,33.7,58,31,46:30.0,15.803943464226744,14.774582852955913,1.0293606112708318
PRT,porto,01:30.0,93.5,25,15.7,36,22,01:30.0,14.92195911928861,14.19625464196513,0.7257044773234806
PRT,porto,01:30.0,131.5,30,26.6,45,24,01:30.0,15.139387023642852,14.15818817900178,0.9811988446410728
PRT,porto,01:30.0,130.3,32,26.6,41,26,16:30.0,15.195434474605232,14.232037766749478,0.963396708
PRT,porto,01:30.0,206.7,44,46.2,64,35,01:30.0,16.685830723515195,15.220641499643063,1.4651892238721302
PRT,porto,01:30.0,679.4,60,96.5,131,55,01:30.0,18.40682273872084,16.624788366781893,1.782034371938941
PRT,porto,46:30.0,575,54,85.8,111,55,46:30.0,17.61614249469386,16.694366462299758,0.9217760323941028
PRT,porto,16:30.0,463.3,42,68.7,94,55,46:30.0,16.163865284986866,15.52645285317982,0.6374124318070464
PRT,porto,46:30.0,204.6,24,42.1,44,23,46:30.0,13.202202273764478,12.722316463887012,0.4798858098774659
PRT,porto,01:30.0,0,0,0,0,0,01:30.0,10.308633790664755,10.211290465898523,0.097343325
PRT,porto,01:30.0,1.6,0,0.4,1,0,01:30.0,11.05474644940803,10.886388720338502,0.1683577290695286
PRT,porto,01:30.0,0,0,0,0,0,01:30.0,11.734922546979114,11.598789236643874,0.1361333103352393
PRT,porto,01:30.0,0.6,0,1.7,1,0,01:30.0,12.406453173472975,12.175918697450784,0.2305344760221928
PRT,porto,01:30.0,5.4,0,1.7,2,0,01:30.0,12.452173662216316,12.300216874861151,0.1519567873551661
PRT,porto,01:30.0,3.8,0,4.3,3,0,01:30.0,12.54886256799757,12.045993924485137,0.5028686435124339
PRT,porto,01:30.0,10.3,2,0.6,3,0,01:30.0,12.501257823953662,12.007470500600196,0.4937873233534642
PRT,porto,01:30.0,6.6,6,1.2,3,0,01:30.0,13.089960129878497,12.565304822840677,0.5246553070378202
PRT,porto,01:30.0,1.8,6,0.9,2,2,01:30.0,13.22915572304948,12.992903646344969,0.2362520767045115
PRT,porto,01:30.0,12.7,15,1.8,5,6,01:30.0,14.333097209505276,13.586504798481172,0.7465924110241033
PRT,porto,01:30.0,359.3,60,59.2,95,25,01:30.0,19.402123258945288,14.731409697739268,4.670713561206021
PRT,porto,01:30.0,1938.7,116,208.8,383,72,01:30.0,25.937644828117893,17.401319764223075,8.536325063894818
PRT,porto,31:30.0,2722.5,125,265.5,510,89,31:30.0,27.21011713849037,18.37118213126632,8.838935007224052
PRT,porto,46:30.0,2264.9,102,243.8,444,75,46:30.0,23.87450088666467,17.359263272589434,6.515237614075236
PRT,porto,46:30.0,527.7,54,78.6,145,40,46:30.0,17.822570768447367,15.36992924266778,2.452641525779587
PRT,porto,31:30.0,197.2,35,31.9,69,33,31:30.0,15.992482640794869,15.13059824602967,0.8618843947651964
PRT,porto,46:30.0,132.5,29,23.6,52,28,46:30.0,15.343504766942145,14.74912215573564,0.5943826112065036
PRT,porto,01:30.0,65.4,22,13.3,25,20,01:30.0,14.584633752840146,14.153092823534978,0.4315409293051679
PRT,porto,01:30.0,83.1,26,19.4,32,24,01:30.0,14.781853575859952,14.279034141008443,0.5028194348515065
PRT,porto,01:30.0,118.3,28,20.1,46,28,01:30.0,14.873251742955588,14.473207877020087,0.4000438659354977
PRT,porto,01:30.0,152.5,38,37.2,50,36,01:30.0,15.969956484526223,15.32462855844617,0.6453279260800553
PRT,porto,01:30.0,590.4,59,90.7,160,61,01:30.0,18.46933031678782,16.861524299283573,1.6078060175042452
PRT,porto,46:30.0,504.3,54,84.2,137,60,46:30.0,17.799897071665104,17.016649257180053,0.7832478144850512
PRT,porto,46:30.0,142.2,25,45.8,43,27,46:30.0,13.338934746663664,13.013483544326744,0.325451202
PRT,porto,01:30.0,0,0,0,0,0,01:30.0,10.567617314122002,10.586612942192806,-0.018995628
PRT,porto,01:30.0,1,0,2.7,1,0,01:30.0,10.92154961725152,11.017206510108169,-0.095656893
PRT,porto,01:30.0,1,0,2.2,1,0,01:30.0,12.068329659048583,12.021240201100047,0.047089458
PRT,porto,01:30.0,0,0,0,0,0,01:30.0,12.877227826482516,12.743648324582866,0.1335795018996499
PRT,porto,01:30.0,0,0,0,0,0,01:30.0,12.535388612866916,12.522000265352286,0.013388348
PRT,porto,01:30.0,0,0,0,0,0,01:30.0,11.62485846493038,11.64950856810638,-0.024650103
PRT,porto,01:30.0,8.5,0,0.5,3,0,01:30.0,11.811811384237911,11.618186419713618,0.1936249645242949
PRT,porto,01:30.0,46.8,12,5.9,7,0,01:30.0,13.450626478496336,12.064959044542448,1.3856674339538877
PRT,porto,46:30.0,111.6,9,9.1,25,2,01:30.0,13.193398014400334,12.261853580732458,0.9315444336678756
PRT,porto,01:30.0,2.8,8,0.2,1,6,01:30.0,13.64884736337998,13.506414890769245,0.142432473
PRT,porto,01:30.0,146.5,45,32.9,42,23,01:30.0,17.514417551988117,14.254299669961627,3.260117882
PRT,porto,01:30.0,973.7,80,119.2,223,78,01:30.0,21.19931903892722,16.61808868235838,4.581230356568842
PRT,porto,31:30.0,1452.7,88,186.9,335,97,31:30.0,21.65721179350505,17.25100823597588,4.406203557529167
PRT,porto,46:30.0,1263.6,74,186.7,308,84,46:30.0,20.047526633807937,16.978172995608613,3.069353638199324
PRT,porto,46:30.0,283.7,40,52.9,93,42,46:30.0,16.444819387860456,15.444025916116924,1.0007934717435312
PRT,porto,46:30.0,195.2,33,33.1,65,34,46:30.0,15.58649606660982,14.673655807403122,0.912840259
PRT,porto,46:30.0,138.6,28,26.5,49,28,46:30.0,15.220498082669875,14.54950066791503,0.6709974147548454
PRT,porto,01:30.0,64.2,20,13,24,19,46:30.0,14.138983859852392,13.61111261,0.5278712481116923
PRT,porto,01:30.0,84.8,25,18.5,31,24,01:30.0,14.582628800115444,13.801967862644402,0.7806609374710423
PRT,porto,01:30.0,124.8,27,20.8,35,31,01:30.0,14.783724038398988,14.001275541042258,0.7824484973567305
PRT,porto,01:30.0,198,37,36.9,53,35,01:30.0,15.68171215420684,14.449499256385254,1.2322128978215847
PRT,porto,01:30.0,423.8,52,75.1,112,53,01:30.0,17.561708637126625,16.02257056611038,1.539138071016243
PRT,porto,46:30.0,463.1,51,80.2,113,53,46:30.0,17.590985349837382,16.38707745469104,1.2039078951463438
PRT,porto,46:30.0,173.9,22,48,45,24,46:30.0,13.009587568710517,12.779468157514136,0.2301194111963802
PRT,porto,01:30.0,0,0,0,0,0,01:30.0,9.933438007402176,10.130145109203896,-0.196707102
PRT,porto,01:30.0,0,0,0,0,0,01:30.0,10.488661847949006,10.60584437,-0.117182521
PRT,porto,01:30.0,2.8,0,0.2,1,0,01:30.0,11.05082659242656,11.140524632136078,-0.08969804
PRT,porto,01:30.0,0,0,0,0,0,01:30.0,12.50801781430636,12.702650347804118,-0.194632533
PRT,porto,01:30.0,3.3,0,0.2,1,0,01:30.0,12.62711217863223,12.76614818763903,-0.139036009
PRT,porto,01:30.0,0,0,0,0,0,01:30.0,11.83532135210529,12.05031784749594,-0.214996495
PRT,porto,01:30.0,13.8,0,0.8,4,0,01:30.0,11.322190603670707,11.477634710937089,-0.155444107
PRT,porto,01:30.0,8.9,0,0.4,2,0,01:30.0,11.768460866257646,12.096042996032416,-0.32758213
PRT,porto,01:30.0,0,1,0,0,0,01:30.0,12.275359133963722,12.584022522354935,-0.308663388
PRT,porto,01:30.0,6.7,3,0.5,3,4,01:30.0,12.382906150958226,12.728712287334464,-0.345806136
PRT,porto,01:30.0,17.4,13,6,8,15,01:30.0,13.394402213569364,13.220088435190496,0.1743137783788686
PRT,porto,01:30.0,52.2,20,13.1,20,28,01:30.0,13.85106060750025,13.333555714228885,0.5175048932713668
PRT,porto,01:30.0,113.8,26,22.3,40,33,01:30.0,14.221963242227446,13.293301448494724,0.9286617937327222
PRT,porto,46:30.0,98.2,26,19.1,36,31,46:30.0,14.241586590114965,13.357322532554525,0.8842640575604399
PRT,porto,46:30.0,102.4,26,22.4,34,28,31:30.0,14.202082992171334,13.47735537390986,0.7247276182614737
PRT,porto,46:30.0,91.1,19,20.7,29,22,46:30.0,13.509256915588145,13.08362316295094,0.4256337526372018
PRT,porto,46:30.0,8,8,3,4,9,46:30.0,12.60516247970684,12.81525412052719,-0.210091641
PRT,porto,01:30.0,1.4,6,0.2,1,9,46:30.0,12.383841033339335,12.603906016468873,-0.220064983
PRT,porto,01:30.0,38.1,14,7.4,15,17,01:30.0,13.123226677238222,12.81086819050106,0.3123584867371622
PRT,porto,31:30.0,38.9,14,8.5,14,18,16:30.0,12.994396611624934,12.88900274032557,0.1053938712993645
PRT,porto,46:30.0,27.1,11,4.2,9,16,46:30.0,12.682015423962564,12.741744770807436,-0.059729347
PRT,porto,46:30.0,16.3,6,3.2,8,8,46:30.0,11.844875795426043,11.876193323636777,-0.031317528
PRT,porto,01:30.0,7.1,0,0.6,2,0,01:30.0,10.668088886742284,10.832525233927178,-0.164436347
PRT,porto,01:30.0,4.4,0,0.2,1,0,01:30.0,10.60491458524902,10.768479957997664,-0.163565373
PRT,porto,01:30.0,10.6,0,0.6,3,0,01:30.0,11.42941396508406,11.44378488275937,-0.014370918
PRT,porto,01:30.0,0,0,0,0,0,01:30.0,11.936614505994967,12.029900353886804,-0.093285848
PRT,porto,01:30.0,3.6,0,0.1,1,0,01:30.0,11.92743833,12.020104890836654,-0.092666563
PRT,porto,01:30.0,2,0,0.3,2,0,01:30.0,12.26212225509203,12.25241055173386,0.009711703
PRT,porto,01:30.0,5.5,0,0.2,3,0,01:30.0,12.207848955893969,12.28164508,-0.073796125
PRT,porto,01:30.0,7.2,0,0.7,2,0,01:30.0,12.220927160888218,12.315452844378136,-0.094525683
PRT,porto,01:30.0,9.5,3,0.8,3,4,01:30.0,12.576359545270284,12.184632355222853,0.3917271900474315
PRT,porto,16:30.0,70.8,10,4.2,10,10,31:30.0,13.200540855679302,12.340671739977378,0.8598691157019243
PRT,porto,01:30.0,21.5,8,2.5,7,11,31:30.0,13.23580765323115,13.201285570857742,0.034522082
PRT,porto,01:30.0,23.4,13,2.8,7,14,01:30.0,14.57920562861208,14.147914300202167,0.4312913284099124
PRT,porto,01:30.0,167.1,22,12.3,43,21,01:30.0,15.276883615184495,14.191368549023473,1.0855150661610224
PRT,porto,01:30.0,118.1,30,25.5,43,30,01:30.0,15.385583069250464,13.971557407178963,1.4140256620715004
PRT,porto,01:30.0,179.5,38,34.5,59,35,01:30.0,15.968572730419732,13.995494046605462,1.9730786838142704
PRT,porto,01:30.0,203.6,38,42.4,71,40,01:30.0,16.247227087291346,14.252161085924204,1.9950660013671424
PRT,porto,31:30.0,235.3,39,41.2,77,41,46:30.0,16.254522159406633,14.287626443484193,1.9668957159224405
PRT,porto,46:30.0,249.6,37,38.3,74,35,31:30.0,15.916644291520951,14.261940060547076,1.654704230973877
PRT,porto,46:30.0,257.9,32,41.8,81,31,46:30.0,15.499850876856977,14.177775802647409,1.3220750742095682
PRT,porto,01:30.0,54.8,20,15.2,21,19,01:30.0,14.239938536537748,13.502761809749622,0.7371767267881264
PRT,porto,01:30.0,150.4,30,27.5,46,33,01:30.0,15.273157686898704,13.87534851808059,1.397809168818112
PRT,porto,01:30.0,196.8,34,32,57,35,01:30.0,15.527933648348796,14.120436071018862,1.4074975773299343
PRT,porto,46:30.0,199.8,32,36.4,65,33,46:30.0,15.327708541444796,14.067452894613794,1.260255646831002
PRT,porto,46:30.0,102.3,22,23,32,24,46:30.0,13.916188927704962,13.225947141294116,0.6902417864108443
PRT,porto,46:30.0,21.2,7,5.8,9,9,46:30.0,12.041157628812552,12.191204252290014,-0.150046623
PRT,porto,01:30.0,1.4,0,1.2,2,1,46:30.0,10.999485059735996,10.91221711938734,0.08726794
PRT,porto,01:30.0,2.7,0,0.3,1,0,01:30.0,10.999361438168584,11.127600645799976,-0.128239208
PRT,porto,01:30.0,1,0,0,1,0,01:30.0,11.595817921076446,11.733347497973412,-0.137529577
PRT,porto,01:30.0,1.6,0,0.1,1,0,01:30.0,11.324193236583053,11.53206344896642,-0.207870212
PRT,porto,01:30.0,2.2,0,0.4,1,0,01:30.0,11.971487279839696,12.05180578838579,-0.080318509
PRT,porto,01:30.0,1.1,0,0.1,1,0,01:30.0,11.93724949290388,12.047918088544163,-0.110668596
PRT,porto,01:30.0,10.1,0,1.5,4,0,01:30.0,11.893545468132036,11.936944761096948,-0.043399293
PRT,porto,01:30.0,17.7,2,1.6,4,4,01:30.0,12.21259563,11.907221930359702,0.3053737025332967
PRT,porto,01:30.0,44.3,7,2.9,10,7,01:30.0,12.965401476245084,12.61388556223156,0.3515159140135253
PRT,porto,01:30.0,9.3,6,0.5,3,8,01:30.0,13.217532314085922,13.407616227557334,-0.190083913
PRT,porto,01:30.0,18.3,12,3.2,6,18,01:30.0,14.55890790425804,14.254326521633088,0.3045813826249528
PRT,porto,01:30.0,133.3,35,22.1,41,40,01:30.0,16.988368473199916,14.639740355409677,2.3486281177902413
PRT,porto,01:30.0,297.8,51,55.9,85,56,01:30.0,18.02375718865595,15.593941029424911,2.429816159231036
PRT,porto,01:30.0,721.9,72,107.7,189,88,01:30.0,20.67744665131591,17.90711088700602,2.770335764309891
PRT,porto,31:30.0,1101.9,86,165.5,259,102,01:30.0,22.07178606112244,18.475525345055857,3.5962607160665847
PRT,porto,46:30.0,1239.2,79,173.7,325,98,46:30.0,21.05045524506393,18.45781368079009,2.592641564273837
PRT,porto,46:30.0,468.3,49,81.1,154,62,46:30.0,17.49329485255502,16.639465066002536,0.8538297865524846
PRT,porto,46:30.0,259.1,38,47.2,94,50,46:30.0,16.142200172060527,15.510035412518468,0.63216476
PRT,porto,46:30.0,164.5,28,26.9,55,41,46:30.0,15.109199839514812,14.878290513727253,0.2309093257875609
PRT,porto,01:30.0,82.7,27,15.4,30,34,01:30.0,15.16154867802446,14.562396182339834,0.5991524956846259
PRT,porto,31:30.0,97.1,27,15.4,37,34,16:30.0,14.944445969465042,14.526200576983856,0.4182453924811842
PRT,porto,01:30.0,69.5,24,16.1,27,33,01:30.0,14.45125912949738,14.50960882937679,-0.0583497
PRT,porto,01:30.0,144.8,26,19.5,45,47,01:30.0,14.539694744017527,14.551582607599286,-0.011887864
PRT,porto,01:30.0,314.9,43,57.6,96,68,01:30.0,16.607414028600164,15.538035326663335,1.069378701936829
PRT,porto,31:30.0,404.5,45,75,134,68,46:30.0,16.86546764648521,15.490862643801242,1.3746050026839691
PRT,porto,46:30.0,125.3,20,40.5,38,27,46:30.0,13.04264376339948,12.63542511811034,0.407218645
PRT,porto,01:30.0,4.2,0,0.3,1,0,01:30.0,10.735776694698618,10.837633380804837,-0.101856686
PRT,porto,01:30.0,0,0,0,0,0,01:30.0,11.059384628244716,11.180669435556966,-0.121284807
PRT,porto,01:30.0,1,0,0.1,1,0,01:30.0,11.165619266740109,11.352937346214237,-0.187318079
PRT,porto,01:30.0,0,0,0,0,0,01:30.0,12.117317126575175,12.35443090500084,-0.237113778
PRT,porto,01:30.0,0,0,0,0,0,01:30.0,12.102901703927454,12.306852065825238,-0.203950362
PRT,porto,01:30.0,3.1,0,0.2,1,0,01:30.0,11.893114724038725,11.961594773451695,-0.068480049
PRT,porto,01:30.0,10.6,0,0.8,3,0,01:30.0,12.228756656635634,12.22666794806474,0.002088709
PRT,porto,01:30.0,7.4,4,0.4,3,1,01:30.0,12.725830109922882,12.609828367166235,0.1160017427566444
PRT,porto,31:30.0,96.3,9,9.7,27,6,01:30.0,13.196463316095524,12.630852503745402,0.5656108123501227
PRT,porto,01:30.0,14.6,10,1,5,11,01:30.0,13.97555693,14.237205488629538,-0.261648556
PRT,porto,01:30.0,97.3,38,25.2,39,32,01:30.0,16.61049268887196,15.459041180882243,1.151451507989716
PRT,porto,01:30.0,650.6,80,115.4,185,75,01:30.0,21.288793501311545,18.285057234606228,3.0037362667053173
PRT,porto,31:30.0,1348.9,89,193.5,326,89,31:30.0,22.28919057590769,18.96517768318249,3.3240128927251966
PRT,porto,46:30.1,1261.4,80,175.8,339,82,46:30.0,21.16226378885785,18.24229289117394,2.919970897683907
PRT,porto,46:30.0,345.4,44,59.7,115,48,46:30.0,16.92589909288249,16.102550765642675,0.8233483272398132
PRT,porto,46:30.0,211.4,36,35.1,69,36,31:30.0,16.119683712264663,15.41245119863307,0.7072325136315936
PRT,porto,46:30.0,154.2,31,33.8,57,34,46:30.0,15.76080484838606,15.090906654037212,0.6698981943488462
PRT,porto,01:30.0,83,23,13.8,28,24,46:30.0,14.705607035215824,14.274325811483342,0.4312812237324817
PRT,porto,01:30.0,104.2,25,18.1,31,24,01:30.0,14.75473076,14.505030304552974,0.249700451
PRT,porto,01:30.0,112.1,25,15.1,33,24,46:30.0,14.624317997828816,14.636002319275718,-0.011684321
PRT,porto,01:30.0,131.4,32,24.6,39,28,01:30.0,15.340934519005769,15.337984438838184,0.00295008
PRT,porto,01:30.0,369.7,50,66.5,121,52,01:30.0,17.15997308098538,16.533844504491192,0.6261285764941888
PRT,porto,46:30.0,375.3,51,71,116,54,46:30.0,17.367813203581377,16.782879612116105,0.5849335914652727
PRT,porto,46:30.0,142.6,22,45,43,24,46:30.0,13.205019511674314,13.04305643179044,0.1619630798838738
PRT,porto,01:30.0,2.2,0,1,2,0,01:30.0,10.215340839816133,10.31376854274866,-0.098427703
PRT,porto,01:30.0,2,0,0.3,1,0,01:30.0,10.255994243767448,10.504347219889818,-0.248352976
PRT,porto,01:30.0,2.1,0,1.9,2,0,01:30.0,11.413452729446009,11.485946190905237,-0.072493461
PRT,porto,01:30.0,1.3,0,0.9,1,0,01:30.0,12.14952237,12.218253727092938,-0.068731353
PRT,porto,01:30.0,6.7,0,2.2,2,0,01:30.0,11.811470874697749,11.98101398243227,-0.169543108
PRT,porto,01:30.0,0,0,0,0,0,01:30.0,11.955173373634125,12.027777432495323,-0.072604059
PRT,porto,01:30.0,3.8,0,0.1,1,0,01:30.0,12.134626482134772,12.222600239340531,-0.087973757
PRT,porto,01:30.0,8.2,3,2.3,4,2,01:30.0,12.721178682388803,12.696876352150204,0.02430233
PRT,porto,16:30.0,22.1,3,5.3,8,4,01:30.0,12.98607758071024,13.160894101130026,-0.17481652
PRT,porto,01:30.0,12,7,0.6,4,23,01:30.0,13.285269154541895,13.736808501928763,-0.451539347
PRT,porto,01:30.0,39.9,26,9.9,16,56,01:30.0,15.161754731864548,15.250519406274703,-0.088764674
PRT,porto,01:30.0,429.6,64,85.1,122,94,01:30.0,19.424343252762043,18.184943431342177,1.239399821419866
PRT,porto,01:30.0,1074.3,79,161.4,276,104,31:30.0,21.325818278091017,18.92715316695292,2.3986651111381008
PRT,porto,46:30.0,1060.7,73,151,274,87,46:30.0,20.61787616155283,18.356839137497232,2.2610370240555966
PRT,porto,46:30.0,328.6,43,55.1,111,44,46:30.0,16.802796063415972,16.062709533282558,0.7400865301334143
PRT,porto,31:30.0,157.4,34,33.7,58,30,46:30.0,16.05590985702462,15.379668018437387,0.6762418385872326
PRT,porto,01:30.0,132.8,32,25.3,52,30,46:30.0,15.791272594993742,15.127203618533612,0.6640689764601309
PRT,porto,46:30.0,140.6,31,25.1,47,26,46:30.0,15.665416079312315,14.991478261523882,0.673937818
PRT,porto,01:30.0,73.4,22,12.1,28,19,46:30.0,14.556463578070655,14.256125811587744,0.3003377664829116
PRT,porto,01:30.0,60.5,24,13.7,23,21,01:30.0,14.66196884,14.389846924429325,0.272121911
PRT,porto,16:30.0,104.8,26,13,31,23,01:30.0,14.772177833311323,14.540970883208244,0.2312069501030809
PRT,porto,01:30.0,102,25,16.9,32,23,01:30.0,14.636932995632248,14.542182149727813,0.094750846
PRT,porto,01:30.0,105.1,35,27.3,39,32,01:30.0,15.553200784031574,15.231640565495336,0.3215602185362378
PRT,porto,01:30.0,455.9,55,82.9,129,61,01:30.0,17.953234987112396,16.701420295092547,1.251814692019849
PRT,porto,46:30.0,504.2,55,92,140,61,46:30.0,18.06351229,16.89744565035336,1.1660666397629385
PRT,porto,46:30.0,184.3,23,48.8,53,30,46:30.0,13.265274286244926,12.93878162228516,0.3264926639597654
PRT,porto,01:30.0,0.5,0,1.5,1,0,01:30.0,10.593100963736608,10.730090124797565,-0.136989161
PRT,porto,01:30.0,0,0,0,0,0,01:30.0,10.436161553517088,10.626265672712687,-0.190104119
PRT,porto,01:30.0,0,0,0,0,0,01:30.0,11.615439574483991,11.570810121187536,0.044629453
PRT,porto,01:30.0,0,0,0,0,0,01:30.0,12.532369752577765,12.585957524973184,-0.053587772
PRT,porto,01:30.0,0,0,0,0,0,01:30.0,12.397505818980148,12.421618729437082,-0.02411291
PRT,porto,01:30.0,0.6,0,1.3,1,0,01:30.0,11.86415496297233,11.929925054647164,-0.065770092
PRT,porto,01:30.0,0,0,0,0,0,01:30.0,11.97472371953031,12.091394682014933,-0.116670962
PRT,porto,01:30.0,1.1,0,0,1,6,01:30.0,12.340897970472636,12.502665210580435,-0.16176724
PRT,porto,01:30.0,7.3,2,1.6,3,9,01:30.0,12.758580048829122,13.032541872182122,-0.273961823
PRT,porto,01:30.0,7.1,6,0.4,3,16,01:30.0,13.38973217411812,13.74563793152296,-0.355905757
PRT,porto,01:30.0,38,25,8.4,18,30,01:30.0,15.028689904263883,14.789117266207798,0.2395726380560852
PRT,porto,01:30.0,639.7,72,106.4,176,63,01:30.0,20.43598011952351,17.798917122433146,2.6370629970903643
PRT,porto,31:30.0,1315.3,89,177.2,334,76,31:30.0,22.32843165351387,18.5868612,3.741570456263268
PRT,porto,46:30.0,1115.6,75,161.4,306,70,46:30.0,20.63557244942189,17.788374540328327,2.847197909093559
PRT,porto,46:30.0,345,40,47.7,113,37,46:30.0,16.506985548141046,15.827278805242251,0.6797067428987944
PRT,porto,31:30.0,167,33,25.4,49,30,16:30.0,15.678978104226886,15.092992845709492,0.5859852585173932
PRT,porto,46:30.0,138.9,28,26.2,55,28,46:30.0,15.286370222031316,14.78264498912406,0.5037252329072555
PRT,porto,01:30.0,53.4,20,7.4,20,18,01:30.0,14.364703655298738,14.25098644351717,0.1137172117815676
PRT,porto,01:30.0,105.2,24,16.2,36,22,01:30.0,14.490177418584324,14.212070565714976,0.2781068528693478
PRT,porto,01:30.0,122.4,28,21.8,43,24,01:30.0,15.091596228400128,14.699944751432405,0.3916514769677235
PRT,porto,01:30.0,112.8,36,29.3,38,40,01:30.0,15.779507746697345,15.35673934655052,0.4227684001468237
PRT,porto,01:30.0,539.2,61,85.3,153,66,01:30.0,18.543916887173168,16.832558908099553,1.7113579790736146
PRT,porto,46:30.0,597.1,60,92.5,154,68,46:30.0,18.57173373930189,17.02776138835673,1.5439723509451682
PRT,porto,46:30.0,172.9,27,53.2,52,32,46:30.0,13.69526156094604,13.074733386369283,0.6205281745767568
PRT,porto,01:30.0,0,0,0,0,0,01:30.0,10.242010998025314,10.446563414048754,-0.204552416
PRT,porto,01:30.0,5.8,0,2.3,3,0,01:30.0,10.407149033172502,10.549011883637856,-0.14186285
PRT,porto,01:30.0,0.7,0,1.8,1,0,01:30.0,11.75126089749919,11.844184683265595,-0.092923786
PRT,porto,01:30.0,0,0,0,0,0,01:30.0,12.511533942762997,12.37341509477992,0.1381188479830761
PRT,porto,01:30.0,0,0,0,0,0,01:30.0,12.31799494353661,12.432751203323075,-0.11475626
PRT,porto,01:30.0,3.8,0,0.2,2,0,01:30.0,12.02656992589737,12.06307833,-0.036508403
PRT,porto,01:30.0,3.7,0,0.2,2,3,01:30.0,11.975802429373507,11.988617893319674,-0.012815464
PRT,porto,01:30.0,0.4,0,0.9,1,10,31:30.0,12.270343895506324,12.305972206710075,-0.035628311
PRT,porto,01:30.0,0,2,0,0,2,01:30.0,12.707403792806756,12.913024199035286,-0.205620406
PRT,porto,01:30.0,5.1,6,0.4,1,7,01:30.0,13.275103387839088,13.388380615614508,-0.113277228
PRT,porto,01:30.0,37,23,8.6,14,38,01:30.0,14.755887696978608,14.20744725480208,0.5484404421765277
PRT,porto,01:30.0,733.2,78,106,174,77,01:30.0,21.261189527000663,17.16527939253477,4.095910134465893
PRT,porto,31:30.0,1545.2,97,198.3,360,83,46:30.0,23.537522184474188,18.07749824034556,5.460023944128629
PRT,porto,46:30.0,1360.5,84,175,317,70,46:30.0,21.72217015654933,17.35759561704728,4.364574539502048
PRT,porto,46:30.0,305.2,42,54.5,97,36,46:30.0,16.688812786135315,15.426769003458666,1.262043782676649
PRT,porto,46:30.0,158,34,31.3,59,28,31:30.0,15.91608148831444,14.944725588297164,0.9713559000172758
PRT,porto,46:30.0,104.7,28,22.8,40,25,46:30.0,15.238084302128144,14.641817292799734,0.596267009
PRT,porto,46:30.0,45.5,19,10,22,17,01:30.0,14.214361992632464,14.095234763889373,0.1191272287430944
PRT,porto,01:30.0,80.4,24,13.8,23,20,01:30.0,14.472597031894631,13.793639797984593,0.6789572339100385
PRT,porto,01:30.0,120.8,31,25.4,43,21,01:30.0,15.307419940693864,14.034915498883096,1.272504441810769
PRT,porto,01:30.0,129.1,35,27.9,38,24,01:30.0,15.60434741473366,14.593618100432494,1.0107293143011675
PRT,porto,01:30.0,358.1,53,62.2,109,52,01:30.0,17.641044376624347,16.03869801318161,1.602346363442738
PRT,porto,46:30.0,403.8,53,74.2,129,53,46:30.0,17.799369510243924,16.366456829873556,1.432912680370368
PRT,porto,46:30.0,139.3,24,46.6,41,23,46:30.0,13.128841125494034,12.702081912254698,0.4267592132393361
PRT,porto,01:30.0,0,0,0,0,0,01:30.0,9.936600417626847,10.118260975797275,-0.181660558
PRT,porto,01:30.0,2.7,0,0.1,1,0,01:30.0,9.606009745373871,9.912968723187657,-0.306958978
PRT,porto,01:30.0,0,0,0,0,0,01:30.0,11.77825056,11.772784876890958,0.005465681
PRT,porto,01:30.0,0,0,0,0,0,01:30.0,12.339415227674692,12.453236514988092,-0.113821287
PRT,porto,01:30.0,4.2,0,0.2,1,0,01:30.0,11.90282199441738,12.249654037246778,-0.346832043
PRT,porto,01:30.0,2.5,0,2.1,3,0,01:30.0,11.966993098264876,12.211506555829668,-0.244513458
PRT,porto,01:30.0,2.6,0,0.3,1,0,01:30.0,11.666840824627112,11.964665236383192,-0.297824412
PRT,porto,01:30.0,1.5,0,0,1,0,01:30.0,11.678340532850244,12.02814854698273,-0.349808014
PRT,porto,01:30.0,3.1,0,0.2,2,1,01:30.0,12.219204964302833,12.582871973414385,-0.363667009
PRT,porto,01:30.0,3.2,4,0.4,1,4,01:30.0,12.429694745146634,12.732998856841448,-0.303304112
PRT,porto,01:30.0,27.4,15,8.7,12,11,01:30.0,13.475568616305992,13.013185818670252,0.4623827976357404
PRT,porto,01:30.0,73.2,28,21.4,25,20,01:30.0,14.735952312427187,13.19201555945681,1.543936752970378
PRT,porto,01:30.0,186.2,33,32,55,27,01:30.0,15.114927371267102,13.29253907728404,1.822388293983062
PRT,porto,46:30.0,184.7,31,31.8,56,28,46:30.0,14.8192749,13.276389671893927,1.5428852324661726
PRT,porto,31:30.0,163.6,28,32,48,22,31:30.0,14.447370662108913,13.417407315211168,1.0299633468977447
PRT,porto,46:30.0,126.5,22,25,39,18,46:30.0,13.805475971397447,13.07486135,0.7306146200367465
PRT,porto,46:30.0,25.8,9,4,11,11,46:30.0,12.779632896317858,12.79894257444781,-0.019309678
PRT,porto,01:30.0,43.5,17,13.9,19,14,01:30.0,13.483618487440264,12.767632335534042,0.7159861519062218
PRT,porto,16:30.0,64.1,18,12.2,22,14,46:30.0,13.55908204038602,12.867950320285429,0.6911317201005929
PRT,porto,01:30.0,79.6,17,16.2,28,14,46:30.0,13.396641342935215,12.770855860770869,0.625785482
PRT,porto,46:30.0,72.9,16,8.6,20,11,46:30.0,13.203577482030614,12.696726637009997,0.5068508450206188
PRT,porto,01:30.0,82.8,11,8.5,23,11,46:30.0,12.53534134325306,12.19637731019425,0.3389640330588079
PRT,porto,46:30.0,44.8,8,5.9,13,5,46:30.0,12.274371313075854,12.041789903295523,0.2325814097803284
PRT,porto,01:30.0,0,0,0,0,0,01:30.0,10.550164779865275,10.798569839039583,-0.248405059
PRT,porto,01:30.0,0,0,0,0,0,01:30.0,10.445962025232893,10.629536799133302,-0.183574774
PRT,porto,01:30.0,6.2,0,0.3,1,0,01:30.0,11.129452100351752,11.204813354350764,-0.075361254
PRT,porto,01:30.0,0,0,0,0,0,01:30.0,11.619234951098605,11.71408105857826,-0.094846107
PRT,porto,01:30.0,5.1,0,0.2,1,0,01:30.0,11.967397818332008,12.07536489941118,-0.107967081
PRT,porto,01:30.0,0,0,0,0,0,01:30.0,12.040918766107705,12.198243211681511,-0.157324446
PRT,porto,01:30.0,0,0,0,0,0,01:30.0,12.218685158810294,12.357538619758463,-0.138853461
PRT,porto,01:30.0,3.6,0,0.3,2,0,01:30.0,12.085942081663264,12.178271979810242,-0.092329898
PRT,porto,01:30.0,15.7,4,1.8,7,2,01:30.0,12.55943993,12.071782749745816,0.4876571824746829
PRT,porto,31:30.0,63,10,4.7,16,8,01:30.0,13.438163471203556,12.36454518935519,1.0736182818483648
PRT,porto,31:30.0,41.2,11,4.6,13,10,31:30.0,13.271836641959512,12.78507062163082,0.48676602
PRT,porto,01:30.0,52.3,14,4.2,18,9,01:30.0,14.602421765920225,13.998157664416372,0.6042641015038512
PRT,porto,01:30.0,138.8,21,9.7,41,19,01:30.0,15.182800597362592,14.140344492446877,1.0424561049157166
PRT,porto,01:30.0,142.3,30,25.4,45,28,01:30.0,15.34236087154429,13.93268918346956,1.4096716880747309
PRT,porto,01:30.0,195.4,35,28.3,66,37,01:30.0,15.582734162064517,13.90877400202666,1.6739601600378542
PRT,porto,01:30.0,263.1,40,35.7,80,41,01:30.0,16.221372354748198,14.019016313036047,2.202356042
PRT,porto,46:30.0,258,41,40.2,78,40,46:30.0,16.427665664254853,14.170871467944677,2.2567941963101763
PRT,porto,31:30.0,260.9,35,33.9,73,31,31:30.0,15.840002387901144,14.428608495353847,1.4113938925472969
PRT,porto,46:30.0,251.2,31,38.3,79,26,46:30.0,15.300950212404931,14.115888157953684,1.1850620544512491
PRT,porto,01:30.0,56.2,19,10.4,19,17,01:30.0,14.02100876173674,13.486412817725498,0.5345959440112438
PRT,porto,01:30.0,188.5,33,33.5,67,28,01:30.0,15.594712909457533,13.958528811326785,1.6361840981307498
PRT,porto,01:30.0,210.2,35,37.8,62,32,01:30.0,15.587704502675017,13.96096445325785,1.626740049417167
PRT,porto,46:30.0,198.7,33,34.3,60,31,46:30.0,15.390700313961885,13.898675171500578,1.492025142461307
PRT,porto,46:30.0,134.5,24,26.8,47,21,46:30.0,14.112666194236894,13.13982606777232,0.9728401264645736
PRT,porto,31:30.0,68,20,16.9,26,21,46:30.0,13.628436330138904,12.890908793723534,0.7375275364153691
PRT,porto,46:30.0,25.4,9,5.2,9,7,46:30.0,12.221728550021496,12.03358731448066,0.1881412355408347
PRT,porto,46:30.0,4.3,1,0.3,3,0,01:30.0,11.071503758947612,11.106175600093088,-0.034671841
PRT,porto,01:30.0,1.6,0,0,1,0,01:30.0,11.452571581481488,11.000426224159693,0.452145357
PRT,porto,01:30.0,0,0,0,0,0,01:30.0,11.216125422054631,11.162940840884666,0.053184581
PRT,porto,01:30.0,5.4,0,0.1,1,0,01:30.0,11.371756134024668,11.36750521679266,0.004250917
PRT,porto,01:30.0,9.5,0,2.3,4,0,01:30.0,12.210432155367148,12.086977268259709,0.1234548871074405
PRT,porto,01:30.0,0.6,0,1.4,1,0,01:30.0,12.211062874587714,12.189205699897611,0.021857175
PRT,porto,01:30.0,2.3,0,0.2,2,0,01:30.0,12.204607147277311,12.042228752679854,0.162378395
PRT,porto,01:30.0,16.1,4,1.8,5,1,01:30.0,12.655356742961697,12.00906895537637,0.6462877875853277
PRT,porto,01:30.0,6.8,7,0.8,4,7,01:30.0,12.819092835666195,12.544592282174571,0.2745005534916238
PRT,porto,01:30.0,11.3,8,0.6,4,10,31:30.0,13.329046516822345,13.25608486507602,0.072961652
PRT,porto,01:30.0,93.4,18,5.8,30,12,31:30.0,15.03109069878452,13.950812721331507,1.0802779774530116
PRT,porto,01:30.0,230.2,40,24.7,57,32,01:30.0,17.185801883127635,14.319871258224374,2.8659306249032603
PRT,porto,01:30.0,498.9,56,65.6,133,78,01:30.0,18.618271177086875,15.554320925115505,3.063950252
PRT,porto,01:30.0,933.5,88,138.1,246,118,01:30.0,22.14880874,17.566909467644628,4.581899267856173
PRT,porto,01:30.0,1741.1,102,221.6,415,122,31:30.0,23.68130885857408,18.43489614437352,5.246412714200556
PRT,porto,46:30.0,1739.3,98,218.2,399,107,46:30.0,23.23988035446389,18.274562621594846,4.965317732869046
PRT,porto,46:30.0,788.6,62,105.7,208,64,46:30.0,18.938379138939823,16.442258797312515,2.496120341627311
PRT,porto,01:30.0,417.6,51,67.8,139,64,46:30.0,17.77672424,15.84065532735174,1.936068909777159
PRT,porto,46:30.0,433.9,50,69.2,138,43,46:30.0,17.58301657192998,15.634936140320413,1.9480804316095688
PRT,porto,46:30.0,315,41,50,104,38,46:30.0,16.827517671322866,15.03575702678413,1.7917606445387353
PRT,porto,01:30.0,218.7,34,33.2,72,31,31:30.0,15.91359900209816,14.40211393394382,1.5114850681543397
PRT,porto,16:30.0,156.4,34,27.6,63,28,01:30.0,15.878643749977348,14.70179967769666,1.1768440722806872
PRT,porto,01:30.0,143.2,33,28.1,54,29,01:30.0,15.595656461441518,14.590841062649604,1.004815398791914
PRT,porto,01:30.0,298.9,47,48.5,88,34,01:30.0,17.089123212352206,14.669271487762892,2.4198517245893125
PRT,porto,01:30.0,766.6,68,110,190,58,01:30.0,19.62295452973165,15.59740225834986,4.025552271381789
PRT,porto,46:30.0,828.4,68,126.1,211,60,31:30.0,19.796288616683245,15.87623416127476,3.9200544554084864
PRT,porto,46:30.0,260.6,27,61.2,74,35,46:30.0,13.91337311268366,12.634874465009773,1.2784986476738889
PRT,porto,01:30.0,0,0,0,0,0,01:30.0,11.088568627552362,11.106611865075433,-0.018043238
PRT,porto,01:30.0,0,0,0,0,0,01:30.0,11.2741949,11.301446521113249,-0.027251623
PRT,porto,01:30.0,0,0,0,0,0,01:30.0,12.185689970778622,12.173854052775582,0.011835918
PRT,porto,01:30.0,0.9,0,1.5,1,0,01:30.0,12.664416837644309,12.72116405564934,-0.056747218
PRT,porto,01:30.0,0,0,0,0,0,01:30.0,12.526453374045644,12.514085801304864,0.012367573
PRT,porto,01:30.0,4.6,0,0.3,2,0,01:30.0,12.080143739462375,12.160786109631433,-0.08064237
PRT,porto,01:30.0,5.3,0,0.1,1,0,01:30.0,12.234127725100487,12.355402011639482,-0.121274287
PRT,porto,01:30.0,1.2,1,0.1,1,1,01:30.0,12.439815300201529,12.657690509432872,-0.217875209
PRT,porto,01:30.0,0,6,0,0,3,01:30.0,13.253134783405018,13.161188026423623,0.091946757
PRT,porto,01:30.0,14.3,11,1.1,4,9,01:30.0,13.843099320168946,13.91520374135754,-0.072104421
PRT,porto,01:30.0,55.9,32,11.9,27,25,01:30.0,15.97733528095821,15.427591879512017,0.5497434014461948
PRT,porto,01:30.0,634.3,75,100.4,184,69,01:30.0,20.81748895923617,18.254148968428268,2.5633399908079006
PRT,porto,31:30.0,1396.4,89,190.5,365,88,01:30.0,22.431404973933155,18.969455644730346,3.4619493292028096
PRT,porto,46:30.0,1331.4,82,177.7,326,82,46:30.0,21.62419723495382,18.372714990272453,3.251482244681366
PRT,porto,46:30.0,397.3,48,69.8,125,41,46:30.0,17.425928451114082,16.144340040860733,1.2815884102533488
PRT,porto,01:30.0,157.3,36,28,53,41,46:30.0,16.013488829898858,15.455125878824514,0.5583629510743435
PRT,porto,31:30.0,179.1,36,29.3,57,32,31:30.0,16.238207093174445,15.38616440007874,0.8520426930957044
PRT,porto,46:30.0,158.5,34,34.4,60,29,46:30.0,16.107320244201134,15.048423270848351,1.0588969733527804
PRT,porto,46:30.0,60.6,24,14.3,27,20,01:30.0,14.94585293913028,14.54454594353504,0.4013069955952399
PRT,porto,01:30.0,77.7,24,13.2,26,26,01:30.0,14.747245681988236,14.63732996704829,0.1099157149399463
PRT,porto,46:30.0,76.2,24,13.3,31,28,01:30.0,14.68170352350904,14.67892612932478,0.002777394
PRT,porto,01:30.0,72.9,28,11.6,30,36,01:30.0,14.762436437264617,15.468703046145082,-0.706266609
PRT,porto,01:30.0,398.9,52,70.8,122,59,01:30.0,17.669438350836902,16.86679304602687,0.8026453048100315
PRT,porto,46:30.0,451.5,54,81.4,131,60,46:30.0,17.94096251585676,17.040376137125627,0.9005863787311341
PRT,porto,46:30.0,171.5,24,47.7,51,24,46:30.0,13.463693811299011,13.028920896509986,0.4347729147890256
PRT,porto,01:30.0,0,0,0,0,0,01:30.0,10.615742636838243,10.70638305383056,-0.090640417
PRT,porto,01:30.0,0,0,0,0,0,01:30.0,10.425057232045653,10.550027675841324,-0.124970444
PRT,porto,01:30.0,1.2,0,3,2,0,01:30.0,12.365567801353114,12.243264686041362,0.1223031153117517
PRT,porto,01:30.0,0,0,0,0,0,01:30.0,12.664301998511789,12.770534787226971,-0.106232789
PRT,porto,01:30.0,5.2,0,0.3,2,0,01:30.0,12.597325097945708,12.629763558459468,-0.032438461
PRT,porto,01:30.0,0,0,0,0,0,01:30.0,12.169860816189102,12.235713498202871,-0.065852682
PRT,porto,01:30.0,2.6,0,0.2,1,0,01:30.0,12.246234891994725,12.335477848321974,-0.089242956
PRT,porto,01:30.0,8.1,2,2.6,5,3,01:30.0,12.711996699615764,12.827781877259774,-0.115785178
PRT,porto,01:30.0,3.6,4,0.1,1,3,01:30.0,13.098371768975175,13.227621687183936,-0.129249918
PRT,porto,01:30.0,37.6,23,9.5,6,10,01:30.0,15.46575227493237,13.87778110889194,1.5879711660404308
PRT,porto,01:30.0,339.3,56,41.8,68,36,01:30.0,19.25298848772551,15.42008035,3.8329081366947086
PRT,porto,01:30.0,1396.4,94,149.2,289,76,01:30.0,23.516476813562942,17.984473151025494,5.532003662537452
PRT,porto,31:30.0,2094.7,104,223.6,438,86,31:30.0,24.32052925388381,18.51201227601827,5.8085169778655406
PRT,porto,46:30.0,1592.3,87,179.7,361,76,46:30.0,22.21822938457985,17.913761647967597,4.304467736612249
PRT,porto,46:30.0,315.2,44,53.1,93,38,46:30.0,17.19639742826889,16.23048929261746,0.965908136
PRT,porto,46:30.0,123.3,30,26.3,50,30,31:30.0,15.450243238433467,15.416228297373166,0.034014941
PRT,porto,31:30.0,103.4,29,20.7,40,30,31:30.0,15.423626913379437,15.40488959577755,0.018737318
PRT,porto,46:30.0,108.7,26,20.3,41,28,46:30.0,15.150966729647152,15.037189591615778,0.1137771380313736
PRT,porto,46:30.0,63.5,19,10.6,24,20,01:30.0,14.389135656201333,14.50120129,-0.112065638
PRT,porto,01:30.0,61.4,21,8.5,23,22,01:30.0,14.377654758541972,14.525053150556712,-0.147398392
PRT,porto,01:30.0,73.9,23,10.4,27,24,01:30.0,14.50363574633696,14.73552952500351,-0.231893779
PRT,porto,01:30.0,80,32,18.1,31,40,01:30.0,15.256200356184904,15.303402817131172,-0.047202461
PRT,porto,01:30.0,520.3,61,85.3,160,64,01:30.0,18.717329497560463,16.77077721931951,1.9465522782409543
PRT,porto,46:30.0,637.9,61,102.7,186,64,46:30.0,18.76042733675571,16.877203971587292,1.8832233651684191
PRT,porto,46:30.0,256.6,30,62.2,70,26,46:30.0,13.936618591203306,12.791638640543452,1.144979950659854
PRT,porto,01:30.0,0,0,0,0,0,01:30.0,10.68391589332541,10.515058257717287,0.1688576356081217
PRT,porto,01:30.0,0,0,0,0,0,01:30.0,10.445325748851683,10.33732679353468,0.1079989553170026
PRT,porto,01:30.0,1,0,2.7,1,0,01:30.0,11.723754396858537,11.451624782673164,0.2721296141853724
PRT,porto,01:30.0,5.3,0,8.4,2,0,01:30.0,12.74940030905585,12.599117504189897,0.1502828048659559
PRT,porto,01:30.0,4.1,0,5.2,2,0,01:30.0,12.650827209797546,12.471194034815788,0.1796331749817579
PRT,porto,01:30.0,1.3,0,4.3,2,0,01:30.0,12.390661351225075,12.201806735164864,0.1888546160602118
PRT,porto,01:30.0,0,0,0,0,0,01:30.0,12.493680741078483,12.36909494826233,0.1245857928161537
PRT,porto,01:30.0,2.8,6,3.9,2,0,01:30.0,13.23571342840247,12.700438303878272,0.5352751245241976
PRT,porto,01:30.0,3.2,9,0.2,1,2,01:30.0,14.01303846818662,13.423391764408358,0.5896467037782624
PRT,porto,01:30.0,21.8,16,2.1,8,7,01:30.0,14.718762935861662,13.799523345332435,0.9192395905292264
PRT,porto,01:30.0,49,30,9.5,18,38,01:30.0,15.619951641606848,14.76143500862231,0.8585166329845375
PRT,porto,01:30.0,412.7,63,74,128,78,01:30.0,19.30607126308699,17.933442479988063,1.3726287830989286
PRT,porto,31:30.0,1108.9,76,156.6,302,85,31:30.0,20.75803962824561,18.669483052590767,2.088556575654845
PRT,porto,46:30.0,1044.7,70,151.7,271,73,46:30.0,20.17440745255836,18.013402546973758,2.161004905584601
PRT,porto,46:30.0,306.5,37,46.4,94,38,46:30.0,16.15728485574895,15.849034231027916,0.308250625
PRT,porto,16:30.0,213.3,30,25.2,60,31,46:30.0,15.538003717514403,15.163430361566093,0.3745733559483106
PRT,porto,01:30.0,176.2,29,19.3,44,31,46:30.0,15.46116755,15.098789821207731,0.3623777246524682
PRT,porto,46:30.0,188.2,28,26.4,58,27,46:30.0,15.30481857742799,14.836020972353872,0.4687976050741174
PRT,porto,01:30.0,45.3,18,6.2,17,18,46:30.0,14.24167895136186,14.314096454370391,-0.072417503
PRT,porto,01:30.0,81.8,22,9.8,26,18,01:30.0,14.529372340408075,14.514783655683024,0.014588685
PRT,porto,01:30.0,72.2,24,12,24,22,01:30.0,14.647283549737438,14.747214218875529,-0.099930669
PRT,porto,01:30.0,171.3,40,35.5,52,39,01:30.0,16.168161003588473,15.281893360203894,0.8862676433845795
PRT,porto,01:30.0,591,66,92.8,148,64,01:30.0,19.347966943311626,16.749287172515423,2.598679770796199
PRT,porto,46:30.0,673,68,113.7,181,63,46:30.0,19.733150831307164,17.014399795253222,2.7187510360539413
PRT,porto,46:30.0,248.2,32,52.2,58,28,46:30.0,14.353870742287558,13.007020424864065,1.3468503174234936
PRT,porto,01:30.0,0,0,0,0,0,01:30.0,10.429948324496925,10.56786158560949,-0.137913261
PRT,porto,01:30.0,1.2,0,0,1,0,01:30.0,10.316466324717828,10.408732048699257,-0.092265724
PRT,porto,01:30.0,1,0,0,1,0,01:30.0,11.654256481162014,11.489914884210895,0.1643415969511164
PRT,porto,01:30.0,2.6,0,3.7,2,0,01:30.0,12.479473771377748,12.372785911311984,0.1066878600657652
PRT,porto,01:30.0,1.5,0,1.7,2,0,01:30.0,12.682748838915312,12.61401873980742,0.068730099
PRT,porto,01:30.0,0,0,0,0,0,01:30.0,12.049038419162798,12.072736562772056,-0.023698144
PRT,porto,01:30.0,11.7,3,0.7,3,0,01:30.0,12.417723524018898,11.827974148583472,0.5897493754354262
PRT,porto,31:30.0,52.3,10,4.1,12,0,01:30.0,12.912473884955055,11.62975741764555,1.2827164673095055
PRT,porto,01:30.0,3.2,2,0.3,1,1,01:30.0,12.663249507259511,12.83638532694244,-0.17313582
PRT,porto,01:30.0,10,7,0.8,5,6,01:30.0,13.60970452029976,13.58391569917442,0.025788821
PRT,porto,01:30.0,74.9,38,23.5,30,21,01:30.0,16.645608370711788,14.312203191625256,2.333405179086532
PRT,porto,01:30.0,684.8,77,101.8,181,57,01:30.0,21.16357293,17.102790791170104,4.060782137201297
PRT,porto,46:30.0,947,83,138,256,73,33:00.0,21.931357556490667,17.909939113390386,4.021418443100281
PRT,porto,46:30.0,968.8,70,152.1,269,65,46:30.0,20.00280028732156,17.373693103499065,2.6291071838224944
PRT,porto,46:30.0,299.9,36,43.8,94,35,46:30.0,16.02271266,15.570120775180822,0.4525918849692765
PRT,porto,31:30.0,115.9,28,19.3,42,29,46:30.0,15.162512397738046,14.914067180207056,0.2484452175309908
PRT,porto,46:30.0,118.7,25,20,43,25,46:30.0,14.953819150578354,14.71036585715069,0.2434532934276649
PRT,porto,01:30.0,60.5,19,13.7,27,25,46:30.0,14.275648734179969,14.155939300878268,0.1197094333017005
PRT,porto,01:30.0,36.5,17,4.9,15,19,46:30.0,14.029245395758444,14.012556579371989,0.016688816
PRT,porto,01:30.0,58,20,11.4,23,20,01:30.0,14.152723857564984,13.921426118773638,0.2312977387913459
PRT,porto,01:30.0,64.7,21,10,26,23,01:30.0,13.988685889114883,13.940201284606289,0.048484605
PRT,porto,01:30.0,52.4,24,11.9,21,32,01:30.0,14.308897957499775,14.605978794059308,-0.297080837
PRT,porto,01:30.0,357.5,52,71.9,112,66,01:30.0,17.426697913276953,16.046203815369473,1.380494098
PRT,porto,46:30.0,417.6,53,78.3,131,69,46:30.0,17.744847906297345,16.421243665217137,1.3236042410802078
PRT,porto,46:30.0,169,23,47.7,49,33,46:30.0,13.103713538248428,12.659466346194382,0.4442471920540463
PRT,porto,01:30.0,2,0,0.3,1,0,01:30.0,9.856158531151545,10.04394989299526,-0.187791362
PRT,porto,01:30.0,3.1,0,0.4,1,0,01:30.0,9.969389370009123,10.223642640874452,-0.254253271
PRT,porto,01:30.0,0,0,0,0,0,01:30.0,10.98705107910013,11.139149497425922,-0.152098418
PRT,porto,01:30.0,0,0,0,0,0,01:30.0,12.256679909259317,12.315589337135684,-0.058909428
PRT,porto,01:30.0,0,0,0,0,0,01:30.0,13.24931830315936,13.283256304890608,-0.033938002
PRT,porto,01:30.0,0,0,0,0,0,01:30.0,12.31905078636036,12.393371416892856,-0.074320631
PRT,porto,01:30.0,6,0,0.3,3,0,01:30.0,11.724431413301986,11.81974284238962,-0.095311429
PRT,porto,01:30.0,0,0,0,0,4,01:30.0,12.076291556878765,12.321328012598876,-0.245036456
PRT,porto,01:30.0,2.6,1,0.4,2,8,01:30.0,12.265179505720704,12.58547932157536,-0.320299816
PRT,porto,01:30.0,2.9,4,0.5,2,13,31:30.0,12.59787534,12.836493091197498,-0.238617752
PRT,porto,01:30.0,31.7,11,3.8,9,13,01:30.0,13.179124597064805,13.192391293860751,-0.013266697
PRT,porto,01:30.0,114.1,20,14.4,25,13,31:30.0,13.911621618787189,13.261303809288062,0.6503178094991267
PRT,porto,01:30.0,148.7,27,23.5,39,13,01:30.0,14.453943670554404,13.279191909930352,1.1747517606240514
PRT,porto,46:30.0,160.2,28,27.6,46,16,01:30.0,14.470294738334012,13.297586955936907,1.1727077823971026
PRT,porto,31:30.0,116.9,22,22.5,41,16,31:30.0,13.775475015128432,13.371383953032026,0.4040910620964055
PRT,porto,46:30.0,105.3,18,20.3,33,13,46:30.0,13.337796516609767,13.087108791757576,0.2506877248521899
PRT,porto,46:30.0,40.2,11,8.4,17,6,46:30.0,13.197699729421585,12.910273353427028,0.2874263759945545
PRT,porto,01:30.0,36.1,14,10.8,13,9,01:30.0,13.182996686847432,12.840506399450335,0.3424902873970943
PRT,porto,46:30.0,25.5,14,10.6,12,11,01:30.0,13.092991808271425,12.870428435780468,0.2225633724909563
PRT,porto,46:30.0,49.4,11,6.5,15,10,46:30.0,12.668804653860184,12.719901683316968,-0.051097029
PRT,porto,46:30.0,16.9,5,2.7,8,5,46:30.0,11.900886458181128,12.023001056629926,-0.122114598
PRT,porto,01:30.0,8.4,0,0.9,4,0,01:30.0,10.695372214269373,10.885434743080388,-0.190062529
PRT,porto,01:30.0,1.7,0,0.2,1,0,01:30.0,10.593864142157123,10.731463428481582,-0.137599286
PRT,porto,01:30.0,0,0,0,0,0,01:30.0,11.192947561424848,11.254112497977356,-0.061164937
PRT,porto,01:30.0,7.4,0,2.8,2,0,01:30.0,11.421063252634497,11.534930194857576,-0.113866942
PRT,porto,01:30.0,1.1,0,0.1,1,0,01:30.0,11.80230523386702,11.998905032199236,-0.196599798
PRT,porto,01:30.0,0,0,0,0,0,01:30.0,12.52584080538287,12.477725490372595,0.048115315
PRT,porto,01:30.0,1.3,0,0.2,1,0,01:30.0,12.609225709490977,12.664597503025234,-0.055371794
PRT,porto,01:30.0,1.1,0,0.1,1,0,01:30.0,12.408975396683031,12.445483379395522,-0.036507983
PRT,porto,01:30.0,5.4,2,0.5,3,1,01:30.0,12.55082114087692,12.305231966014462,0.2455891748624576
PRT,porto,01:30.0,10.2,8,0.9,3,6,01:30.0,13.09849345,12.736922967946898,0.3615704842044014
PRT,porto,31:30.0,25.5,10,2.1,10,7,16:30.0,13.393004915327593,13.033563308870228,0.3594416064573646
PRT,porto,01:30.0,21.4,9,1.9,7,8,01:30.0,14.03408207121666,14.010108295006525,0.023973776
PRT,porto,01:30.0,67.8,19,5.8,22,14,01:30.0,14.739028490721624,13.949511571922326,0.789516919
PRT,porto,01:30.0,138.2,28,21.2,45,22,01:30.0,15.144407126595876,13.93242973683018,1.2119773897656962
PRT,porto,01:30.0,192.1,37,33.2,60,29,01:30.0,16.115614717037815,14.165556068760168,1.950058648277647
PRT,porto,01:30.0,297.3,41,38.2,87,38,01:30.0,16.391553934961156,14.112776029910492,2.278777905050664
PRT,porto,46:30.0,315.9,40,42.8,92,38,46:30.0,16.17274173554327,14.059319901169154,2.113421834374116
PRT,porto,16:30.0,233.4,34,32.8,71,38,46:30.0,15.663440234814027,14.29492692029163,1.3685133145223976
PRT,porto,31:30.0,228.9,31,33.5,75,37,31:30.0,15.38678027,14.409243659912654,0.9775366150484466
PRT,porto,46:30.0,144.8,26,25.1,52,32,46:30.0,14.718506137860528,14.190443992606486,0.5280621452540419
PRT,porto,01:30.0,24.2,17,8,10,17,46:30.0,13.851785110809342,13.458119785687336,0.3936653251220043
PRT,porto,01:30.0,124.9,28,23.8,46,28,01:30.0,15.204672230788328,14.071687984796338,1.132984246
PRT,porto,01:30.0,174.7,32,30.2,51,30,46:30.0,15.401650974951323,14.171434663996244,1.230216310955079
PRT,porto,46:30.0,187.5,31,30.3,55,26,31:30.0,15.275413014071614,14.17515350770778,1.100259506363834
PRT,porto,46:30.0,117.4,21,21.1,42,20,46:30.0,13.880252212230506,13.27125157,0.6090006383023052
PRT,porto,46:30.0,8.5,7,2.9,4,8,46:30.0,12.089023259059566,12.196140433144931,-0.107117174
PRT,porto,01:30.0,0,0,0,0,0,01:30.0,10.74823674261075,10.81073009081333,-0.062493348
PRT,porto,01:30.0,0,0,0,0,0,01:30.0,11.093901340652996,11.182833888106837,-0.088932547
PRT,porto,01:30.0,1.3,0,0.1,1,0,01:30.0,11.618319851025184,11.78245127200665,-0.164131421
PRT,porto,01:30.0,4.4,0,0.3,1,0,01:30.0,11.904281605679095,11.904773872423076,-0.000492267
PRT,porto,01:30.0,5,0,0.1,1,0,01:30.0,12.168350900986647,12.132418429772304,0.035932471
PRT,porto,01:30.0,0,0,0,0,0,01:30.0,12.42756591,12.432290752063844,-0.004724847
PRT,porto,01:30.0,4.7,0,0.5,3,0,01:30.0,12.623523475293757,12.529338305603536,0.09418517
PRT,porto,01:30.0,1.3,1,0.1,1,0,01:30.0,12.80974412312257,12.53042024750206,0.279323876
PRT,porto,01:30.0,10.7,7,3.4,4,5,01:30.0,13.094506278265612,12.703699177556205,0.3908071007094094
PRT,porto,31:30.0,13.2,10,3.1,6,6,31:30.0,13.220915911031597,12.78459373853681,0.4363221724947852
PRT,porto,31:30.0,85.6,12,6.4,21,7,01:30.0,13.788880547922002,13.273213148948171,0.5156673989738305
PRT,porto,01:30.0,93,32,13.2,29,17,01:30.0,16.333066939454696,14.39505901460376,1.938007924850936
PRT,porto,01:30.0,590.5,78,106.3,143,42,01:30.0,21.68735817745459,15.817011058238188,5.870347119216403
PRT,porto,01:30.0,1800.4,118,207.8,360,83,01:30.0,26.637984933785187,17.88264762330955,8.755337310475639
PRT,porto,31:30.0,2207.7,122,253.4,461,89,31:30.0,27.079646548659536,18.691294890054728,8.388351658604808
PRT,porto,46:30.0,2008.6,107,236.1,428,79,46:30.0,25.073868222919128,18.47822116859728,6.595647054321848
PRT,porto,46:30.0,553,64,90.9,149,48,46:30.0,19.476528490308983,16.79044015439892,2.686088335910064
PRT,porto,46:30.0,296.4,43,58.5,99,38,46:30.0,16.709847941849816,15.48595185023314,1.2238960916166768
PRT,porto,46:30.0,193,38,43.5,64,34,31:30.0,16.520445074635028,15.172197630834251,1.3482474438007763
PRT,porto,31:30.0,135,31,27,41,27,01:30.0,15.782718336698055,14.685679833232816,1.0970385034652406
PRT,porto,01:30.0,126.1,29,24.1,40,27,01:30.0,15.49742952747332,14.717801866802532,0.7796276606707888
PRT,porto,01:30.0,92.8,28,20.5,31,27,01:30.0,15.087589476757277,14.675835300921962,0.4117541758353145
PRT,porto,01:30.0,95.5,29,22.2,37,33,01:30.0,15.098633858702671,14.554420634616283,0.5442132240863877
PRT,porto,01:30.0,122.3,34,23.8,36,37,01:30.0,15.468200352696114,14.56965016055418,0.8985501921419345
PRT,porto,01:30.0,448.7,58,78.2,132,48,01:30.0,18.41557654,15.617025015594816,2.7985515220513832
PRT,porto,31:30.0,728.1,60,108.4,199,49,46:30.0,19.006945194485173,15.717704259720568,3.2892409347646048
PRT,porto,46:30.0,258.1,35,64,62,24,46:30.0,14.852282372270558,12.71049506,2.141787308538458
PRT,porto,01:30.0,1.4,1,1.3,1,24,46:30.0,11.06795483640743,10.82405191183944,0.2439029245679904
PRT,porto,01:30.0,1.2,0,0.4,1,0,01:30.0,10.85828516,10.960218639288946,-0.101933476
PRT,porto,01:30.0,0,0,0,0,0,01:30.0,11.111383104590224,11.195371730782409,-0.083988626
PRT,porto,01:30.0,2.7,0,0.1,1,0,01:30.0,12.566135534255894,12.55002358541553,0.016111949
PRT,porto,01:30.0,10.7,0,0.5,2,0,01:30.0,13.03762461834065,12.975021779520262,0.062602839
PRT,porto,01:30.0,5,0,0.4,1,0,01:30.0,12.816488971859242,12.772590729878084,0.043898242
PRT,porto,01:30.0,0.8,0,2.7,1,0,01:30.0,12.55118488984211,12.490361727434344,0.060823162
PRT,porto,01:30.0,3.9,0,0.2,1,0,01:30.0,12.289882048831034,12.45891222354431,-0.169030175
PRT,porto,01:30.0,10.1,1,0.5,6,2,01:30.0,12.47412835065665,12.69043645785617,-0.216308107
PRT,porto,01:30.0,4,3,0.5,2,5,01:30.0,12.98306522836863,13.336800586161226,-0.353735358
PRT,porto,01:30.0,2.5,9,0.2,1,13,01:30.0,13.658532795614375,13.991142545235355,-0.33260975
PRT,porto,01:30.0,20.2,25,7.4,13,31,01:30.0,15.089783035566551,15.392655886791148,-0.302872851
PRT,porto,01:30.0,450.9,69,78.5,137,79,01:30.0,20.16195160427361,18.26917326310066,1.8927783411729564
PRT,porto,01:30.0,1212.4,88,171.1,306,93,31:30.0,22.19510442487612,18.651090582750424,3.5440138421256897
PRT,porto,46:30.0,1170.8,82,178,299,80,46:30.0,21.53632063608821,18.153807978372686,3.382512657715523
PRT,porto,46:30.0,325.5,41,58.5,102,45,46:30.0,16.46448675607051,15.884661178978368,0.5798255770921426
PRT,porto,31:30.0,111.2,32,24.7,47,39,01:30.0,15.611417539528189,15.249856478883252,0.3615610606449344
PRT,porto,46:30.0,111.6,29,26.8,47,38,46:30.0,15.351313849900862,14.889512749038708,0.4618011008621536
PRT,porto,01:30.0,68.6,20,8.8,21,25,46:30.0,14.36945532827028,14.301765470830103,0.067689857
PRT,porto,01:30.0,104,26,17.2,33,22,01:30.0,14.943069264073102,14.550127071076355,0.3929421929967471
PRT,porto,01:30.0,101.6,28,18.3,42,26,01:30.0,14.949157193917332,14.767805462765631,0.1813517311517021
PRT,porto,01:30.0,127.6,36,25.7,40,39,01:30.0,15.737604125442566,15.336568428126014,0.4010356973165514
PRT,porto,01:30.0,515.4,59,86.2,151,69,01:30.0,18.321189019383937,16.70170460438943,1.6194844149945062
PRT,porto,46:30.0,617.5,60,101.5,167,69,46:30.0,18.59006970982757,16.883879859766438,1.7061898500611328
PRT,porto,46:30.0,197.5,24,51,57,33,46:30.0,13.48910271,13.02158716700518,0.4675155446497179
PRT,porto,01:30.0,3.5,0,0.4,2,0,01:30.0,10.493036722795049,10.588168399776016,-0.095131677
PRT,porto,01:30.0,2.7,0,1.9,3,0,01:30.0,10.48917194084022,10.608624159804354,-0.119452219
PRT,porto,01:30.0,0,0,0,0,0,01:30.0,11.760424286725362,11.782456884758766,-0.022032598
PRT,porto,01:30.0,1.1,0,2.3,1,0,01:30.0,13.085401861009316,13.02041696328105,0.064984898
PRT,porto,01:30.0,1.5,0,0.4,1,0,01:30.0,12.842417469453348,12.885690561338052,-0.043273092
PRT,porto,01:30.0,10.2,0,4.4,5,0,01:30.0,12.625018546870486,12.572901192521638,0.052117354
PRT,porto,01:30.0,3.2,0,2.3,2,2,01:30.0,12.36218939795911,12.484202491520088,-0.122013094
PRT,porto,01:30.0,20.7,3,3.3,3,5,01:30.0,12.809851251755774,12.802298867698813,0.007552384
PRT,porto,01:30.0,16.6,3,1.2,6,6,01:30.0,13.222847917088416,13.497601652222208,-0.274753735
PRT,porto,01:30.0,10,10,2.1,5,19,01:30.0,14.02542372129651,14.02736800746317,-0.001944286
PRT,porto,01:30.0,91.2,36,23.5,26,45,01:30.0,16.59291684989372,15.319673575766782,1.273243274126937
PRT,porto,01:30.0,675,76,100.4,156,85,01:30.0,21.09279179606172,18.333508261648387,2.759283534413335
PRT,porto,31:30.0,1294.9,86,165.6,307,95,01:30.0,22.20537939,18.924048886405032,3.281330504134964
PRT,porto,16:30.0,1291.5,85,165.5,315,95,01:30.0,22.00984751782625,18.909950787957897,3.099896729868356
PRT,porto,46:30.0,1079.8,76,153.9,271,88,46:30.0,21.041296388446685,18.25670742956981,2.784588958876874
PRT,porto,46:30.0,247.1,38,40.2,82,49,46:30.0,16.458289459650096,16.23723988983496,0.2210495698151362
PRT,porto,31:30.0,115.3,30,20.9,47,36,46:30.0,15.62653923106441,15.536715232082653,0.089823999
PRT,porto,46:30.0,114.8,28,20.6,46,34,46:30.0,15.412445175032294,15.04838692362543,0.3640582514068651
PRT,porto,01:30.0,60.7,20,9.5,23,27,46:30.0,14.426195950094966,14.38618450006912,0.04001145
PRT,porto,01:30.0,45.7,22,7.7,18,22,01:30.0,14.460708433682246,14.515065699891894,-0.054357266
PRT,porto,01:30.0,83.5,24,12.3,31,31,01:30.0,14.78140982969948,14.825770414290549,-0.044360585
PRT,porto,01:30.0,140.5,40,33.4,49,51,01:30.0,16.448016322867577,15.390001330596023,1.0580149922715538
PRT,porto,01:30.0,663.2,64,102.5,177,78,01:30.0,19.13063865201951,16.62036371,2.5102749423981088
PRT,porto,46:30.0,723.2,64,107.1,187,75,46:30.0,19.20627951697204,16.817623576151753,2.3886559408202857
PRT,porto,46:30.0,197,26,55.8,55,34,46:30.0,13.598482816065832,12.91666553522197,0.6818172808438625
PRT,porto,01:30.0,0,0,0,0,0,01:30.0,10.375460651216304,10.539163865784944,-0.163703215
PRT,porto,01:30.0,1,0,2.4,1,0,01:30.0,10.57472989,10.635994770020009,-0.061264883
PRT,porto,01:30.0,3.8,0,0.4,2,0,01:30.0,11.792775568647894,11.759768061619951,0.033007507
PRT,porto,01:30.0,0,0,0,0,0,01:30.0,12.878257460376442,12.837565098026996,0.040692362
PRT,porto,01:30.0,0,0,0,0,0,01:30.0,12.337900707776155,12.351542414052105,-0.013641706
PRT,porto,01:30.0,1.2,0,0,1,0,01:30.0,12.090714034316722,12.22915140351068,-0.138437369
PRT,porto,01:30.0,0,0,0,0,1,16:30.0,12.175156575190073,12.355712587738168,-0.180556013
PRT,porto,01:30.0,4.6,0,0.2,2,0,01:30.0,12.506134602499836,12.723935093630809,-0.217800491
PRT,porto,01:30.0,3.3,2,3,2,2,01:30.0,12.92147169327915,13.253985820422551,-0.332514127
PRT,porto,01:30.0,1,7,0.1,1,7,01:30.0,13.434544580735652,13.705415332483131,-0.270870752
PRT,porto,01:30.0,130.9,38,24.3,33,24,01:30.0,16.881161321528502,14.97479877476122,1.906362546767284
PRT,porto,01:30.0,779.6,78,106.7,181,68,01:30.0,21.498659124313647,18.04968495675657,3.4489741675570755
PRT,porto,31:30.0,1373.9,85,177.6,327,81,31:30.0,22.09989539178988,18.87455859289549,3.2253367988943964
PRT,porto,46:30.0,1006.2,73,148,264,68,46:30.0,20.546348590468845,18.107867020147783,2.438481570321059
PRT,porto,46:30.0,271.6,38,42.7,83,37,46:30.0,16.401457477933544,16.038611414858938,0.3628460630746062
PRT,porto,46:30.0,142.8,31,20.3,47,30,46:30.0,15.593454901025591,15.343385293339647,0.2500696076859441
PRT,porto,46:30.0,109.6,27,19.1,39,26,46:30.0,15.204600675860442,14.93505981424468,0.2695408616157611
PRT,porto,46:30.0,57.7,18,8.7,26,18,31:30.0,14.303871047643876,14.390587672805967,-0.086716625
PRT,porto,01:30.0,52.4,18,10.7,21,24,01:30.0,13.17401934056602,13.394976777405589,-0.220957437
PRT,porto,01:30.0,78.4,22,10.1,26,25,01:30.0,13.673454718845129,13.865224951937384,-0.191770233
PRT,porto,01:30.0,144.1,39,29.9,43,34,01:30.0,15.477743982147418,14.73163241893551,0.7461115632119082
PRT,porto,01:30.0,608.4,64,97.3,172,62,01:30.0,18.678098788526253,16.49185221296069,2.186246575565562
PRT,porto,46:30.0,666.9,63,108.7,173,64,46:30.0,18.70530192,16.742055569534443,1.963246349113554
PRT,porto,31:30.0,705.2,58,109,204,64,46:30.0,18.413411139126275,16.500441700218797,1.9129694389074776
PRT,porto,46:30.0,193.8,28,54.9,54,27,46:30.0,13.323737496707466,12.550138285568623,0.7735992111388423
PRT,porto,01:30.0,0,0,0,0,0,01:30.0,10.35730144856301,10.446057020988269,-0.088755572
PRT,porto,01:30.0,0,0,0,0,0,01:30.0,10.708473751510688,10.83684248197462,-0.12836873
PRT,porto,01:30.0,0.5,0,1.1,1,0,01:30.0,12.101821415849477,11.895425028683857,0.2063963871656184
PRT,porto,01:30.0,1,0,0.3,1,0,01:30.0,13.495780487786686,13.310775684501978,0.1850048032847073
PRT,porto,01:30.0,0,0,0,0,0,01:30.0,12.92210035597151,12.795321176511344,0.1267791794601649
PRT,porto,01:30.0,0,0,0,0,0,01:30.0,12.149943982160869,12.244985590900765,-0.095041609
PRT,porto,01:30.0,0,0,0,0,0,01:30.0,11.874644639526704,12.088721145247955,-0.214076506
PRT,porto,01:30.0,7.6,0,0.3,3,0,01:30.0,12.478419970500411,12.642944080877216,-0.16452411
PRT,porto,01:30.0,3,1,0.2,1,1,01:30.0,12.769890900875373,12.979506574364022,-0.209615673
PRT,porto,01:30.0,1.8,6,0.2,1,5,01:30.0,13.406877268848136,13.609810136362675,-0.202932868
PRT,porto,01:30.0,22.9,21,5,9,25,01:30.0,14.750827049657955,14.451639175553506,0.2991878741044491
PRT,porto,01:30.0,289.3,57,58.8,99,76,01:30.0,18.687406467108435,17.19842092856541,1.488985538543023
PRT,porto,33:00.0,928.9,73,139.7,246,91,31:30.0,20.64788913295378,18.18675763267536,2.461131500278423
PRT,porto,46:30.0,861.5,65,134.8,232,77,46:30.0,19.48215967497774,17.53833191572256,1.943827759255182
PRT,porto,46:30.0,243.1,35,35.5,83,40,46:30.0,15.968062292736606,15.628661055318393,0.3394012374182136
PRT,porto,46:30.0,98.3,29,19.3,31,28,46:30.0,15.405071993304896,15.109249528381708,0.2958224649231891
PRT,porto,46:30.0,106.1,25,17.1,40,26,46:30.0,14.88105379858389,14.655464341589122,0.2255894569947685
PRT,porto,01:30.0,66.7,21,9.4,19,26,46:30.0,14.566498121438968,14.215214958712172,0.351283163
PRT,porto,46:30.0,67.3,19,9.4,21,17,46:30.0,14.174050644165368,14.033505110863116,0.1405455333022516
PRT,porto,01:30.0,41.3,20,6,19,19,01:30.0,14.223408951681176,14.039795860478351,0.1836130912028242
PRT,porto,01:30.0,56.2,23,6.9,21,20,01:30.0,14.35664731125688,14.171734923326907,0.1849123879299714
PRT,porto,01:30.0,85.6,32,15.9,33,31,01:30.0,15.29157042626798,14.604031003607709,0.6875394226602705
PRT,porto,01:30.0,665.9,66,111.7,202,57,01:30.0,19.40274602747526,16.17403984020804,3.228706187267221
PRT,porto,46:30.0,725.1,69,122.5,187,57,46:30.0,19.809317043373422,16.35502371551013,3.454293327863297
PRT,porto,01:30.0,619.9,48,110.9,154,57,46:30.0,16.945138903000434,14.303917080704815,2.641221822295618
PRT,porto,46:30.0,300.6,33,78.6,78,25,46:30.0,14.498510050317996,12.875130300292906,1.6233797500250908
PRT,porto,01:30.0,0,0,0,0,0,01:30.0,10.395441875653969,10.224349418520989,0.1710924571329819
PRT,porto,01:30.0,0,0,0,0,0,01:30.0,10.34915310915265,10.218479823431345,0.1306732857213077
PRT,porto,01:30.0,0,0,0,0,0,01:30.0,11.19359840728299,11.088001839739604,0.1055965675433849
PRT,porto,01:30.0,0,0,0,0,0,01:30.0,12.826486404667056,12.509176504999475,0.3173098996675811
PRT,porto,01:30.0,3.9,0,10.8,4,0,01:30.0,12.94262166479771,12.814434447703356,0.1281872170943518
PRT,porto,01:30.0,2.2,0,5.6,3,0,01:30.0,12.420294931527884,12.283050134523336,0.1372447970045485
PRT,porto,01:30.0,2.2,0,0.3,1,0,01:30.0,12.550504826804044,12.311909716772956,0.2385951100310883
PRT,porto,01:30.0,3.5,4,0.1,1,0,01:30.0,12.856175561991137,12.438021144839864,0.4181544171512694
PRT,porto,01:30.0,9.5,8,1.3,6,0,01:30.0,13.430893486216384,12.871925158844247,0.5589683273721349
PRT,porto,31:30.0,2.5,13,8.6,3,3,01:30.0,14.125123992781482,13.076201075139677,1.0489229176418051
PRT,porto,01:30.0,13.4,13,3.4,4,10,01:30.0,13.631922155342394,13.449251272280913,0.1826708830614833
PRT,porto,31:30.0,43.5,13,7.2,14,21,01:30.0,13.473477167925491,13.546012129142197,-0.072534961
PRT,porto,01:30.0,31.3,13,7.1,10,27,01:30.0,12.858896940184335,13.418607488038866,-0.559710548
PRT,porto,01:30.0,23.6,16,9.5,8,26,46:30.0,13.231576436486932,13.68376266474727,-0.452186228
PRT,porto,31:30.0,35,16,14.6,13,27,31:30.0,13.333476353466576,13.673533369305632,-0.340057016
PRT,porto,46:30.0,29.9,13,7.7,10,21,46:30.0,12.933077484336511,13.29062217492312,-0.357544691
PRT,porto,46:30.0,4.9,6,0.6,2,9,46:30.0,12.545391153293515,13.007513682209286,-0.462122529
PRT,porto,01:30.0,11.9,9,1.4,4,16,01:30.0,12.653466645288322,12.93387396,-0.280407319
PRT,porto,01:30.0,6,11,1.6,2,17,31:30.0,12.78914877,12.984776268750103,-0.195627495
PRT,porto,46:30.0,22.2,10,2.9,7,11,46:30.0,12.668357819189325,12.842637813469366,-0.174279994
PRT,porto,46:30.0,4.4,5,0.8,1,6,46:30.0,12.024233511057712,12.219715511032634,-0.195482
PRT,porto,01:30.0,0,0,0,0,0,01:30.0,10.73655196,10.935142714485258,-0.198590754
PRT,porto,01:30.0,2.9,0,0.4,2,0,01:30.0,10.57239678879352,10.66294220325995,-0.090545414
PRT,porto,01:30.0,0,0,0,0,0,01:30.0,11.08821648061352,11.154855525066743,-0.066639044
PRT,porto,01:30.0,2.7,0,0.6,1,0,01:30.0,11.461988740838503,11.510478564413534,-0.048489824
PRT,porto,01:30.0,4.2,0,0.5,2,0,01:30.0,11.806478028947916,11.840488917834172,-0.034010889
PRT,porto,01:30.0,0,0,0,0,0,01:30.0,12.133104652813596,12.223838855831588,-0.090734203
PRT,porto,01:30.0,0,0,0,0,0,01:30.0,12.338294765232536,12.36932803783832,-0.031033273
PRT,porto,01:30.0,6.2,0,0.4,2,0,01:30.0,12.463436999196048,12.463988404289452,-0.000551405
PRT,porto,01:30.0,5.8,1,0.6,2,3,16:30.0,12.563359646352907,12.461922361564358,0.1014372847885489
PRT,porto,01:30.0,8.4,6,0.6,3,4,01:30.0,12.906458499455084,12.84563929723108,0.060819202
PRT,porto,16:30.0,13.7,7,1.8,6,6,01:30.0,13.266461794385483,13.352117192909668,-0.085655399
PRT,porto,01:30.0,10.3,8,0.9,3,8,01:30.0,14.031274383053171,14.22218920267838,-0.19091482
PRT,porto,01:30.0,53.5,14,3.3,14,14,01:30.0,14.68218826934138,14.636035065719389,0.046153204
PRT,porto,01:30.0,48.6,22,13.6,19,21,01:30.0,14.62207935287715,14.262569374158195,0.3595099787189539
PRT,porto,01:30.0,111.2,29,23.4,35,25,01:30.0,15.12551015402862,14.218763690577816,0.9067464634508048
PRT,porto,01:30.0,202.8,38,38.9,62,31,01:30.0,16.130972162912908,14.22190317685722,1.909068986055688
PRT,porto,46:30.0,210.7,38,38.3,59,31,46:30.0,16.211967020193157,14.280855514759326,1.931111505433832
PRT,porto,31:30.0,262.7,37,37.7,69,28,46:30.0,16.05887864694342,14.44855101181449,1.6103276351289288
PRT,porto,46:30.0,195.3,32,33.5,63,23,46:30.0,15.37313203,14.177554786361192,1.1955772413046066
PRT,porto,01:30.0,68.2,21,17.7,26,23,46:30.0,14.17421688710445,13.708702201010537,0.4655146860939148
PRT,porto,46:30.0,47.1,17,12.2,17,16,01:30.0,13.856243291064535,13.62722910913554,0.2290141819289957
PRT,porto,01:30.0,83.4,28,21.1,30,20,01:30.0,15.267151884222647,14.218075836581496,1.0490760476411527
PRT,porto,46:30.0,128.1,30,28,41,22,01:30.0,15.48980838036822,14.383401958299874,1.1064064220683465
PRT,porto,31:30.0,129.9,26,21,40,21,31:30.0,14.684060732532364,14.047648239268709,0.6364124932636557
PRT,porto,01:30.0,104.8,24,23.6,35,21,31:30.0,14.227107309552425,13.50599094906176,0.7211163604906634
PRT,porto,46:30.0,81.5,20,22,30,16,46:30.0,13.89415629709558,13.358367139065288,0.535789158
PRT,porto,46:30.0,29.6,8,7.6,11,6,46:30.0,12.285081981915258,12.238827678225114,0.046254304
PRT,porto,01:30.0,0,0,0,0,0,01:30.0,10.88587561695646,10.960573808565002,-0.074698192
PRT,porto,01:30.0,5.3,0,1.1,1,0,01:30.0,11.442674349785996,11.32296073159554,0.1197136181904561
PRT,porto,01:30.0,2.8,0,0.1,2,0,01:30.0,11.923774419568042,11.86787100123253,0.055903418
PRT,porto,01:30.0,0,0,0,0,0,01:30.0,11.86996214449386,11.880364980388752,-0.010402836
PRT,porto,01:30.0,0,0,0,0,0,01:30.0,12.299416111089322,12.31802579134162,-0.01860968
PRT,porto,01:30.0,4.8,0,0.5,3,0,01:30.0,12.846680945494144,12.872746635423024,-0.02606569
PRT,porto,01:30.0,0,0,0,0,0,01:30.0,12.718309339615328,12.774449189069394,-0.056139849
PRT,porto,01:30.0,13.2,0,1.1,4,2,01:30.0,12.545095137060551,12.408853233246816,0.136241904
PRT,porto,01:30.0,31.3,5,1.6,6,9,01:30.0,12.925810774800643,12.875173290160117,0.050637485
PRT,porto,31:30.0,4.7,6,0.2,2,14,16:30.0,13.123411111556816,13.262692780159242,-0.139281669
PRT,porto,01:30.0,5.3,7,0.5,3,16,31:30.0,13.772275754667533,14.177143693870011,-0.404867939
PRT,porto,01:30.0,26.7,17,2.1,10,21,01:30.0,14.76256128741234,14.89320124397212,-0.130639957
PRT,porto,01:30.0,144.6,42,32.9,49,41,01:30.0,17.106438880385234,15.942289966810216,1.1641489135750174
PRT,porto,01:30.0,667.4,83,120.5,171,83,01:30.0,22.157504138651703,18.254077094827466,3.903427043824241
PRT,porto,31:30.0,1148,89,187.8,272,92,31:30.0,22.63701721930312,18.769049794520548,3.867967425
PRT,porto,46:30.0,1108.7,79,162.9,279,82,46:30.0,21.21205941331271,18.634151576210783,2.5779078371019253
PRT,porto,46:30.0,438.5,48,71.1,133,59,46:30.0,17.44392694313387,16.738567976829966,0.7053589663039048
PRT,porto,46:30.0,221.9,38,40.1,72,46,46:30.0,16.256610626611366,15.660252985033967,0.5963576415773968
PRT,porto,31:30.0,178.3,34,34.2,58,40,46:30.0,15.958931422851826,14.772728978749424,1.1862024441024008
PRT,porto,01:30.0,86.7,27,17.6,28,31,46:30.0,15.279316542599402,14.788101561225078,0.4912149813743234
PRT,porto,01:30.0,114.8,27,15,35,27,31:30.0,15.116321048755951,14.817696526470352,0.2986245222855999
PRT,porto,01:30.0,146.9,33,30.7,57,24,01:30.0,15.536170886411014,14.475082076243606,1.0610888101674083
PRT,porto,01:30.0,125.6,37,26.9,34,28,01:30.0,15.893065004260308,14.587821387069686,1.3052436171906212
PRT,porto,01:30.0,375.8,48,62.3,117,44,01:30.0,17.282869589222795,15.595203145198113,1.6876664440246838
PRT,porto,46:30.0,378.3,49,66.7,115,46,46:30.0,17.432636157812357,15.771299479492365,1.6613366783199943
PRT,porto,46:30.0,140.4,24,43,42,22,46:30.0,13.441872073600788,12.621275949814084,0.8205961237867037
PRT,porto,01:30.0,0.8,0,1.6,1,0,01:30.0,10.734920009469572,10.677326493169645,0.057593516
PRT,porto,01:30.0,4.8,0,0.5,1,0,01:30.0,11.123162713266296,10.995010770854956,0.1281519424113373
PRT,porto,01:30.0,0,0,0,0,0,01:30.0,12.464057651454594,12.079912783345728,0.3841448681088657
PRT,porto,01:30.0,4.8,0,0.2,2,0,01:30.0,13.073545175553631,12.789375823263056,0.2841693522905757
PRT,porto,01:30.0,0,0,0,0,0,01:30.0,12.98382171874948,12.806260633153888,0.1775610855955935
PRT,porto,01:30.0,0,0,0,0,0,01:30.0,12.681910190463682,12.406092001344891,0.2758181891187909
PRT,porto,01:30.0,1.7,0,0.2,1,1,01:30.0,12.53561396651492,12.47198726630418,0.0636267
PRT,porto,01:30.0,0,2,0,0,5,01:30.0,12.892972033767428,12.983645160159158,-0.090673126
PRT,porto,01:30.0,2.2,5,0.3,1,6,01:30.0,13.552143831669202,13.581781714288958,-0.029637883
PRT,porto,01:30.0,5.2,13,0.3,2,9,01:30.0,14.245264781696552,14.094820773433138,0.150444008
PRT,porto,01:30.0,54.5,31,15,17,22,01:30.0,15.822625467432015,15.445761643386938,0.3768638240450794
PRT,porto,01:30.0,560.1,79,102.5,156,64,01:30.0,21.461866208993527,18.311122857746085,3.150743351247442
PRT,porto,31:30.0,1312.8,93,187.2,318,79,31:30.0,23.292734413271887,19.34521334707076,3.9475210662011335
PRT,porto,01:30.0,1244.4,85,170.7,299,79,31:30.0,22.09774086,18.89255547854656,3.205185385
PRT,porto,46:30.0,1207.1,80,160,292,73,46:30.0,21.489229901119376,18.49136162071619,2.997868280403185
PRT,porto,46:30.0,314.9,45,57.4,105,37,46:30.0,17.30650854,16.330208128735006,0.9763004109356928
PRT,porto,01:30.0,210,39,39,65,28,31:30.0,16.66587808077782,15.133214782526307,1.5326632982515118
PRT,porto,46:30.0,172.5,38,39.5,62,26,46:30.0,16.52299906264024,14.98669196397318,1.5363070986670593
PRT,porto,01:30.0,90.1,28,21.6,36,26,46:30.0,15.660189863006144,14.764388113982855,0.8958017490232866
PRT,porto,46:30.0,77,25,20.9,33,18,46:30.0,15.25061229437895,14.71078468890363,0.5398276054753204
PRT,porto,01:30.0,49.9,22,8.4,23,20,01:30.0,14.54250487,14.720105904169149,-0.177601032
PRT,porto,01:30.0,87.9,26,12.3,31,23,01:30.0,14.959185739716377,14.94393089,0.015254846
PRT,porto,01:30.0,142.4,39,33.7,50,29,01:30.0,16.17870416890503,15.520730116250329,0.6579740526547013
PRT,porto,01:30.0,640.1,69,108.5,177,54,01:30.0,19.886776576743426,16.813442862947106,3.073333713796316
PRT,porto,46:30.0,805.5,69,131.2,205,55,46:30.0,19.862764574531283,16.847509090295166,3.0152554842361177
PRT,porto,46:30.0,247.5,33,65.1,65,25,46:30.0,14.612669607881832,13.13407307023265,1.4785965376491816
PRT,porto,01:30.0,0,0,0,0,0,01:30.0,10.66349612327356,10.516695358266668,0.1468007650068923
PRT,porto,01:30.0,5.2,0,0.4,2,0,01:30.0,10.448267244410795,10.391031932194906,0.057235312
PRT,porto,01:30.0,2.3,0,7,1,0,01:30.0,11.898479113089916,11.696668932057564,0.2018101810323536
PRT,porto,01:30.0,1.8,0,4.1,2,0,01:30.0,13.253903926130132,12.91369181812507,0.3402121080050619
PRT,porto,01:30.0,6.2,0,0.5,2,0,01:30.0,12.800603777527854,12.683505120468304,0.1170986570595502
PRT,porto,01:30.0,0,0,0,0,0,01:30.0,12.550831506276127,12.242491177906752,0.3083403283693773
PRT,porto,01:30.0,4.8,2,0.6,2,0,01:30.0,12.755089332043957,12.429631361005477,0.3254579710384799
PRT,porto,01:30.0,2.2,5,0.2,1,1,01:30.0,13.179529187273824,12.826931327628351,0.3525978596454706
PRT,porto,01:30.0,4.7,6,0.5,3,3,01:30.0,13.523790912147929,13.377334981175093,0.1464559309728361
PRT,porto,01:30.0,21.7,19,4.6,8,8,01:30.0,14.995306407423389,13.834190801682064,1.1611156057413243
PRT,porto,01:30.0,285.9,45,37.2,63,35,01:30.0,17.75754807995921,15.334598927129342,2.422949152829869
PRT,porto,01:30.0,948.2,85,123.2,217,84,01:30.0,22.337505288125087,18.251216801096646,4.086288487
PRT,porto,01:30.0,1372.7,95,188.4,326,88,46:30.0,23.40639059104697,18.72321042178768,4.683180169259291
PRT,porto,46:30.0,1368.7,88,175,331,69,46:30.0,22.68169832385873,18.295112620684645,4.3865857031740845
PRT,porto,16:30.0,780,63,130.6,220,69,46:30.0,19.59917962255457,17.135422075788508,2.463757546766061
PRT,porto,46:30.0,347.3,49,66.7,111,37,46:30.0,17.62877934,16.019540921785655,1.6092384205104435
PRT,porto,46:30.0,180.7,36,30.9,67,30,16:30.0,16.31305672769543,15.533263064107048,0.7797936635883804
PRT,porto,46:30.0,162.6,34,30.2,59,28,46:30.0,16.05689725,14.99255170312755,1.0643455495095502
PRT,porto,46:30.0,138.5,27,20.7,44,20,01:30.0,15.505370555367698,14.615724652889522,0.8896459024781755
PRT,porto,01:30.0,69.7,23,13,23,20,01:30.0,14.806099039002314,14.389525178157612,0.4165738608447018
PRT,porto,01:30.0,42.5,22,5.8,18,23,01:30.0,14.587917075022856,14.654863059575373,-0.066945985
PRT,porto,01:30.0,139.9,31,18.1,46,24,01:30.0,15.405468714102518,14.626165202538052,0.779303512
PRT,porto,01:30.0,225.1,51,45.7,64,32,01:30.0,17.66615368759744,15.435998772382089,2.230154915215353
PRT,porto,01:30.0,954.7,78,130.2,218,60,01:30.0,20.96155038285604,16.70082281493717,4.260727568
PRT,porto,46:30.0,1010.4,75,140.2,242,61,46:30.0,20.701783228717407,16.798592313933135,3.903190914784272
PRT,porto,46:30.0,312.2,34,82.2,78,26,46:30.0,14.835720418414724,13.067701617478502,1.768018800936222
PRT,porto,01:30.0,0,0,0,0,0,01:30.0,10.381048971147557,10.355571068545874,0.025477903
PRT,porto,01:30.0,2.5,0,0.1,1,0,01:30.0,10.910399086974936,10.844792179592144,0.065606907
PRT,porto,01:30.0,0,0,0,0,0,01:30.0,11.414042151269085,11.303547732567589,0.1104944187014957
PRT,porto,01:30.0,1.4,0,4.4,2,0,01:30.0,12.951228344417666,12.636088931077262,0.3151394133404039
PRT,porto,01:30.0,3.6,0,0.4,2,0,01:30.0,12.608491039712057,12.62123568789664,-0.012744648
PRT,porto,01:30.0,6.2,0,6.1,4,0,01:30.0,12.015309896830122,11.679627867068588,0.3356820297615339
PRT,porto,16:30.0,46.2,1,3.4,9,0,01:30.0,12.212742571356682,11.79287804274211,0.4198645286145712
PRT,porto,01:30.0,7.3,0,0.6,3,0,01:30.0,12.643291415059942,12.83945226697843,-0.196160852
PRT,porto,01:30.0,6.5,2,0.6,3,2,01:30.0,12.917793726158717,13.250578023726858,-0.332784298
PRT,porto,01:30.0,18.3,7,2,5,9,01:30.0,13.513496917924732,13.81611511,-0.302618191
PRT,porto,01:30.0,34.3,24,5.7,13,34,01:30.0,15.011814447055006,14.87943800085599,0.1323764461990162
PRT,porto,01:30.0,542.8,68,85.4,153,84,01:30.0,20.19813310484408,17.89466627934545,2.3034668254986315
PRT,porto,31:30.0,1258.2,81,167.9,308,93,31:30.0,21.60718483369452,18.52648396099515,3.0807008726993708
PRT,porto,46:30.0,989.7,68,138.7,274,73,46:30.0,19.937309325636324,18.088665312974086,1.8486440126622377
PRT,porto,46:30.0,235.9,37,46.6,86,40,46:30.0,16.30723280087694,16.03410637270135,0.2731264281755905
PRT,porto,46:30.0,123.5,30,22.4,45,32,46:30.0,15.477603970268344,15.372290193708125,0.1053137765602212
PRT,porto,46:30.0,95.5,26,14.5,36,27,46:30.0,15.13887163103066,14.91385228884895,0.2250193421817083
PRT,porto,31:30.0,49.3,18,5.2,15,20,46:30.0,14.374835929407636,14.516291638195284,-0.141455709
PRT,porto,01:30.0,81.2,24,12.9,26,22,01:30.0,14.76546924,14.583850924671763,0.1816183114057352
PRT,porto,01:30.0,99,25,12.5,35,27,01:30.0,14.80083477929828,14.882950134629844,-0.082115355
PRT,porto,01:30.0,153.6,34,21.9,43,35,01:30.0,15.721127443700276,15.620284146462543,0.1008432972377306
PRT,porto,01:30.0,590,62,99.2,170,62,01:30.0,18.89236211221412,16.83161833,2.060743785332214
PRT,porto,46:30.0,776.6,64,112.5,198,61,46:30.0,19.158754448162632,16.98862378752877,2.1701306606338626
PRT,porto,31:30.0,831.3,61,125.4,233,61,46:30.0,19.2106327,16.87464044686174,2.3359922534903603
PRT,porto,46:30.0,239.1,27,57.2,70,26,46:30.0,13.873192545802407,13.104431377856343,0.768761168
PRT,porto,01:30.0,0,0,0,0,0,01:30.0,10.442667694013284,10.563945484009572,-0.12127779
PRT,porto,01:30.0,0,0,0,0,0,01:30.0,10.792011458318155,10.794689880041224,-0.002678422
PRT,porto,01:30.0,0,0,0,0,0,01:30.0,12.001976253047069,11.842085341691696,0.1598909113553706
PRT,porto,01:30.0,0,0,0,0,0,01:30.0,13.324471285547936,13.196589478860446,0.1278818066874887
PRT,porto,01:30.0,3.1,0,1.1,2,0,01:30.0,12.891593904625386,12.809319602460093,0.082274302
PRT,porto,01:30.0,10.3,0,0.6,3,0,01:30.0,12.17402517496498,12.21535479655631,-0.041329622
PRT,porto,01:30.0,2.8,0,0.2,1,0,01:30.0,12.294939523467466,12.35191153,-0.056972009
PRT,porto,01:30.0,11.3,0,1.2,4,0,01:30.0,12.415238621329417,12.4942381,-0.07899948
PRT,porto,01:30.0,11.5,1,0.8,3,2,01:30.0,12.892824359592542,13.131448074373038,-0.238623715
PRT,porto,01:30.0,14.7,5,1,6,6,01:30.0,13.180556353588042,13.496024849273091,-0.315468496
PRT,porto,01:30.0,44.5,25,4.2,14,23,01:30.0,15.21265144200788,14.49442218948306,0.7182292525248215
PRT,porto,01:30.0,776.7,76,96.5,189,70,01:30.0,21.023225713647584,17.085539432946007,3.937686280701577
PRT,porto,31:30.0,1520.2,91,177.8,349,82,31:30.0,22.86269950380056,17.966678052878365,4.896021450922191
PRT,porto,46:30.0,1239,77,151.3,272,72,46:30.1,21.19135277163609,17.51182477115894,3.679528000477156
PRT,porto,46:30.0,301.6,40,52.1,83,38,46:30.0,16.69900820080698,15.720110471044377,0.9788977297626024
PRT,porto,01:30.0,141.9,30,21.2,47,38,46:30.0,15.470361384006065,15.159336357122248,0.3110250268838168
PRT,porto,46:30.0,121,28,20.3,47,31,46:30.0,15.198519477530406,15.033924912852711,0.164594565
PRT,porto,46:30.0,130.2,26,22.1,42,28,46:30.0,15.079157704427448,14.75388852350479,0.3252691809226569
PRT,porto,46:30.0,57.5,17,12.7,21,20,01:30.0,13.988657496438456,14.075321542866826,-0.086664046
PRT,porto,01:30.0,60.2,19,9.1,20,24,01:30.0,14.046907854916071,14.025188224616285,0.02171963
PRT,porto,01:30.0,85.2,20,9.7,25,25,01:30.0,13.95853726876345,13.969405073663632,-0.010867805
PRT,porto,01:30.0,121.5,31,20,38,33,01:30.0,14.969171612103784,14.449141213397096,0.5200303987066874
PRT,porto,01:30.0,523.2,57,87.2,145,60,01:30.0,18.20854551079052,15.982019962053029,2.2265255487374898
PRT,porto,46:30.0,537.6,57,90,141,61,46:30.0,18.24644826294224,16.175235855319542,2.071212407622696
PRT,porto,01:30.0,363.9,37,71.2,105,61,46:30.0,15.362374194699076,14.203129835946733,1.1592443587523462
PRT,porto,46:30.0,187.8,25,50.3,55,26,46:30.0,13.328479355074624,12.713667790207412,0.6148115648672103
PRT,porto,01:30.0,0,0,0,0,0,01:30.0,10.009365284048684,10.169291317680464,-0.159926034
PRT,porto,01:30.0,3.5,0,0.2,1,0,01:30.0,10.022923480859946,10.111026903160663,-0.088103422
PRT,porto,01:30.0,0,0,0,0,0,01:30.0,11.3129386,11.36118980512352,-0.048251202
PRT,porto,01:30.0,0,0,0,0,0,01:30.0,12.652082259418032,12.614347311052564,0.037734948
PRT,porto,01:30.0,4.5,0,0.4,1,0,01:30.0,12.93164150576439,13.043913844675645,-0.112272339
PRT,porto,01:30.0,11,0,0.3,1,0,01:30.0,12.115987214577096,12.355769671230869,-0.239782457
PRT,porto,01:30.0,2.7,0,0.2,1,0,01:30.0,11.51944516305949,11.762911726126733,-0.243466563
PRT,porto,01:30.0,6,0,0.4,2,0,01:30.0,12.085366422840655,12.378700259144797,-0.293333836
PRT,porto,01:30.0,3.6,0,0.3,2,0,01:30.0,12.329663485333368,12.696702427799703,-0.367038942
PRT,porto,01:30.0,12.1,3,1,5,2,01:30.0,12.73053774271228,13.127530240846008,-0.396992498
PRT,porto,01:30.0,27.8,10,4.2,10,8,01:30.0,13.126044394279228,13.32788661229371,-0.201842218
PRT,porto,01:30.0,89.7,21,15.2,22,15,01:30.0,13.83075682,13.190442131100085,0.6403146842260146
PRT,porto,01:30.0,134,27,26.6,38,21,01:30.0,14.43873822364515,13.281895819638128,1.1568424040070229
PRT,porto,46:30.0,165.5,26,33.5,46,21,46:30.0,14.315298720019126,13.347263602605643,0.9680351174134804
PRT,porto,31:30.0,193.5,27,35.9,46,20,01:30.0,14.537920017312976,13.646044858411264,0.891875159
PRT,porto,46:30.0,159.9,21,33.4,43,18,46:30.0,13.750126638896118,13.20661955688127,0.5435070820148482
PRT,porto,31:30.0,92.3,17,18.7,24,18,46:30.0,13.457634423842975,13.11576890924367,0.3418655145993057
PRT,porto,46:30.0,21.1,9,6.6,9,10,01:30.0,12.828868457014552,12.942264684940426,-0.113396228
PRT,porto,01:30.0,48.7,16,11.6,18,17,01:30.0,13.472401819600757,12.962351971019933,0.5100498485808238
PRT,porto,31:30.0,70.6,17,14.3,21,16,46:30.0,13.48504136699223,13.00638102897337,0.4786603380188587
PRT,porto,46:30.0,31.5,11,5.6,9,10,31:30.0,12.71503088975346,12.80046541363607,-0.085434524
PRT,porto,31:30.0,8.9,10,2,4,10,31:30.0,12.61348589,12.71312305,-0.099637164
PRT,porto,46:30.0,6.4,6,0.9,2,7,46:30.0,12.102558884391827,12.203533944835412,-0.10097506
PRT,porto,01:30.0,3,0,0.2,2,2,46:30.0,10.779048159875725,10.990598928733204,-0.211550769
PRT,porto,01:30.0,0,0,0,0,0,01:30.0,10.747342345513744,10.900811074495987,-0.153468729
PRT,porto,01:30.0,0,0,0,0,0,01:30.0,11.138364665245934,11.243855321741188,-0.105490656
PRT,porto,01:30.0,1.6,0,2.9,2,0,01:30.0,11.400762687134502,11.606243353078147,-0.205480666
PRT,porto,01:30.0,0.7,0,3,1,0,01:30.0,11.669710773781675,11.76822917487189,-0.098518401
PRT,porto,01:30.0,12.9,0,0.6,3,0,01:30.0,12.077463686620906,12.125128598363217,-0.047664912
PRT,porto,01:30.0,2.7,0,2.9,2,0,01:30.0,12.622960090837903,12.673065897614514,-0.050105807
PRT,porto,01:30.0,1.9,0,0.2,1,0,01:30.0,12.440770399183563,12.548641019997032,-0.107870621
PRT,porto,16:30.0,22.2,3,2,8,4,01:30.0,12.95262719722012,12.548201189050916,0.4044260081692048
PRT,porto,01:30.0,9.1,4,1.2,5,4,01:30.0,13.03564824034051,13.174746533449476,-0.139098293
PRT,porto,01:30.0,6.6,6,0.4,2,7,01:30.0,13.399710364606957,13.608713844090598,-0.209003479
PRT,porto,01:30.0,21.5,8,2.4,11,7,01:30.0,13.896222431616287,14.142861841139975,-0.24663941
PRT,porto,01:30.0,27.8,14,3.6,9,14,01:30.0,14.60014497757129,14.670007473924167,-0.069862496
PRT,porto,01:30.0,37.1,21,10.1,19,22,01:30.0,14.518558732816633,14.318492317324251,0.2000664154923779
PRT,porto,01:30.0,84,25,15.9,30,29,01:30.0,14.751454549430246,14.264199742425562,0.4872548070046836
PRT,porto,01:30.0,123.6,31,26.8,46,34,01:30.0,15.434102905595587,14.405175440767318,1.0289274648282696
PRT,porto,46:30.0,130.1,31,30.8,49,32,46:30.0,15.304942689779844,14.328942438895725,0.9760002508841196
PRT,porto,46:30.0,136.6,28,24,41,31,31:30.0,14.993678523486372,14.489308995662135,0.5043695278242382
PRT,porto,46:30.0,93.7,23,20.9,37,29,46:30.0,14.403462779179424,14.282872155725672,0.1205906234537508
PRT,porto,01:30.0,37.8,16,6.2,11,17,46:30.0,13.742972298441671,13.56366323608568,0.1793090623559905
PRT,porto,01:30.0,51.1,20,14.2,23,24,01:30.0,14.195071870492765,14.130866416403894,0.064205454
PRT,porto,01:30.0,74.9,22,15.5,26,28,01:30.0,14.220738944903452,14.180154667387114,0.040584278
PRT,porto,31:30.0,77.6,21,14.4,27,29,31:30.0,14.110681045544409,14.03586231630506,0.074818729
PRT,porto,46:30.0,62.1,16,12.1,23,23,46:30.0,13.443214074613708,13.475109416826047,-0.031895342
PRT,porto,46:30.0,12.6,6,3.1,8,10,46:30.0,12.082951418775982,12.253783345941947,-0.170831927
PRT,porto,01:30.0,0,0,0,0,0,01:30.0,10.876780217656464,10.955607145019016,-0.078826927
PRT,porto,01:30.0,2.6,0,0.2,2,0,01:30.0,11.123402516878851,11.068534172370043,0.054868345
PRT,porto,01:30.0,2.5,0,0.1,1,0,01:30.0,11.493994516630856,11.584300499039465,-0.090305982
PRT,porto,01:30.0,5.9,0,0.1,1,0,01:30.0,11.426226312752243,11.45292391,-0.026697599
PRT,porto,01:30.0,0.6,0,2.1,1,0,01:30.0,12.054280908357208,12.069431279282265,-0.015150371
PRT,porto,01:30.0,0,0,0,0,0,01:30.0,13.08485760855961,13.024509015104046,0.060348593
PRT,porto,01:30.0,13.6,0,0.3,1,0,01:30.0,12.895995433432926,12.89013643,0.005859
PRT,porto,01:30.0,1.9,2,0.3,2,4,01:30.0,13.123484961358333,12.754125883394224,0.3693590779641056
PRT,porto,01:30.0,6.9,9,0.7,3,5,01:30.0,13.467599386784425,12.948892017007442,0.5187073697769833
PRT,porto,16:30.0,28.8,14,2.6,9,7,16:30.0,13.852838230999224,12.946556662954965,0.9062815680442604
PRT,porto,31:30.0,155.7,16,11.5,32,12,01:30.0,14.445487197581356,13.356636312113793,1.088850885467565
PRT,porto,01:30.0,77.2,21,7.6,23,33,01:30.0,14.688443906809564,14.161295833769984,0.5271480730395801
PRT,porto,01:30.0,134.5,41,24.6,43,62,01:30.1,16.95442621937904,15.94461485698534,1.0098113623937015
PRT,porto,01:30.0,813.8,83,115.9,198,82,01:30.0,22.10386320234541,18.128493967526243,3.9753692348191656
PRT,porto,31:30.0,1252.7,92,167.6,296,89,31:30.0,23.22006569719367,19.05825325,4.161812449086078
PRT,porto,46:30.0,952.3,82,162.7,260,79,46:30.0,21.833328036726904,18.80609246890668,3.027235567820231
PRT,porto,46:30.0,447.4,59,86.9,138,50,46:30.0,18.840802426858268,16.866640138752615,1.9741622881056529
PRT,porto,46:30.0,216.6,46,47.7,74,40,46:30.0,17.346220609136015,15.822203100616276,1.524017508519739
PRT,porto,46:30.0,220.8,40,46.5,74,30,46:30.0,16.807117209239905,15.230960057976093,1.5761571512638124
PRT,porto,46:30.0,162,31,34.7,56,22,01:30.0,15.953545719292537,14.83903580909154,1.1145099102009937
PRT,porto,31:30.0,71.1,27,19.7,26,23,01:30.0,15.158856519255648,14.847873325973469,0.3109831932821816
PRT,porto,01:30.0,71,24,12.9,28,23,01:30.0,14.644294964063976,14.764398611555904,-0.120103647
PRT,porto,01:30.0,131.6,28,19.6,38,27,01:30.0,14.923865052272888,14.716077806169585,0.2077872461033028
PRT,porto,01:30.0,282.2,44,51.4,88,48,01:30.0,16.659774796558292,15.47925774786764,1.1805170486906515
PRT,porto,46:30.0,349.7,46,59.8,98,50,31:30.0,16.91812017306964,15.618123909228212,1.299996263841427
PRT,porto,46:30.0,142.7,22,44.1,43,23,46:30.0,13.330207371081537,12.698754901990233,0.6314524690913021
PRT,porto,16:30.0,5.1,1,4.3,3,23,46:30.0,11.031700350488842,11.231046665922277,-0.199346315
PRT,porto,01:30.0,0,0,0,0,0,01:30.0,10.903232447436752,10.994221542937794,-0.090989096
PRT,porto,01:30.0,3.2,0,0.2,1,0,01:30.0,10.45694425992647,10.646098398221618,-0.189154138
PRT,porto,01:30.0,0,0,0,0,0,01:30.0,12.261164377341425,12.174418432982357,0.086745944
PRT,porto,01:30.0,1.4,0,2.5,1,0,01:30.0,13.072168076116355,12.87347461767164,0.1986934584447155
PRT,porto,01:30.0,3.6,0,4.7,3,0,01:30.0,13.056631732577236,12.964058572579894,0.09257316
PRT,porto,01:30.0,0.6,0,2.7,1,0,01:30.0,12.69171974620376,12.535263549869605,0.1564561963341546
PRT,porto,01:30.0,1.3,1,0,1,0,01:30.0,12.666172373573396,12.551333195447675,0.1148391781257203
PRT,porto,01:30.0,12.8,5,0.8,5,2,01:30.0,13.242599122186316,12.98319808291945,0.2594010392668657
PRT,porto,01:30.0,0,6,0,0,4,01:30.0,13.44924389233989,13.44246561468644,0.006778278
PRT,porto,01:30.0,2,9,0.2,1,11,01:30.0,13.818468210367667,14.15693318600908,-0.338464976
PRT,porto,01:30.0,17,22,3.3,7,46,01:30.0,14.880074009231532,15.613302526680792,-0.733228517
PRT,porto,01:30.0,370.7,64,74.5,122,82,01:30.0,19.59392349755845,18.30983462505144,1.2840888725070094
PRT,porto,31:30.0,1056,79,154.6,281,91,31:30.0,21.34421303317452,19.130377485513787,2.2138355476607323
PRT,porto,46:30.0,973.2,73,143.2,255,78,46:30.1,20.561315783899108,18.36149532904184,2.199820454857268
PRT,porto,46:30.0,214.9,37,42.4,75,42,46:30.0,16.257139196220965,16.312771193498918,-0.055631997
PRT,porto,01:30.0,129.9,29,19.4,48,42,46:30.0,15.323482218199684,15.691562257488332,-0.368080039
PRT,porto,31:30.0,100.3,28,18.2,36,32,46:30.0,15.252107963097677,15.469799969525903,-0.217692006
PRT,porto,46:30.0,106.1,26,24.3,39,28,46:30.0,15.177325428166911,15.102270309832482,0.075055118
PRT,porto,46:30.0,46.9,18,8.1,20,19,01:30.0,14.273780955936022,14.609785276505123,-0.336004321
PRT,porto,01:30.0,44.4,20,6.6,16,22,01:30.0,14.375067607834202,14.791328411038434,-0.416260803
PRT,porto,01:30.0,114,23,11.8,35,24,01:30.0,14.539376833066628,14.948695189289143,-0.409318356
PRT,porto,01:30.0,110.2,29,21.1,38,32,01:30.0,15.036983254401669,15.52532018287745,-0.488336928
PRT,porto,01:30.0,433,54,77.2,123,59,01:30.0,17.93661832382812,16.761707994695573,1.1749103291325476
PRT,porto,46:30.0,492,55,86,138,62,46:30.0,17.93667828992322,16.73838903151855,1.1982892584046674
PRT,porto,01:30.0,407.7,36,75,107,62,46:30.0,15.396228930928848,14.500054317887974,0.8961746130408734
PRT,porto,46:30.0,180.2,25,50.9,48,27,46:30.0,13.642117487006878,13.156330633577218,0.4857868534296603
PRT,porto,01:30.0,0,0,0,0,0,01:30.0,10.312923770819824,10.456958549664812,-0.144034779
PRT,porto,01:30.0,4.3,0,0.1,1,0,01:30.0,10.029220529154273,10.122914440812243,-0.093693912
PRT,porto,01:30.0,0,0,0,0,0,01:30.0,11.697775520068369,11.725521219469837,-0.027745699
PRT,porto,01:30.0,0,0,0,0,0,01:30.0,13.314221972456624,13.31527933877755,-0.001057366
PRT,porto,01:30.0,0,0,0,0,0,01:30.0,12.948003067127363,13.048023923938407,-0.100020857
PRT,porto,01:30.0,0,0,0,0,0,01:30.0,12.397863709985716,12.41298281,-0.015119101
PRT,porto,01:30.0,3.4,0,0.3,1,0,01:30.0,12.55324867106925,12.705183955329051,-0.151935284
PRT,porto,01:30.0,2,1,0.2,1,1,01:30.0,12.562455444572125,12.756682291131147,-0.194226847
PRT,porto,01:30.0,4.5,3,0.3,2,4,01:30.0,13.20546383278066,13.526005280745984,-0.320541448
PRT,porto,01:30.0,11.4,8,0.8,5,7,01:30.0,13.694594951966346,13.95533879515262,-0.260743843
PRT,porto,01:30.0,59.9,35,13.8,22,28,01:30.0,16.579303656110753,15.506083480335992,1.073220175774761
PRT,porto,01:30.0,941.6,84,140.2,247,77,01:30.0,22.22433733083941,18.180324422943503,4.044012907895908
PRT,porto,46:30.0,1350.4,88,181.4,316,90,31:30.0,22.615847230522373,18.70269017354976,3.913157056972612
PRT,porto,46:30.0,966.1,69,145,257,75,46:30.0,20.07945969424817,18.310199032692367,1.7692606615558013
PRT,porto,46:30.0,253.6,37,43.8,78,41,46:30.0,16.34930880431131,16.303384909699126,0.045923895
PRT,porto,16:30.0,123.3,30,22.4,42,34,46:30.0,15.60504262,15.448607194405026,0.1564354289286722
PRT,porto,46:30.0,136.2,28,26,48,29,46:30.0,15.354856091032383,15.040198524177866,0.3146575668545175
PRT,porto,01:30.0,66.1,20,8.2,23,22,46:30.0,14.471452686048403,14.472802644138854,-0.001349958
PRT,porto,01:30.0,86.9,23,10.6,30,22,01:30.0,14.667995539043714,14.600187712991774,0.067807826
PRT,porto,01:30.0,80,24,14.6,33,25,01:30.0,14.544693487005285,14.656102515859216,-0.111409029
PRT,porto,01:30.0,145,32,24.1,48,33,01:30.0,15.39601077059763,15.382127401129866,0.013883369
PRT,porto,01:30.0,551.4,60,95.5,153,60,01:30.0,18.506121676655617,16.651544817517834,1.854576859137783
PRT,porto,46:30.0,641.6,61,106.6,178,64,46:30.0,18.69142484237807,16.75431162551233,1.937113217
PRT,porto,46:30.0,210.5,26,58.3,58,29,46:30.1,13.66186636311678,12.975831960872831,0.6860344022439477
PRT,porto,01:30.0,0,0,0,0,0,01:30.0,10.434335285361415,10.536220446236763,-0.101885161
PRT,porto,01:30.0,1.8,0,3.6,2,0,01:30.0,10.841859144708534,10.911917828572932,-0.070058684
PRT,porto,01:30.0,0,0,0,0,0,01:30.0,12.282377195278396,12.14336185523672,0.1390153400416771
PRT,porto,01:30.0,0,0,0,0,0,01:30.0,13.340273365883611,13.08735138092294,0.2529219849606736
PRT,porto,01:30.0,1,0,0,1,0,01:30.0,12.792888674168168,12.863165840914226,-0.070277167
PRT,porto,01:30.0,6.6,0,0.2,2,0,01:30.0,12.438529512835094,12.48816802938304,-0.049638517
PRT,porto,01:30.0,4.6,0,0.9,2,0,01:30.0,12.36151733384004,12.48343757593098,-0.121920242
PRT,porto,01:30.0,10.7,0,0.7,4,1,01:30.0,12.385169719865878,12.60479345450478,-0.219623735
PRT,porto,01:30.0,7.6,2,0.2,1,3,01:30.0,12.719025052751968,13.036972627516048,-0.317947575
PRT,porto,01:30.0,17.7,9,1.6,6,12,01:30.0,13.928976512890388,13.907418769261778,0.021557744
PRT,porto,01:30.0,245.1,34,19.5,43,59,01:30.0,16.319374933786765,15.004635587376775,1.314739346
PRT,porto,01:30.0,1123.6,84,136.4,233,109,01:30.0,22.11802965916125,17.905727803794107,4.212301855367144
PRT,porto,31:30.0,1873,93,218.5,392,116,31:30.0,23.182947491980823,18.67742990574212,4.505517586
PRT,porto,46:30.0,1210.2,73,163.2,291,93,46:30.0,20.734997964062167,18.10191956870478,2.633078395357387
PRT,porto,46:30.0,325.4,40,54.8,102,47,46:30.0,16.674260484837337,16.07325227899063,0.601008206
PRT,porto,46:30.0,138.7,32,25.1,50,35,46:30.0,15.64722762,15.212091748703278,0.4351358686301232
PRT,porto,46:30.0,104.7,27,21.2,39,29,46:30.0,15.348568800386095,14.972817206223777,0.3757515941623204
PRT,porto,31:30.0,95,26,18.7,33,29,46:30.0,15.22147596360422,14.822781403708165,0.3986945598960538
PRT,porto,46:30.0,49.5,20,7.5,17,23,01:30.0,14.668593750904474,14.55809850094056,0.1104952499639129
PRT,porto,01:30.0,93.6,22,12.4,32,28,01:30.0,14.523963262891398,14.507409445143342,0.016553818
PRT,porto,01:30.0,109.6,27,16.6,38,32,01:30.0,15.076045157933478,14.800071659226363,0.2759734987071134
PRT,porto,01:30.0,146.3,35,24.9,37,34,01:30.0,15.738337405204677,15.470005077491244,0.2683323277134324
PRT,porto,01:30.0,583.3,62,95.7,178,69,01:30.0,18.85117166,16.892848509504432,1.958323150985965
PRT,porto,46:30.0,666.3,61,108.3,183,70,46:30.0,18.82548255180821,17.050976345265866,1.7745062065423485
PRT,porto,16:30.0,671.8,50,109.1,189,70,46:30.0,17.704165144633915,16.11712273560427,1.587042409029646
PRT,porto,46:30.0,219.4,26,54.3,61,37,46:30.0,13.644974883626617,12.992506582186786,0.6524683014398285
PRT,porto,01:30.0,2.9,0,2.3,1,0,01:30.0,10.484650062836284,10.588306396253396,-0.103656333
PRT,porto,01:30.0,0,0,0,0,0,01:30.0,10.47180598435161,10.57744906085642,-0.105643077
PRT,porto,01:30.0,0.8,0,2.6,1,0,01:30.0,11.342264930399685,11.349620268761363,-0.007355338
PRT,porto,01:30.0,0,0,0,0,0,01:30.0,13.10725163921973,12.937949401760587,0.1693022374591404
PRT,porto,01:30.0,0,0,0,0,0,01:30.0,12.617544987636112,12.593626558593211,0.023918429
PRT,porto,01:30.0,0,0,0,0,0,01:30.0,12.541466420161807,12.451101177955277,0.090365242
PRT,porto,01:30.0,3.9,0,0.2,1,0,01:30.0,12.150806264142211,12.233965899108206,-0.083159635
PRT,porto,01:30.0,5.5,0,0.3,2,0,01:30.0,12.32881064558572,12.46002722713542,-0.131216582
PRT,porto,01:30.0,3.1,2,0.5,2,1,01:30.0,12.887089051738336,13.0403565,-0.153267448
PRT,porto,01:30.0,4.3,6,0.3,2,5,01:30.0,13.39408983,13.598931579924429,-0.204841748
PRT,porto,01:30.0,24.9,23,5.9,11,17,01:30.0,14.837589194722616,14.41428358,0.4233056165012172
PRT,porto,01:30.0,498.2,70,83,152,59,01:30.0,20.333623493181385,17.103390422119556,3.230233071061829
PRT,porto,31:30.0,1327.2,82,183.8,329,75,31:30.0,21.571675077412912,17.881310911195268,3.6903641662176447
PRT,porto,46:30.1,1106.1,72,164.8,282,62,46:30.0,20.28010977468056,17.412629291784977,2.8674804828955835
PRT,porto,46:30.0,290.2,38,47.7,97,39,46:30.0,16.39656741527105,15.709549125714195,0.6870182895568551
PRT,porto,46:30.0,143.4,31,29.2,46,28,46:30.0,15.566494207749413,14.945344073853748,0.6211501338956626
PRT,porto,46:30.0,126.7,28,22.5,41,23,46:30.0,15.237945770599872,14.625870946832558,0.6120748237673137
PRT,porto,01:30.0,84,22,13.6,32,23,46:30.0,14.687740128672823,14.289200083415745,0.3985400452570804
PRT,porto,01:30.0,64.1,20,11.8,22,16,31:30.0,14.361050123596057,13.89411428899483,0.4669358346012249
PRT,porto,01:30.0,81.3,24,16.2,29,17,01:30.0,14.611629829978687,14.039446400573413,0.5721834294052748
PRT,porto,01:30.0,152.2,25,20.8,42,19,01:30.0,14.438885646560657,13.94151745738106,0.497368189
PRT,porto,01:30.0,102.7,33,21,27,27,01:30.0,15.282297516815058,14.586820067229825,0.6954774495852334
PRT,porto,01:30.0,563.4,60,89.3,159,53,01:30.0,18.578281905579416,16.10487585612664,2.4734060494527768
PRT,porto,46:30.0,689.6,61,110.4,192,54,46:30.0,18.72226530271454,16.300907597393184,2.4213577053213555
PRT,porto,01:30.0,434,39,81.5,109,54,46:30.0,15.701577965690628,14.13607337,1.5655045963426275
PRT,porto,46:30.0,198.3,26,59.9,56,26,46:30.0,13.589487401604655,12.677346274053953,0.912141128
PRT,porto,01:30.0,0,0,0,0,0,01:30.0,9.952710061244264,10.03185228820724,-0.079142227
PRT,porto,01:30.0,0,0,0,0,0,01:30.0,9.570273651835183,9.917503656870789,-0.347230005
PRT,porto,01:30.0,0.6,0,0.8,1,0,01:30.0,10.418386296324565,10.58546910230189,-0.167082806
PRT,porto,01:30.0,0.5,0,2.1,1,0,01:30.0,11.810716156909445,11.701798085401332,0.1089180715081106
PRT,porto,01:30.0,0.4,0,1.5,1,0,01:30.0,12.115607765644675,12.22208577,-0.106478001
PRT,porto,01:30.0,3,0,4.4,2,0,01:30.0,12.168685339238078,12.268721696550804,-0.100036357
PRT,porto,01:30.0,5.3,0,0.4,2,0,01:30.0,11.643232131606906,11.756309952779702,-0.113077821
PRT,porto,01:30.0,0,0,0,0,9,01:30.0,11.962216584359211,12.242770815219108,-0.280554231
PRT,porto,01:30.0,4.7,0,0.3,2,3,46:30.0,12.339444774365786,12.756977806824032,-0.417533032
PRT,porto,01:30.0,6.4,2,0.3,3,4,01:30.0,12.521552793993004,13.097686533093269,-0.576133739
PRT,porto,01:30.0,11.4,8,5.1,5,23,01:30.0,12.750647508681398,13.16388122153118,-0.413233713
PRT,porto,01:30.0,34.6,15,9.1,14,32,01:30.0,13.149519085575903,13.137083267869432,0.012435818
PRT,porto,01:30.0,77.6,21,15.6,24,36,31:30.0,13.825761837258511,13.323002116397223,0.5027597208612864
PRT,porto,46:30.0,72.5,21,14.8,26,32,46:30.0,13.752174077153212,13.297264103010136,0.4549099741430762
PRT,porto,01:30.0,88.3,20,19.7,30,29,31:30.0,13.616464705361548,13.254401674059428,0.3620630313021209
PRT,porto,46:30.0,76.1,18,19.9,30,24,46:30.0,13.466852809618668,13.104910076271135,0.3619427333475329
PRT,porto,01:30.0,11.2,10,4.3,7,13,01:30.0,12.980057668161706,12.70747619561082,0.2725814725508861
PRT,porto,01:30.0,33.1,17,11.2,13,18,16:30.0,13.398561883293876,12.763696016028966,0.6348658672649101
PRT,porto,46:30.0,35.2,16,12.9,12,17,16:30.0,13.380656578893614,12.909022506862897,0.4716340720307173
PRT,porto,31:30.0,21.3,10,4.5,6,15,46:30.0,12.725378244996495,12.826339203290226,-0.100960958
PRT,porto,46:30.0,10.8,7,2.7,5,10,46:30.0,12.180245300999452,12.169963231274147,0.01028207
PRT,porto,01:30.0,19.1,3,1.8,5,10,46:30.0,11.777311509125152,11.691825090964109,0.085486418
PRT,porto,46:30.0,13.7,2,1.2,4,2,46:30.0,11.474926260514357,11.433055904591429,0.041870356
PRT,porto,01:30.0,2.6,0,0.4,1,0,01:30.0,10.560112712491206,10.58399816162918,-0.023885449
PRT,porto,01:30.0,0,0,0,0,0,01:30.0,11.343153849158112,11.369275703771722,-0.026121855
PRT,porto,01:30.0,2.7,0,0.1,1,0,01:30.0,11.57196734005218,11.689958662451245,-0.117991322
PRT,porto,01:30.0,13.5,0,0.6,4,0,01:30.0,11.951000279902086,12.06871046567251,-0.117710186
PRT,porto,01:30.0,0,0,0,0,0,01:30.0,12.072991198816334,12.266667965799718,-0.193676767
PRT,porto,01:30.0,0,0,0,0,0,01:30.0,12.242486901531503,12.39280809128562,-0.15032119
PRT,porto,01:30.0,1.1,0,0,1,0,01:30.0,12.47572647563528,12.60262125551119,-0.12689478
PRT,porto,01:30.0,46.3,4,2.6,9,0,01:30.0,12.99593686820612,12.601304209316648,0.3946326588894724
PRT,porto,01:30.0,11,4,0.9,4,4,01:30.0,12.940306631334671,13.089403380271976,-0.149096749
PRT,porto,01:30.0,0,7,0,0,6,16:30.0,13.42819160478982,13.53848815923657,-0.110296554
PRT,porto,01:30.0,16.8,7,2,6,7,01:30.0,13.991403016603009,14.27621708693836,-0.28481407
PRT,porto,01:30.0,41.5,14,2.7,11,12,01:30.0,14.518009249698132,14.423564867624131,0.094444382
PRT,porto,01:30.0,46.7,22,9.5,21,19,01:30.0,14.601381232751628,14.220236897865725,0.3811443348859029
PRT,porto,01:30.0,87.1,29,22.5,33,29,01:30.0,15.21550793112852,14.183011633817712,1.0324962973108072
PRT,porto,01:30.0,184.2,34,40.3,56,32,16:30.0,15.715966711582803,14.261032216601768,1.4549344949810354
PRT,porto,46:30.0,174.3,32,34,55,28,01:30.0,15.502633760413737,14.340233466231258,1.1624002941824774
PRT,porto,31:30.0,165.9,31,29.2,44,29,16:30.0,15.313758447789672,14.359237579524704,0.954520868
PRT,porto,46:30.0,161.7,29,34.5,55,27,46:30.0,15.03478042708088,14.076576216815258,0.95820421
PRT,porto,46:30.0,56.3,17,14.7,23,15,46:30.0,13.83907864281884,13.520220706698494,0.3188579361203469
PRT,porto,01:30.0,64.7,24,14.3,27,19,01:30.0,14.644098694233207,14.058888754786205,0.5852099394470027
PRT,porto,01:30.0,122.1,28,22.6,44,24,01:30.0,14.960595594677253,14.149456458487991,0.8111391361892597
PRT,porto,31:30.0,149.2,29,23.2,48,24,46:30.0,14.924735861096265,13.798021567548584,1.1267142935476784
PRT,porto,46:30.0,87.8,23,19.3,28,16,46:30.0,14.11513626090398,13.253240877491146,0.8618953834128344
PRT,porto,46:30.0,28.1,10,5.3,12,6,46:30.0,12.448500886583256,12.200311569413776,0.248189317
PRT,porto,01:30.0,2.5,0,0.2,1,0,01:30.0,10.83658620601587,10.898545089182294,-0.061958883
PRT,porto,01:30.0,0,0,0,0,0,01:30.0,11.037535936523495,11.078840648205386,-0.041304712
PRT,porto,01:30.0,0,0,0,0,0,01:30.0,11.410024997090405,11.521805455336274,-0.111780458
PRT,porto,01:30.0,0,0,0,0,0,01:30.0,11.797573815288048,11.91003375209494,-0.112459937
PRT,porto,01:30.0,2.4,0,0.1,1,0,01:30.0,12.502416618608274,12.545490793205428,-0.043074175
PRT,porto,01:30.0,5.4,0,0.4,2,0,01:30.0,12.897387109501398,13.001992631545011,-0.104605522
PRT,porto,01:30.0,0,0,0,0,0,01:30.0,12.833106609343476,12.83565980210188,-0.002553193
PRT,porto,01:30.0,43.1,4,3.1,9,0,01:30.0,13.214717421513033,12.610410226754274,0.6043071947587588
PRT,porto,01:30.0,18.8,5,1.1,7,4,01:30.0,12.980149180209157,12.877480358026896,0.1026688221822595
PRT,porto,16:30.0,26.3,7,1.4,8,5,31:30.0,13.258735291522587,13.270767493025776,-0.012032202
PRT,porto,01:30.0,13.1,12,1.5,5,4,01:30.0,14.41578641,14.150046647805262,0.2657397593559381
PRT,porto,01:30.0,99.6,33,16.9,30,8,01:30.0,16.835278284823126,14.82203769085868,2.013240593964447
PRT,porto,01:30.1,433.5,62,71.9,108,13,01:30.0,20.13272561918649,16.212032675959623,3.920692943226868
PRT,porto,01:30.0,903.9,82,119.3,214,21,01:30.0,22.11172319797145,18.000913119088096,4.110810078883354
PRT,porto,31:30.0,1233.4,89,165.7,307,22,16:30.0,22.832100092737257,18.68783638755825,4.144263705179011
PRT,porto,16:30.0,1191.2,86,160.5,285,22,16:30.0,22.29806286374768,18.733972425560783,3.5640904381868914
PRT,porto,46:30.0,1116.9,79,177.2,307,21,01:30.0,21.385809193509267,18.505079561461567,2.880729632
PRT,porto,46:30.0,342.7,50,67.5,109,20,31:30.0,17.55932496292364,16.60901920800437,0.9503057549192704
PRT,porto,46:30.0,183.6,40,39.2,57,16,46:30.0,16.565181202494163,15.72919353760076,0.8359876648934037
PRT,porto,46:30.0,156.3,30,29.2,53,10,46:30.0,15.541776638310136,15.167648158446724,0.3741284798634119
PRT,porto,01:30.0,90.7,24,15,31,10,46:30.0,14.864739777310955,14.67216889884449,0.1925708784664657
PRT,porto,01:30.0,81.9,22,11.6,29,13,01:30.0,14.574851044008373,14.605384576888197,-0.030533533
PRT,porto,01:30.0,80.5,23,12.1,33,17,16:30.0,14.588264598769207,14.809684274557435,-0.221419676
PRT,porto,01:30.0,93.8,23,13.5,34,16,46:30.0,14.308127780867965,14.509591692520408,-0.201463912
PRT,porto,01:30.0,114.4,27,17.1,42,9,46:30.0,14.845466449455015,14.724573459935836,0.1208929895191825
PRT,porto,01:30.0,407.6,48,64.8,122,3,46:30.0,17.142594201302032,15.433104124642282,1.7094900766597494
PRT,porto,31:30.0,521.5,50,93.1,169,0,01:30.0,17.808310284525138,15.60116315147485,2.207147133050288
PRT,porto,46:30.0,178.2,23,47.8,50,0,01:30.0,13.365434920525658,12.513959046346226,0.8514758741794317
PRT,porto,01:30.0,4.3,0,1.8,1,0,01:30.0,10.912670477190824,10.937544674596172,-0.024874197
PRT,porto,01:30.0,0,0,0,0,0,01:30.0,11.089982579546389,11.099345970406349,-0.009363391
PRT,porto,01:30.0,5.1,0,0.3,3,0,01:30.0,12.522140499211892,12.423618827006113,0.098521672
PRT,porto,01:30.0,2.7,0,0.1,1,1,16:30.0,13.175325410283458,13.117846797512032,0.057478613
PRT,porto,01:30.0,4.8,0,4.9,2,5,01:30.0,12.613186722219147,12.594204054256949,0.018982668
PRT,porto,01:30.0,21.8,0,1.4,3,13,01:30.0,12.995500530195471,12.399773354084203,0.5957271761112679
PRT,porto,01:30.0,5.1,0,0.3,2,15,31:30.0,12.405121185349843,12.552135027283448,-0.147013842
PRT,porto,01:30.0,1.8,2,0.3,1,11,31:30.0,12.551087091329634,12.72406338998562,-0.172976299
PRT,porto,01:30.0,2.5,4,0,1,14,01:30.0,13.35845928858918,13.532419482955913,-0.173960194
PRT,porto,01:30.0,6,11,0.5,2,32,01:30.0,14.076931302047704,14.089869290968377,-0.012937989
PRT,porto,01:30.0,193.7,46,37.3,40,74,01:30.0,18.203322926243985,15.627349509330134,2.5759734169138504
PRT,porto,01:30.0,923.7,82,114.1,197,114,01:30.0,22.17683905,18.18774774,3.989091305410693
PRT,porto,31:30.0,1578.8,91,197.6,374,118,46:30.0,23.05462835645001,18.790831251444388,4.263797105005622
PRT,porto,46:30.1,1245.2,78,166.1,313,98,46:30.0,21.29427899076373,18.101631464751925,3.192647526011804
PRT,porto,46:30.0,299.7,42,49.3,90,65,46:30.0,16.742343173679224,16.086513779991456,0.6558293936877675
PRT,porto,46:30.0,168.1,32,25.1,54,42,46:30.0,15.643780470418196,15.311545813433517,0.3322346569846814
PRT,porto,46:30.0,138.3,28,26.2,44,34,46:30.0,15.431065504000912,15.027807973954843,0.4032575300460674
PRT,porto,01:30.0,44.3,19,5.5,16,25,01:30.0,14.30587795622536,14.491134741022083,-0.185256785
PRT,porto,01:30.0,85.6,22,11.1,29,28,01:30.0,14.455626097554434,14.63018947374016,-0.174563376
PRT,porto,01:30.0,93,24,13.7,35,29,01:30.0,14.578343163285831,14.71594625082934,-0.137603088
PRT,porto,01:30.0,166.7,32,18.4,42,31,01:30.0,15.259158587126777,15.315040744448584,-0.055882157
PRT,porto,01:30.0,578.3,59,96.4,174,43,01:30.0,18.42107743767165,16.52033359737824,1.9007438402934085
PRT,porto,46:30.0,645.2,62,99.5,192,44,31:30.0,18.87416286477245,16.73291979294945,2.141243071823009
PRT,porto,46:30.0,209.1,27,55.4,60,24,46:30.0,13.789722183260194,12.898003005313535,0.8917191779466567
PRT,porto,01:30.0,0.8,0,1,1,0,01:30.0,10.61824563455686,10.668970812867231,-0.050725178
PRT,porto,01:30.0,0,0,0,0,0,01:30.0,10.492607327726898,10.672299500164854,-0.179692172
PRT,porto,01:30.0,0.8,0,0,1,0,01:30.0,11.395265985348964,11.456252317094735,-0.060986332
PRT,porto,01:30.0,0,0,0,0,0,01:30.0,12.793003549806654,12.66523005349054,0.1277734963161148
PRT,porto,01:30.0,0,0,0,0,0,01:30.0,12.50672915700077,12.539276203395232,-0.032547046
PRT,porto,01:30.0,0,0,0,0,0,01:30.0,12.423298092324458,12.493088722751672,-0.06979063
PRT,porto,01:30.0,1.2,0,0.1,1,0,01:30.0,12.26673050625774,12.41749343810734,-0.150762932
PRT,porto,01:30.0,4.4,1,0.2,1,2,01:30.0,12.504160725415437,12.656307600798993,-0.152146875
PRT,porto,01:30.0,4.8,4,0.5,2,4,01:30.0,13.163961485314434,13.33296558,-0.169004094
PRT,porto,01:30.0,0,7,0,0,12,01:30.0,13.473361509528406,13.885259780031362,-0.411898271
PRT,porto,01:30.0,51.4,28,11.4,17,36,01:30.0,15.545049380619028,15.31844887392515,0.2266005066938774
PRT,porto,01:30.0,706.1,77,110.4,187,79,01:30.0,21.13137893579856,18.142679635651668,2.988699300146891
PRT,porto,31:30.0,1468,90,198.1,364,92,31:30.0,22.612244887976413,18.814281562390093,3.797963326
PRT,porto,46:30.0,1196.6,75,165.8,301,81,46:30.0,20.80053406,18.13784725274284,2.662686805113161
PRT,porto,01:30.0,314.3,45,58.5,97,81,46:30.0,17.265718515459824,16.521449563382152,0.7442689520776717
PRT,porto,46:30.0,338,41,53.1,104,43,46:30.0,16.723124134532327,16.089116554210808,0.6340075803215193
PRT,porto,46:30.0,184.4,34,27.1,56,35,46:30.0,16.024890159037902,15.469417509621938,0.5554726494159645
PRT,porto,46:30.0,151.9,29,27.1,51,32,46:30.0,15.508146966697169,14.990346757887522,0.5178002088096463
PRT,porto,46:30.0,76,22,11.3,29,21,01:30.0,14.83286482722734,14.59629142751419,0.2365733997131496
PRT,porto,01:30.0,69.2,20,10.3,24,21,01:30.0,14.571293808568557,14.490114516299792,0.081179292
PRT,porto,01:30.0,73.1,22,13.6,29,25,01:30.0,14.570838395144335,14.51138347814134,0.059454917
PRT,porto,01:30.0,131.1,25,14.8,38,28,01:30.0,14.654370684125055,14.519396948941214,0.1349737351838431
PRT,porto,01:30.0,148.9,33,22,40,36,01:30.0,15.378196361285838,15.096028306876848,0.2821680544089897
PRT,porto,01:30.0,558.5,60,89.3,171,58,01:30.0,18.71558092,16.617451816920273,2.0981291071629258
PRT,porto,46:30.0,669.5,64,107.2,184,59,46:30.0,19.18690832607041,16.729046139164538,2.4578621869058743
PRT,porto,46:30.1,242.5,29,62,63,30,46:30.0,14.090989468224675,12.849835681436137,1.2411537867885425
PRT,porto,01:30.0,0,0,0,0,0,01:30.0,10.593360861745232,10.557087261124568,0.036273601
PRT,porto,01:30.0,2.3,0,4.3,2,0,01:30.0,10.743271426160142,10.770687369016503,-0.027415943
PRT,porto,01:30.0,0,0,0,0,0,01:30.0,11.02382017251512,11.04018683445346,-0.016366662
PRT,porto,01:30.0,1.5,0,4.7,2,0,01:30.0,12.425175881210176,12.32423064,0.1009452401453749
PRT,porto,01:30.0,14.6,0,3.3,2,0,01:30.0,12.104507494923247,12.083373869030202,0.021133626
PRT,porto,01:30.0,6.3,0,2.8,1,0,01:30.0,12.188446525463842,12.137930579922212,0.050515946
PRT,porto,01:30.0,3.6,0,0.2,1,0,01:30.0,12.029162452797458,12.142536371062375,-0.113373918
PRT,porto,01:30.0,11.9,1,0.5,3,1,01:30.0,12.638622490974816,12.71955996214364,-0.080937471
PRT,porto,01:30.0,6.3,3,0.6,3,5,01:30.0,13.16660660824568,13.350163570464126,-0.183556962
PRT,porto,01:30.0,8.5,12,1.7,4,25,01:30.0,14.055466318151112,13.69140232867896,0.364063989
PRT,porto,01:30.0,246.7,59,46.4,60,58,01:30.0,19.77698948,15.142495458587517,4.634494025036583
PRT,porto,01:30.0,1600.6,109,184.4,326,89,01:30.0,25.823245636225263,17.97897789597941,7.844267740245854
PRT,porto,31:30.0,2277.9,116,256.3,459,94,46:30.0,26.12446601148529,18.45997956981095,7.664486441674338
PRT,porto,46:30.0,1607.8,93,215.9,373,69,46:30.0,23.351633334785248,17.961473720320555,5.390159614464693
PRT,porto,46:30.0,388.9,47,69.5,122,38,46:30.0,17.608920757657774,16.037625647828467,1.5712951098293075
PRT,porto,46:30.0,114.7,35,26.5,51,31,46:30.0,16.022109821847263,15.238287163526367,0.7838226583208954
PRT,porto,46:30.0,94.5,29,19.8,38,28,46:30.0,15.488682728362516,14.876772760068144,0.6119099682943734
PRT,porto,01:30.0,44.5,23,7.6,17,19,01:30.0,14.867945124150966,14.407766328493643,0.4601787956573222
PRT,porto,01:30.0,94.6,28,19.7,36,22,01:30.0,15.229334273494272,14.511245625469185,0.7180886480250877
PRT,porto,01:30.0,142.8,32,19.6,42,27,01:30.0,15.53426144790002,14.643534458398369,0.8907269895016512
PRT,porto,01:30.0,137,34,25.6,41,36,01:30.0,15.510690591733816,15.28315587,0.2275347266928165
PRT,porto,01:30.0,688,69,112.4,203,60,01:30.0,19.88791975246163,16.916909454605232,2.971010297856399
PRT,porto,46:30.0,778.2,70,127.3,204,62,46:30.0,19.964182460727702,16.883762198124515,3.080420262603191
PRT,porto,46:30.0,352.6,37,89.5,89,30,46:30.0,15.16331535900331,13.048169176401956,2.115146182601354
PRT,porto,31:30.0,165.5,23,51.5,39,30,46:30.0,13.131298188794345,11.70355871830006,1.4277394704942843
PRT,porto,01:30.0,0,0,0,0,0,01:30.0,10.952369728932618,10.678379559082906,0.2739901698497125
PRT,porto,01:30.0,0.7,0,1.5,1,0,01:30.0,10.650126207086505,10.62558030550566,0.024545902
PRT,porto,01:30.0,0,0,0,0,0,01:30.0,11.727688874436248,11.568567475900128,0.1591213985361186
PRT,porto,01:30.0,1.9,0,0.1,1,0,01:30.0,13.047888812309772,12.739047518108029,0.3088412942017431
PRT,porto,01:30.0,0,0,0,0,0,01:30.0,12.36387067,12.439107109651676,-0.075236442
PRT,porto,01:30.0,0,0,0,0,0,01:30.0,12.208148481533112,12.210285365007412,-0.002136883
PRT,porto,01:30.0,2.9,0,0.1,1,0,01:30.0,11.71052027160248,11.99658508687926,-0.286064815
PRT,porto,01:30.0,5.7,0,0.6,2,1,01:30.0,12.054120063996818,12.319223038362104,-0.265102974
PRT,porto,01:30.0,10.3,1,0.7,3,3,01:30.0,12.739589993773627,13.008683563934769,-0.26909357
PRT,porto,01:30.0,8,5,0.6,4,6,01:30.0,13.271878794180925,13.590208059703128,-0.318329266
PRT,porto,01:30.0,11,17,1,4,30,01:30.0,14.17587896640059,14.384464260315148,-0.208585294
PRT,porto,01:30.0,345.7,59,60.9,106,81,01:30.0,18.880710114498505,17.014948092004264,1.8657620224942413
PRT,porto,31:30.0,1013.3,75,150.5,268,92,31:30.0,20.81000508553289,17.891196216921145,2.918808868611741
PRT,porto,46:30.0,711.6,62,117.3,193,73,46:30.0,19.140838772090884,17.37267478698933,1.7681639851015554
PRT,porto,46:30.0,230.5,39,39.4,70,38,46:30.0,16.31692969539332,15.43630367941584,0.8806260159774784
PRT,porto,46:30.0,161.3,28,22.7,45,31,46:30.0,15.19987770928246,14.93870608982066,0.2611716194618001
PRT,porto,46:30.0,97.1,23,19.3,37,27,46:30.0,14.628737806484246,14.586645754184334,0.042092052
PRT,porto,31:30.0,68,16,8.3,22,19,01:30.0,14.029896576304886,14.12044302125173,-0.090546445
PRT,porto,01:30.0,28.6,17,3.8,11,21,01:30.0,13.803855732012751,13.939870058297553,-0.136014326
PRT,porto,01:30.0,51.6,19,6.3,21,23,01:30.0,13.818216023148366,14.072749472260572,-0.254533449
PRT,porto,01:30.0,76.7,27,13.4,26,30,01:30.0,14.680321079165006,14.616809892297836,0.063511187
PRT,porto,01:30.0,428.3,53,75.8,125,55,01:30.0,17.700048758252287,16.086163021026948,1.6138857372253383
PRT,porto,46:30.0,470.5,54,87.5,134,57,46:30.0,17.762848175087342,16.277035092956705,1.4858130821306368
PRT,porto,01:30.0,403.4,36,77.7,107,57,46:30.0,15.32695997274005,14.138357675685857,1.188602297054194
PRT,porto,46:30.0,193.2,26,54.8,51,29,46:30.0,13.416430585831812,12.567380881195673,0.8490497046361387
PRT,porto,01:30.0,0.5,0,1.7,1,0,01:30.0,9.996007932,10.072766776065764,-0.076758844
PRT,porto,01:30.0,4.9,0,0.3,1,0,01:30.0,9.884446343122912,10.083863586790851,-0.199417244
PRT,porto,01:30.0,0,0,0,0,0,01:30.0,10.93376621145278,11.03130513588936,-0.097538924
PRT,porto,01:30.0,0,0,0,0,0,01:30.0,13.18094178,13.147874715939476,0.033067067
PRT,porto,01:30.0,0,0,0,0,0,01:30.0,12.60272197202942,12.88872572631328,-0.286003754
PRT,porto,01:30.0,0,0,0,0,0,01:30.0,12.03039147,12.28025345690243,-0.249861989
PRT,porto,01:30.0,9.3,0,0.4,3,0,01:30.0,11.552160022368929,11.697927721539056,-0.145767699
PRT,porto,01:30.0,150.3,9,13,35,0,01:30.0,12.759681647737812,11.860757344347403,0.8989243033904071
PRT,porto,46:30.0,77.5,3,5.9,16,0,01:30.0,12.24928492238828,12.09885755325246,0.1504273691358193
PRT,porto,01:30.0,16.7,1,0.8,5,0,01:30.0,12.048449552976695,12.363848374799783,-0.315398822
PRT,porto,01:30.0,35,4,1.9,9,3,01:30.0,12.459773988926898,12.703491045260789,-0.243717056
PRT,porto,01:30.0,72.8,23,13.3,22,8,01:30.0,14.34324564999324,12.940265089597816,1.4029805603954235
PRT,porto,01:30.0,126.8,32,31.5,26,23,01:30.0,15.045771832626688,12.987709884572066,2.058061948054622
PRT,porto,31:30.0,152.6,36,37.4,37,27,31:30.0,15.270838423727898,12.998353883113609,2.2724845406142915
PRT,porto,01:30.0,178.4,33,40.8,49,27,31:30.0,14.93737290868901,13.121616369755442,1.8157565389335684
PRT,porto,46:30.0,203.2,32,44.1,49,27,01:30.0,14.730958769531764,13.073187297846289,1.6577714716854768
PRT,porto,31:30.0,210.5,29,40.3,49,28,16:30.0,14.382247855925414,13.18568835245044,1.1965595034749723
PRT,porto,46:30.0,181.2,24,30.2,48,24,46:30.0,13.996395822376645,13.012350255130343,0.9840455672462998
PRT,porto,01:30.0,40.7,13,6,14,12,46:30.0,13.450753805275738,12.814289568259214,0.6364642370165239
PRT,porto,16:30.0,112,18,17.5,26,16,01:30.0,13.573212484315436,12.679037103246545,0.8941753810688944
PRT,porto,16:30.0,40.3,17,10.4,15,17,31:30.0,13.403536716346416,12.87715468451378,0.526382032
PRT,porto,46:30.0,35.4,15,8.7,13,13,46:30.0,13.228406863962324,12.742329492519662,0.4860773714426614
PRT,porto,46:30.0,16.2,10,1.9,5,9,46:30.0,12.627481001052738,12.248868999507732,0.3786120015450045
PRT,porto,46:30.0,6,2,0.8,2,2,46:30.0,11.609443976568388,11.547032591213767,0.062411385
PRT,porto,01:30.0,0,0,0,0,0,01:30.0,11.03388175427384,11.046495939586023,-0.012614185
PRT,porto,01:30.0,0,0,0,0,0,01:30.0,11.25038019,11.172745811385544,0.077634378
PRT,porto,01:30.0,4.9,0,0.6,2,0,01:30.0,11.645191918310491,11.615126049526314,0.030065869
PRT,porto,01:30.0,0,0,0,0,0,01:30.0,11.38994589151703,11.576800220211412,-0.186854329
PRT,porto,01:30.0,4.6,0,0.1,1,0,01:30.0,11.900707942721976,12.081404070537902,-0.180696128
PRT,porto,01:30.0,4.6,0,0.5,1,0,01:30.0,12.23634570241072,12.45407255410488,-0.217726852
PRT,porto,01:30.0,0,0,0,0,0,01:30.0,12.191404944662024,12.45515754391522,-0.263752599
PRT,porto,01:30.0,4.3,0,0.5,2,2,01:30.0,12.32940092109246,12.47204569511891,-0.142644774
PRT,porto,01:30.0,4.1,4,0.2,2,2,01:30.0,12.67099550108668,12.888270331441769,-0.21727483
PRT,porto,16:30.0,17.8,6,1.5,3,5,01:30.0,12.951552490211034,13.17737188919933,-0.225819399
PRT,porto,01:30.0,8.5,7,0.9,3,7,31:30.0,13.584805702338096,13.843582100110067,-0.258776398
PRT,porto,01:30.0,19.9,12,0.8,4,9,01:30.0,14.19076629,14.431453713401217,-0.240687423
PRT,porto,01:30.0,38.5,19,5.9,12,20,01:30.0,14.282624908923946,14.211032703976258,0.071592205
PRT,porto,01:30.0,92.1,29,17.3,28,38,01:30.0,15.231287176935664,14.36071300577512,0.870574171
PRT,porto,16:30.0,191.3,32,34.8,47,36,46:30.0,15.424119495834107,14.19351757497006,1.2306019208640464
PRT,porto,01:30.0,165.5,28,24.2,40,28,31:30.0,15.052163203994349,14.496287292299776,0.5558759116945726
PRT,porto,16:30.0,183.2,29,29.5,47,26,16:30.0,15.168200002801148,14.466791775173787,0.7014082276273594
PRT,porto,01:30.0,164.9,28,29.8,49,26,16:30.0,14.99314097177297,14.335040072816255,0.6581008989567145
PRT,porto,46:30.0,180.2,27,30,49,25,01:30.0,14.91314808471305,14.187944565256124,0.7252035194569277
PRT,porto,46:30.0,42.3,15,7.7,14,24,46:30.0,13.547145815149422,13.53528581144911,0.011860004
PRT,porto,01:30.0,90.9,19,14.7,29,19,01:30.0,14.104438944973554,14.072748911300948,0.031690034
PRT,porto,01:30.0,85.5,24,14.2,26,25,01:30.0,14.382686969983087,14.126964542652807,0.255722427
PRT,porto,46:30.0,136.3,24,19.3,42,27,01:30.0,14.453407026025966,14.111840291693737,0.3415667343322308
PRT,porto,46:30.0,68.8,16,11.2,24,26,46:30.0,13.542607367059986,13.450719551528632,0.091887816
PRT,porto,46:30.0,1.9,6,0.2,1,20,46:30.0,12.159541192148096,12.374830159335009,-0.215288967
PRT,porto,01:30.0,3.5,0,0.2,1,20,46:30.0,11.196120506120812,11.438717272147974,-0.242596766
PRT,porto,01:30.0,0,0,0,0,10,46:30.0,10.788598713757724,10.999012083044509,-0.210413369
PRT,porto,01:30.0,0,0,0,0,3,46:30.0,11.047373829907317,11.151658547418108,-0.104284718
PRT,porto,01:30.0,8,0,0.4,2,1,46:30.0,11.53135665229981,11.590283193534642,-0.058926541
PRT,porto,01:30.0,2.6,0,0.2,2,0,01:30.0,11.381980013542863,11.43043161444832,-0.048451601
PRT,porto,01:30.0,0,0,0,0,0,01:30.0,11.908547645329246,12.068279094558058,-0.159731449
PRT,porto,01:30.0,0,0,0,0,0,01:30.0,12.544813909306264,12.621975939214622,-0.07716203
PRT,porto,01:30.0,0,0,0,0,0,01:30.0,12.744683052495184,12.952453471618217,-0.207770419
PRT,porto,01:30.0,3.5,0,1.2,2,0,01:30.0,12.355534954158598,12.47629066766632,-0.120755714
PRT,porto,01:30.0,2.5,4,0.3,1,0,01:30.0,12.829350369073095,12.228609110300772,0.6007412587723238
PRT,porto,31:30.0,23.5,5,2.5,9,4,01:30.0,12.924572951239425,12.316166387245756,0.6084065639936682
PRT,porto,01:30.0,2.6,4,0.3,1,7,01:30.0,13.27180450139262,13.173724893540124,0.098079608
PRT,porto,01:30.0,22.9,8,1.7,7,11,01:30.0,13.96799556600224,13.718215555366529,0.2497800106357139
PRT,porto,01:30.0,31.3,13,2.4,12,27,01:30.0,13.76541057,13.570880994199166,0.1945295730374336
PRT,porto,01:30.0,67,21,10.2,20,59,01:30.0,14.197821991384034,13.594441731990605,0.603380259
PRT,porto,16:30.0,74.5,22,15,23,85,01:30.0,14.142607793966995,13.540334499586171,0.602273294
PRT,porto,01:30.0,100.4,21,16.3,29,93,31:30.0,13.904462414050522,13.689827014077077,0.2146353999734476
PRT,porto,31:30.0,70.7,20,15.2,23,84,46:30.0,13.82428027453946,13.735660726473816,0.088619548
PRT,porto,01:30.0,76.2,17,16.2,26,84,46:30.0,13.580635072870717,13.522316904140608,0.058318169
PRT,porto,46:30.0,60.2,16,11.7,22,57,46:30.0,13.376177146449598,13.3087915,0.067385644
PRT,porto,46:30.0,17.8,10,2.5,7,45,46:30.0,12.900762145020334,12.779578348857823,0.1211837961625086
PRT,porto,01:30.0,37.7,13,6.4,14,30,46:30.0,13.117651999951637,12.872119810260688,0.2455321896909481
PRT,porto,16:30.0,70,17,11.4,26,26,31:30.0,13.36018430092621,12.824400551550733,0.5357837493754793
PRT,porto,46:30.0,69.6,16,11.4,23,32,01:30.0,13.066597979352998,12.506611651907086,0.5599863274459125
PRT,porto,31:30.0,86.9,14,13.8,29,32,01:30.0,12.777923279977207,12.333753714451229,0.4441695655259821
PRT,porto,46:30.0,47.4,9,6.8,18,33,46:30.0,12.22889151844058,11.978996366652744,0.249895152
PRT,porto,46:30.0,1.9,3,0.5,2,39,01:30.0,11.499685456012108,11.294325645036372,0.2053598109757342
PRT,porto,01:30.0,0,0,0,0,64,01:30.0,11.076510129246488,10.90265703,0.1738530952928894
PRT,porto,01:30.0,0,0,0,0,64,46:30.0,11.374970766614648,11.088883852334169,0.2860869142804798
PRT,porto,01:30.0,10.8,0,1.1,3,33,46:30.0,11.656725409932957,11.343888725182222,0.3128366847507351
PRT,porto,01:30.0,26.2,0,1.8,5,0,01:30.0,11.604790029186328,11.242267137161354,0.3625228920249732
PRT,porto,01:30.0,34.9,0,2,4,0,01:30.0,12.518161867652625,11.902456262553574,0.6157056050990484
PRT,porto,16:30.0,28.1,1,1.9,7,0,01:30.0,13.009634896994482,12.268983847271954,0.74065105
PRT,porto,01:30.0,36,5,4.8,10,0,01:30.0,13.231204941022286,12.308148159602888,0.9230567814193992
PRT,porto,01:30.0,113.6,13,10.1,20,0,01:30.0,14.130911533311918,12.01542510421027,2.115486429101649
PRT,porto,31:30.0,198.1,15,11.7,27,0,01:30.0,14.270939797781644,11.913779022235936,2.357160775545708
PRT,porto,31:30.0,84.6,11,6.3,13,4,01:30.0,13.508654476929632,12.445017979861808,1.063636497067824
PRT,porto,01:30.0,31.8,14,3.3,12,13,01:30.0,14.54594197438508,13.455286805224178,1.090655169160902
PRT,porto,01:30.0,130.7,32,17.2,44,19,46:30.0,16.270565285511815,13.601010903602118,2.6695543819096965
PRT,porto,01:30.0,592.7,74,105.3,158,16,01:30.0,20.83145492,14.803044796618972,6.0284101256724245
PRT,porto,01:30.0,1843.3,114,224,393,62,01:30.0,25.71897350796014,17.43008401801312,8.288889489947021
PRT,porto,46:30.0,2270.7,118,249.4,465,98,01:30.0,26.22812355,17.976448610269905,8.251674934801493
PRT,porto,46:30.0,1678.6,98,219.8,390,99,46:30.0,23.609552448917725,17.835874262329053,5.773678186588672
PRT,porto,01:30.0,742.8,71,126.3,218,99,46:30.0,19.963623819741542,16.017570627679948,3.9460531920615978
PRT,porto,46:30.0,705.4,65,126.5,196,73,46:30.0,19.28430960277221,15.631191145697258,3.653118457074953
PRT,porto,46:30.0,316,42,56,97,41,46:30.0,16.69568547990632,15.076756864987068,1.618928614919252
PRT,porto,46:30.0,179.9,34,35.5,61,33,46:30.0,15.799955216642052,14.64706551718361,1.1528896994584432
PRT,porto,01:30.0,85.4,25,16.3,33,28,46:30.0,15.012969189055458,14.341721021332033,0.6712481677234248
PRT,porto,01:30.0,96.1,28,17,36,20,01:30.0,15.033311311327848,14.36896306765301,0.6643482436748389
PRT,porto,01:30.0,146.2,29,26.9,48,24,01:30.0,15.08197381798979,14.535336773166089,0.5466370448237026
PRT,porto,01:30.0,126.7,31,22.8,46,31,01:30.0,15.136478114943372,15.194676363080903,-0.058198248
PRT,porto,01:30.0,319.2,43,58.4,116,44,01:30.0,16.37160264064203,16.500951891348095,-0.129349251
PRT,porto,31:30.0,404.8,44,79.1,122,70,01:30.0,16.620452033412832,16.33343756821467,0.2870144651981618
PRT,porto,46:30.0,155.5,24,43.3,43,72,46:30.0,13.30120143422304,12.76078943593524,0.540411998
PRT,porto,01:30.0,0,0,0,0,33,46:30.0,10.577275913830189,10.626828322067755,-0.049552408
PRT,porto,01:30.0,0,0,0,0,0,01:30.0,10.35677284729661,10.421436285367005,-0.064663438
PRT,porto,01:30.0,3.9,0,6.7,2,0,01:30.0,11.751836085752768,11.684077834185556,0.067758252
PRT,porto,01:30.0,0,0,0,0,0,01:30.0,12.880235071105732,12.70457189805957,0.1756631730461624
PRT,porto,01:30.0,0.5,0,0.1,1,0,01:30.0,12.427332387919732,12.570241458224023,-0.14290907
PRT,porto,01:30.0,0.9,0,0.1,1,0,01:30.0,12.049198386264168,12.046576487834429,0.002621898
PRT,porto,01:30.0,1.3,0,0.1,1,0,01:30.0,12.102180890124322,12.260691854963476,-0.158510965
PRT,porto,01:30.0,5.5,2,0.3,2,0,01:30.0,12.391335883022194,12.398534995121786,-0.007199112
PRT,porto,01:30.0,8.8,4,0.9,4,2,01:30.0,13.11187166287727,13.168647338878795,-0.056775676
PRT,porto,01:30.0,3.4,12,0.2,2,5,01:30.0,14.15030358620082,13.865258669346542,0.2850449168542788
PRT,porto,01:30.0,103.3,36,26.9,39,13,01:30.0,16.42898581,15.237424768181343,1.191561039281055
PRT,porto,01:30.0,769.4,79,117,215,60,01:30.0,21.42024442250181,18.149338708932675,3.270905713569136
PRT,porto,31:30.0,1583.4,92,205.8,374,88,01:30.0,22.934303180367817,18.82856923780824,4.105733942559574
PRT,porto,46:30.0,1301.1,81,188.1,336,91,31:30.0,21.441544696999703,18.05208903949187,3.389455657507831
PRT,porto,46:30.0,338.2,43,60.7,110,74,46:30.0,16.93107993,15.99192116404869,0.9391587644828086
PRT,porto,46:30.0,174.3,35,27.7,63,38,46:30.0,15.918272142095248,15.24823820164614,0.6700339404491071
PRT,porto,46:30.0,185.5,32,34.7,65,31,46:30.0,15.761717048533804,14.878740856718856,0.8829761918149508
PRT,porto,01:30.0,86.2,24,15,32,31,46:30.0,14.925149423276062,14.466988977312878,0.458160446
PRT,porto,01:30.0,49.1,21,9.1,22,29,46:30.0,14.595515404069126,14.402067541762689,0.1934478623064386
PRT,porto,01:30.0,69.8,25,11.6,29,21,46:30.0,14.727039528225474,14.366082277449909,0.3609572507755665
PRT,porto,01:30.0,106.1,28,18.2,44,24,01:30.0,15.027302681409989,14.513585245393331,0.5137174360166537
PRT,porto,01:30.0,165.9,36,26.8,55,30,01:30.0,15.949613160927465,15.314138545751312,0.6354746151761503
PRT,porto,01:30.0,589.3,58,86.5,162,46,01:30.0,18.34074584745099,16.542449057656107,1.7982967897948825
PRT,porto,46:30.0,612.7,59,105.7,177,74,01:30.0,18.35374300569825,16.499664352731408,1.8540786529668445
PRT,porto,46:30.0,261.8,30,71.9,74,74,46:30.0,14.10755798331496,12.708877941298145,1.3986800420168173
PRT,porto,01:30.0,0,0,0,0,32,46:30.0,10.789277417277486,10.724130509636623,0.065146908
PRT,porto,01:30.0,5.5,0,0.3,1,0,01:30.0,10.407987778039336,10.347357282301328,0.060630496
PRT,porto,01:30.0,0,0,0,0,0,01:30.0,11.444299979530744,11.438494355034551,0.005805624
PRT,porto,01:30.0,0.5,0,0.3,1,0,01:30.0,13.361241296670215,13.05793155362286,0.3033097430473574
PRT,porto,01:30.0,0,0,0,0,0,01:30.0,12.631364991441034,12.691849649531608,-0.060484658
PRT,porto,01:30.0,1.4,0,0.3,1,0,01:30.0,12.436164805391638,12.386614364578469,0.049550441
PRT,porto,01:30.0,3.1,0,3.3,2,0,01:30.0,11.931666938021811,12.015489868263094,-0.08382293
PRT,porto,01:30.0,6.3,1,0.4,3,0,01:30.0,12.47104613346446,12.55052095656393,-0.079474823
PRT,porto,01:30.0,3.6,5,0.3,1,1,01:30.0,13.189702620539226,13.141605167009168,0.048097454
PRT,porto,01:30.0,72.4,25,8.6,13,4,01:30.0,15.906373349656846,13.796363397404424,2.1100099522524225
PRT,porto,01:30.0,424.4,58,54.4,91,8,01:30.0,19.60015635,15.06342515246711,4.536731198047493
PRT,porto,01:30.0,1197.8,89,133.3,264,31,01:30.0,22.778141074595585,17.464669443072253,5.313471631523331
PRT,porto,46:30.0,1433.7,94,175.2,341,67,01:30.0,23.16361381226472,17.95782321075062,5.205790601514092
PRT,porto,46:30.0,974.6,69,144.7,274,75,31:30.0,20.00748220539848,17.803669476099095,2.2038127292993828
PRT,porto,01:30.0,328.3,42,60.4,109,75,31:30.0,16.836614733266735,16.204131457541948,0.6324832757247876
PRT,porto,46:30.0,241.7,38,40.4,77,65,46:30.0,16.21899451214627,15.770940586674712,0.4480539254715587
PRT,porto,46:30.0,143.2,31,24.3,60,36,46:30.0,15.49612643699444,15.095607807369111,0.4005186296253278
PRT,porto,46:30.0,129.4,28,23.1,43,29,46:30.0,15.237567815545749,14.762584227079016,0.4749835884667313
PRT,porto,01:30.0,34.1,19,5.2,11,27,46:30.0,14.220433392774805,14.15099069334148,0.069442699
PRT,porto,01:30.0,76.5,22,10.9,23,20,01:30.0,14.595745887051695,14.523223119883358,0.072522767
PRT,porto,01:30.0,94.7,27,15.4,34,25,01:30.0,15.0381341,14.84458526425338,0.1935488336800208
PRT,porto,01:30.0,128.9,36,24.3,43,39,01:30.0,15.757644087609735,15.34071655984045,0.4169275277692872
PRT,porto,01:30.0,628.5,60,96.4,168,58,01:30.0,18.52240762,16.68518307819266,1.837224537162637
PRT,porto,46:30.0,651.6,62,109,173,79,01:30.0,18.77888402279475,16.763975614534196,2.0149084082605526
PRT,porto,46:30.0,243.1,30,63.8,66,76,46:30.0,14.148184418236196,12.925946906845908,1.222237511390288
PRT,porto,31:30.0,92.6,15,41.3,27,76,46:30.0,12.177460271074006,11.558460500752904,0.6189997703211016
PRT,porto,01:30.0,0,0,0,0,34,46:30.0,10.363813981728567,10.48323900050502,-0.119425019
PRT,porto,01:30.0,0,0,0,0,0,01:30.0,10.06848947476289,10.298742667527105,-0.230253193
PRT,porto,01:30.0,1,0,0,1,0,01:30.0,11.623450026686283,11.50913626865734,0.1143137580289437
PRT,porto,01:30.0,4.4,0,8.5,2,0,01:30.0,12.649257110014286,12.402317632374562,0.2469394776397244
PRT,porto,01:30.0,0,0,0,0,0,01:30.0,12.907755832728864,12.766843269872693,0.1409125628561724
PRT,porto,01:30.0,0,0,0,0,0,01:30.0,12.169942229339377,12.102741363113113,0.067200866
PRT,porto,01:30.0,5.5,0,0.3,2,0,01:30.0,11.902266216998733,11.948818274969604,-0.046552058
PRT,porto,01:30.0,14,1,0.8,4,0,01:30.0,12.276420030105108,12.23905906246435,0.037360968
PRT,porto,01:30.0,10,3,2.7,3,3,01:30.0,12.967282565571146,13.002314200423765,-0.035031635
PRT,porto,01:30.0,0,6,0,0,5,01:30.0,13.347959692786295,13.571316789901465,-0.223357097
PRT,porto,01:30.0,54.2,30,10.4,15,6,01:30.0,15.881599246808792,14.415702280982789,1.4658969658260066
PRT,porto,01:30.0,799.9,81,111.5,209,24,01:30.0,21.66078268860136,16.976377461636808,4.684405226964554
PRT,porto,31:30.0,1504.2,92,212.9,379,61,01:30.0,22.78224791367497,17.80443918521084,4.977808728464133
PRT,porto,46:30.0,1051.2,73,151.2,275,73,31:30.0,20.53101430014632,17.363848594770637,3.1671657053756768
PRT,porto,01:30.0,275.4,41,51.3,95,73,31:30.0,16.605926580759032,15.789618367340118,0.8163082134189139
PRT,porto,46:30.0,215.2,38,38.9,76,61,46:30.0,16.306496527722402,15.588778845730705,0.7177176819916973
PRT,porto,46:30.0,126.2,31,20.9,40,36,46:30.0,15.453882134564372,14.880400961149252,0.5734811734151197
PRT,porto,46:30.0,124.9,27,20.4,47,28,46:30.0,15.144344644706177,14.59617076412145,0.5481738805847272
PRT,porto,01:30.0,45.2,19,8.8,18,27,46:30.0,14.16777940288345,13.866295279773908,0.3014841231095424
PRT,porto,01:30.0,75.7,21,9.7,25,17,01:30.0,14.281837866480618,13.968068194413428,0.3137696720671901
PRT,porto,01:30.0,51,23,12.3,21,22,01:30.0,14.370706983053358,14.133512079970874,0.237194903
PRT,porto,01:30.0,106.7,30,18,36,23,01:30.0,15.099203746483145,14.75819610594749,0.3410076405356523
PRT,porto,01:30.0,458.2,55,85.4,136,32,01:30.0,17.868385353047845,16.11980026733661,1.748585085711234
PRT,porto,46:30.0,541.3,57,101.3,166,65,01:30.0,18.192016037481565,16.29027965353381,1.9017363839477568
PRT,porto,46:30.0,203.6,29,57.6,56,65,46:30.0,13.862688070180472,12.636601291289782,1.226086778890691
PRT,porto,01:30.0,0.8,0,0.9,1,65,46:30.0,10.026319896411003,10.213944531839932,-0.187624635
PRT,porto,01:30.0,0.5,0,1.8,1,33,46:30.0,9.954008618759264,10.05276368055446,-0.098755062
PRT,porto,01:30.0,3.7,0,0.1,1,0,01:30.0,9.988361478,10.162444993273922,-0.174083516
PRT,porto,01:30.0,2.7,0,0.2,1,0,01:30.0,10.71367103,10.874959823297928,-0.161288796
PRT,porto,01:30.0,0,0,0,0,0,01:30.0,12.276970279365305,12.13279503,0.1441752478666043
PRT,porto,01:30.0,2.8,0,0.2,1,0,01:30.0,12.093774035729863,12.21323333279332,-0.119459297
PRT,porto,01:30.0,3.3,0,0.2,1,0,01:30.0,11.90060779676227,12.055169689915031,-0.154561893
PRT,porto,01:30.0,15.4,0,0.9,4,0,01:30.0,11.494143929375692,11.709314840937564,-0.215170912
PRT,porto,01:30.0,2.6,0,0.1,1,0,01:30.0,11.960032304114382,12.273957538937449,-0.313925235
PRT,porto,01:30.0,1.1,0,0.2,1,0,01:30.0,12.378803794372752,12.751286435347687,-0.372482641
PRT,porto,01:30.0,2.6,3,0.2,1,1,01:30.0,12.728242949209712,13.19206319101296,-0.463820242
PRT,porto,01:30.0,16.7,8,1,5,3,01:30.0,13.039035020626066,13.39668521344792,-0.357650193
PRT,porto,01:30.0,77.6,23,12.2,21,11,01:30.0,14.159281360802169,13.239530135629462,0.9197512251727052
PRT,porto,31:30.0,169.1,27,24,41,14,31:30.0,14.493763443537151,13.28288189362368,1.2108815499134735
PRT,porto,01:30.0,177.6,27,26.4,49,15,01:30.0,14.605886480944047,13.732117164552648,0.8737693163913995
PRT,porto,16:30.0,257.8,28,32.5,65,18,01:30.0,14.657984902099376,13.55264787058122,1.1053370315181557
PRT,porto,46:30.0,212,24,30.9,52,19,16:30.0,14.255324485727437,13.32824551039257,0.9270789753348652
PRT,porto,46:30.0,39.9,12,5.4,14,17,46:30.0,13.260580953175303,12.983651186105734,0.2769297670695714
PRT,porto,01:30.0,71,16,10,19,6,46:30.0,13.49549898124807,13.036249218851058,0.4592497623970129
PRT,porto,31:30.0,56.5,17,11,21,10,01:30.0,13.615612789008104,13.172128512391811,0.4434842766162923
PRT,porto,46:30.0,30.7,13,5.5,9,12,16:30.0,13.163686740370096,12.995286691882995,0.1684000484871006
PRT,porto,46:30.0,12.3,9,2.7,5,10,46:30.0,12.452184979509974,12.243024302688752,0.2091606768212219
PRT,porto,46:30.0,0,2,0,0,5,46:30.0,11.65349721,11.617383890391888,0.036113321
PRT,porto,01:30.0,3,0,0.2,1,0,01:30.0,10.805850751925291,10.750599551998013,0.0552512
PRT,porto,01:30.0,0,0,0,0,0,01:30.0,11.238845692105272,11.14105363,0.097792059
PRT,porto,01:30.0,3.2,0,4.5,3,0,01:30.0,11.689262746964946,11.661830085672351,0.027432661
PRT,porto,01:30.0,2.3,0,1.5,1,0,01:30.0,11.94711122028188,11.909839919184586,0.037271301
PRT,porto,01:30.0,2.1,0,4,1,0,01:30.0,12.200859840202758,12.246586225118492,-0.045726385
PRT,porto,01:30.0,0,0,0,0,0,01:30.0,12.594543353585555,12.621175602919015,-0.026632249
PRT,porto,01:30.0,1,0,3.1,1,0,01:30.0,12.661207841600008,12.878906001837915,-0.21769816
PRT,porto,01:30.0,0,2,0,0,3,01:30.0,12.562204483582454,12.395694816451115,0.1665096671313382
PRT,porto,01:30.0,27.1,5,1,5,9,16:30.0,12.881347014887474,12.923942292314454,-0.042595277
PRT,porto,31:30.0,0,7,0,0,7,31:30.0,13.136093074032756,13.255428544731416,-0.119335471
PRT,porto,01:30.0,17.7,9,0.9,7,7,01:30.0,14.344146552540382,14.430702613456225,-0.086556061
PRT,porto,01:30.0,71.3,20,6.2,23,15,01:30.0,15.233491744527434,14.406431394898402,0.8270603496290327
PRT,porto,01:30.0,120.2,38,42.7,40,23,01:30.0,16.67348869064965,14.295669387081343,2.3778193035683035
PRT,porto,46:30.0,158.8,36,54.4,50,25,31:30.0,16.337000517034944,14.262512885268272,2.0744876317666723
PRT,porto,31:30.0,149.9,28,24.4,44,23,01:30.0,15.07971180062614,14.211252382733608,0.8684594178925309
PRT,porto,16:30.0,87.1,26,18,32,31,01:30.0,14.809038647541756,14.432977880214644,0.3760607673271092
PRT,porto,01:30.0,114.3,25,18.2,39,33,31:30.0,14.62257888912184,14.327953856876762,0.2946250322450776
PRT,porto,46:30.0,121.9,24,22.7,43,25,46:30.0,14.58725179,14.187436330554045,0.3998154608427562
PRT,porto,01:30.0,37.3,19,9.8,14,15,46:30.0,14.26025900914766,13.660272025443396,0.5999869837042642
PRT,porto,01:30.0,82.3,25,17.4,33,21,01:30.0,14.719545213490283,14.085963772805163,0.6335814406851217
PRT,porto,01:30.0,106.9,27,23.2,38,27,01:30.0,14.933646767887527,14.349852556187736,0.583794212
PRT,porto,46:30.0,102.2,26,21.9,40,27,31:30.0,14.799948175812723,14.269257547823148,0.5306906279895749
PRT,porto,46:30.0,84.2,20,16.7,31,20,46:30.0,13.880107910290128,13.371897809325723,0.5082101009644031
PRT,porto,46:30.0,15.3,10,6,7,11,46:30.0,12.45726308,12.242346673435884,0.2149164106121155
PRT,porto,46:30.0,2.2,3,0.3,1,4,46:30.0,11.22213063,10.987219241101748,0.2349113839788508
PRT,porto,46:30.0,3.3,1,0.3,1,0,01:30.0,11.20418965560068,10.691170432846183,0.5130192227544939
PRT,porto,01:30.0,0.5,0,1.2,1,0,01:30.0,12.401531710939446,11.725853508080634,0.675678203
PRT,porto,01:30.0,0,0,0,0,0,01:30.0,12.675550279640666,11.918342049808716,0.7572082298319494
PRT,porto,01:30.0,1.8,0,0.3,1,0,01:30.0,12.907096005256138,12.593973253213344,0.3131227520427941
PRT,porto,01:30.0,0,0,0,0,0,01:30.0,13.187761205679926,12.96989883,0.2178623712939256
PRT,porto,01:30.0,0,0,0,0,0,01:30.0,12.742181037114298,12.696499447225907,0.04568159
PRT,porto,01:30.0,1.2,0,0.2,1,1,01:30.0,12.767848857155668,12.653806714833657,0.1140421423220132
PRT,porto,01:30.0,16.2,4,0.7,4,7,01:30.0,12.746804300412498,12.823803435924784,-0.076999136
PRT,porto,01:30.0,9.8,7,1.6,3,10,16:30.0,13.236052663240724,13.244084552891929,-0.00803189
PRT,porto,01:30.0,29.2,11,3.6,8,9,31:30.0,14.359621326596724,14.180890242035108,0.1787310845616154
PRT,porto,01:30.0,75.1,27,13.3,21,18,01:30.0,15.987425069260254,14.698616306226889,1.2888087630333658
PRT,porto,01:30.0,481.4,59,76,125,37,01:30.0,19.183468858653413,15.823558318321924,3.359910540331489
PRT,porto,01:30.0,1147.2,85,152.5,254,57,01:30.0,22.21986038501564,17.97673388702799,4.2431264979876495
PRT,porto,31:30.0,1652.6,93,210.8,362,66,01:30.0,23.32395540830911,18.87421653301105,4.449738875
PRT,porto,46:30.0,1401.8,84,169.1,301,64,46:30.0,21.942255663691903,18.523676521157995,3.418579142533908
PRT,porto,46:30.0,648.2,57,86.8,154,44,46:30.0,18.64794695126991,16.725617165076937,1.922329786192972
PRT,porto,46:30.0,361.2,45,51.3,79,34,46:30.0,17.18670980526407,15.658875839334678,1.527833965929391
PRT,porto,46:30.0,129.8,30,29.3,51,27,46:30.0,15.438979130942249,15.001002437742263,0.4379766931999835
PRT,porto,31:30.0,112.8,26,16.7,38,23,01:30.0,15.274814744007603,14.736438716801066,0.5383760272065388
PRT,porto,01:30.0,105.1,32,17.9,40,30,01:30.0,15.613674410936454,14.772428679879548,0.8412457310569064
PRT,porto,46:30.0,118.1,33,21.8,45,30,46:30.0,15.640581639227776,14.668894836826151,0.971686802
PRT,porto,01:30.0,111.4,39,28.2,41,38,01:30.0,16.201716491024666,14.630920256880271,1.5707962341443924
PRT,porto,01:30.0,486.3,64,97.4,142,63,01:30.0,19.086743601102217,15.470942583082396,3.615801018
PRT,porto,46:30.0,649.8,64,113.9,177,67,31:30.0,19.176294177359264,15.581078098031862,3.595216079327402
PRT,porto,46:30.0,229.7,33,76.8,58,32,46:30.0,14.136860916981131,12.23208864936922,1.9047722676119108
PRT,porto,01:30.0,1.2,0,0,1,0,01:30.0,11.023804036084927,10.89202283356709,0.1317812025178373
PRT,porto,01:30.0,7.6,0,2.8,4,0,01:30.0,10.253474554585267,10.329511601553518,-0.076037047
PRT,porto,01:30.0,0,0,0,0,0,01:30.0,11.05722847379748,11.064657377270066,-0.007428903
PRT,porto,01:30.0,2,0,4.9,1,0,01:30.0,12.53175754961755,12.318501441749994,0.2132561078675561
PRT,porto,01:30.0,0.6,0,1.7,1,0,01:30.0,12.95492906143227,12.726235785436153,0.2286932759961182
PRT,porto,01:30.0,0,0,0,0,0,01:30.0,12.855714038617087,12.557031306452467,0.2986827321646181
PRT,porto,01:30.0,3.9,4,3.3,2,2,01:30.0,12.694054781960949,12.269409187946112,0.4246455940148372
PRT,porto,01:30.0,41.2,13,2.7,10,6,01:30.0,13.606225586009812,12.367800525392216,1.2384250606175975
PRT,porto,46:30.0,112.5,19,8.7,27,7,31:30.0,14.247344917856196,12.362300311178103,1.885044606678092
PRT,porto,01:30.0,25.6,16,1.4,8,10,01:30.0,14.593683376099367,14.042487206747186,0.551196169
PRT,porto,01:30.0,285.4,62,59.6,92,29,01:30.0,20.035509402833448,15.499175019506184,4.536334383327265
PRT,porto,01:30.0,1297.3,98,168.8,299,61,01:30.0,23.880713424981263,17.95935949121685,5.921353933764415
PRT,porto,46:30.0,1574.4,99,198,359,70,31:30.0,24.033376340033087,18.582893742418914,5.450482597614172
PRT,porto,46:30.0,995.1,73,137.3,246,63,46:30.0,20.24214598408882,17.926699724943802,2.315446259145016
PRT,porto,46:30.0,372,41,54.4,115,39,46:30.0,16.67978077,16.15262981,0.5271509647006987
PRT,porto,01:30.0,156,33,24.7,53,39,46:30.0,15.639951880343189,15.374635871126472,0.2653160092167166
PRT,porto,46:30.0,178.3,33,25.2,57,31,31:30.0,15.557411901566748,15.181816353661512,0.3755955479052364
PRT,porto,46:30.0,171,28,22,51,29,46:30.0,15.217965779040211,14.83718448684048,0.3807812921997318
PRT,porto,01:30.0,39.5,20,6.4,17,20,01:30.0,14.472374592161458,14.551753404381776,-0.079378812
PRT,porto,01:30.0,61.9,24,8.1,23,25,01:30.0,14.679404416548527,14.574038995491932,0.1053654210565966
PRT,porto,01:30.0,108.5,31,18.6,42,32,01:30.0,15.417723007111428,14.882674311027916,0.5350486960835124
PRT,porto,01:30.0,245.2,44,37,71,45,01:30.0,16.826733989984493,15.315304076527454,1.5114299134570397
PRT,porto,01:30.0,856.2,70,123.2,215,75,01:30.0,19.81053487985909,16.526160440186388,3.2843744396727104
PRT,porto,46:30.0,965.5,72,137.3,234,77,46:30.0,20.19760010224518,16.627442414021324,3.570157688223855
PRT,porto,46:30.0,343.3,33,75.2,77,38,46:30.0,14.466958414822336,12.896048210675396,1.570910204146939
PRT,porto,31:30.0,130.4,16,46.6,41,38,46:30.0,12.260617344883178,11.523097810320545,0.7375195345626349
PRT,porto,01:30.0,0,0,0,0,0,01:30.0,10.370496503616495,10.406979378626138,-0.036482875
PRT,porto,01:30.0,0,0,0,0,0,01:30.0,10.553657728998608,10.572104999444525,-0.01844727
PRT,porto,01:30.0,1.2,0,4.3,2,0,01:30.0,12.165151419507886,12.016001141577892,0.1491502779299942
PRT,porto,01:30.0,1.9,0,2.2,2,0,01:30.0,12.814402005053186,12.562069743795082,0.252332261
PRT,porto,01:30.0,0,0,0,0,0,01:30.0,12.596731195722398,12.501625460957932,0.095105735
PRT,porto,01:30.0,0,0,0,0,0,01:30.0,12.235779462697472,12.136276632010802,0.099502831
PRT,porto,01:30.0,0,0,0,0,2,01:30.0,12.240393593467678,12.22692444469594,0.013469149
PRT,porto,01:30.0,0.5,2,1,1,6,01:30.0,12.871407260334989,12.915248282546566,-0.043841022
PRT,porto,01:30.0,10.5,5,1.4,4,10,16:30.0,13.434419626663352,13.402420973011168,0.031998654
PRT,porto,01:30.0,28.1,13,3.1,8,12,01:30.0,14.332661888424829,14.04469680097364,0.2879650874511892
PRT,porto,01:30.0,260.3,60,49,67,42,01:30.0,19.695186894987675,15.47042674594788,4.224760149039794
PRT,porto,01:30.0,1023.3,88,149.2,251,72,01:30.0,22.72405031380455,18.205268465103124,4.518781848701426
PRT,porto,31:30.0,1394.3,91,194.1,340,79,31:30.0,23.012048824987225,19.005697239875552,4.006351585111673
PRT,porto,46:30.0,1000.1,74,142.9,259,72,46:30.0,20.78771343813823,18.278742004354115,2.508971433784115
PRT,porto,46:30.0,286.5,38,44.4,90,56,46:30.0,16.366802435654087,15.965650336158564,0.4011520994955226
PRT,porto,46:30.0,150.6,31,24.5,53,47,46:30.0,15.535149096026766,15.303690725900196,0.2314583701265693
PRT,porto,46:30.0,134,29,20,46,39,46:30.0,15.407629603120668,14.892357971180402,0.5152716319402657
PRT,porto,46:30.0,87.2,21,11.9,29,23,46:30.0,14.71017931796441,14.63017938014157,0.079999938
PRT,porto,01:30.0,70,24,9.7,21,22,01:30.0,14.78877107,14.475815186772712,0.3129558846098881
PRT,porto,01:30.0,124.4,30,19.3,44,27,01:30.0,15.199838802922145,14.468144205392123,0.7316945975300193
PRT,porto,01:30.0,232.5,46,45.4,69,46,01:30.0,17.123880916284158,15.238647148426278,1.885233768
PRT,porto,01:30.0,836.2,74,123.5,217,83,01:30.0,20.501744338241423,16.59164012368504,3.910104214556384
PRT,porto,46:30.0,937.8,74,137.4,233,85,46:30.0,20.658258743063527,16.64672352168192,4.011535221381607
PRT,porto,46:30.0,307.1,32,73.6,77,43,46:30.0,14.311467762716386,12.749559571079466,1.5619081916369204
PRT,porto,01:30.0,0.4,0,1.7,1,0,01:30.0,10.031854561219903,10.12279514190298,-0.090940581
PRT,porto,01:30.0,6.3,0,0.4,2,0,01:30.0,10.068801318108411,10.21627433723844,-0.147473019
PRT,porto,01:30.0,0,0,0,0,0,01:30.0,11.542164218683236,11.394532531485003,0.1476316871982295
PRT,porto,01:30.0,1.2,0,0.1,1,0,01:30.0,12.505889523082274,12.384043392183765,0.1218461308985112
PRT,porto,01:30.0,0,0,0,0,0,01:30.0,12.070795049407756,12.115293707952858,-0.044498659
PRT,porto,01:30.0,0,0,0,0,0,01:30.0,12.320849490800514,12.240431359654526,0.080418131
PRT,porto,01:30.0,10.9,0,0.8,4,7,01:30.0,12.02817794153978,12.019058091473596,0.00911985
PRT,porto,01:30.0,10.3,1,0.5,4,5,46:30.0,12.746845656351528,12.813682462768746,-0.066836806
PRT,porto,01:30.0,10.6,4,3.3,2,8,01:30.0,13.176109350702564,13.16304315509382,0.013066196
PRT,porto,01:30.0,1.9,8,0.1,1,13,31:30.0,13.717014191978665,13.790838395673015,-0.073824204
PRT,porto,01:30.0,64,31,11.3,23,32,01:30.0,15.930746200531605,14.837247531860546,1.0934986686710566
PRT,porto,01:30.0,557.6,67,94.4,169,70,01:30.0,19.95490059663356,17.759959580422894,2.1949410162106666
PRT,porto,31:30.0,1145.9,75,160.6,315,76,31:30.0,20.694401645392816,18.44605037454215,2.248351270850666
PRT,porto,16:30.0,982.1,70,138.9,267,76,31:30.0,20.14070527,18.629786269670102,1.5109189983342972
PRT,porto,46:30.0,874.6,65,130,257,66,46:30.0,19.48493041821048,17.82692619903804,1.6580042191724402
PRT,porto,46:30.0,251.1,36,36.4,85,35,46:30.0,16.02114404,15.793550167545837,0.2275938729952642
PRT,porto,46:30.0,122,29,21.3,41,28,46:30.0,15.39384521640882,15.35753771,0.036307505
PRT,porto,46:30.0,91.1,27,17.2,34,25,46:30.0,15.07035306,14.720795004677925,0.3495580512606775
PRT,porto,16:30.0,67.8,23,10.8,29,25,46:30.0,14.863485591944324,14.62116254949528,0.2423230424490441
PRT,porto,01:30.0,57.1,20,7.9,24,18,01:30.0,14.565357839638883,14.413742151036598,0.1516156886022877
PRT,porto,01:30.0,83.8,25,11.5,26,23,01:30.0,14.988960181265464,14.61792247513574,0.3710377061297265
PRT,porto,01:30.0,147.6,39,26.9,51,27,01:30.0,16.497657744966723,14.787191465009348,1.7104662799573749
PRT,porto,01:30.0,292.9,58,55.6,68,40,01:30.6,18.512123648421504,15.30776795880521,3.2043556896162944
PRT,porto,01:30.0,1080.7,79,137,239,73,01:30.0,21.141760435932497,16.712676835423153,4.429083600509344
PRT,porto,46:30.0,1118.9,76,134.7,236,73,46:30.0,21.01668953215801,16.818999722568574,4.197689809589438
PRT,porto,46:30.0,395.5,34,86.5,98,37,46:30.0,14.499684789575332,12.882056546251778,1.6176282433235531
PRT,porto,01:30.0,0,0,0,0,0,01:30.0,10.449602554464088,10.60318433158405,-0.153581777
PRT,porto,01:30.0,0,0,0,0,0,01:30.0,10.328908472841922,10.568668481161613,-0.239760008
PRT,porto,01:30.0,1.5,0,0.1,1,0,01:30.0,11.66149742354307,11.672307271963774,-0.010809848
PRT,porto,01:30.0,0,0,0,0,0,01:30.0,13.10442190330791,13.06115175433928,0.043270149
PRT,porto,01:30.0,0,0,0,0,0,01:30.0,13.205262875576173,12.980275299964593,0.2249875756115784
PRT,porto,01:30.0,0,0,0,0,0,01:30.0,12.353243544125831,12.221249951966902,0.1319935921589312
PRT,porto,01:30.0,12,0,0.6,3,0,01:30.0,12.166148896176203,12.104631627679394,0.061517268
PRT,porto,01:30.0,13.7,3,2,2,0,01:30.0,12.788004123687166,12.542520630887749,0.2454834927994191
PRT,porto,01:30.0,19.4,5,3.1,4,3,01:30.0,13.285230928884594,12.988427281095476,0.2968036477891189
PRT,porto,01:30.0,7.2,6,0.3,2,7,01:30.0,13.316952675028253,13.46396598051369,-0.147013305
PRT,porto,01:30.0,27.9,24,5.4,11,24,01:30.0,15.071377031127646,14.380301380473202,0.6910756506544438
PRT,porto,01:30.0,504.2,61,78.4,148,55,01:30.0,19.161925552419373,16.88302886950439,2.278896682914983
PRT,porto,31:30.0,1051.2,73,146.3,276,65,31:30.0,20.44432837446469,17.837652234168853,2.606676140295832
PRT,porto,46:30.0,829.8,61,130.5,237,59,46:30.0,19.077458267454265,17.47400187855756,1.6034563888967064
PRT,porto,46:30.0,312.5,36,44.8,102,35,46:30.0,16.142618424662608,15.610132701337056,0.5324857233255518
PRT,porto,46:30.0,126,28,20.2,50,27,46:30.0,15.194322939279182,15.023207989633368,0.1711149496458155
PRT,porto,46:30.0,90.4,27,20.9,37,25,46:30.0,15.18846122700792,14.716257056327272,0.4722041706806479
PRT,porto,01:30.0,52,17,6.7,19,20,46:30.0,14.04035024,14.019952523376444,0.020397717
PRT,porto,01:30.0,73,22,10.1,27,22,01:30.0,14.416543458703943,14.122989471960585,0.2935539867433583
PRT,porto,01:30.0,65.4,23,13.7,29,28,01:30.0,14.393958747429188,14.225428599090224,0.1685301483389647
PRT,porto,01:30.0,155.2,32,22.1,45,39,01:30.0,15.26073587552317,14.643852675130258,0.6168832003929126
PRT,porto,01:30.0,711.8,65,105.8,181,69,01:30.0,19.35483364628476,16.17563019419776,3.179203452087002
PRT,porto,46:30.0,761.1,65,114.2,192,71,46:30.0,19.31298743722975,16.221564747951604,3.091422689278147
PRT,porto,46:30.0,355.3,33,75.9,78,33,46:30.0,14.362590981025782,12.7067203,1.655870681729283
PRT,porto,01:30.0,0,0,0,0,0,01:30.0,9.994512072,10.159321525153253,-0.164809453
PRT,porto,01:30.0,1.1,0,0.1,1,0,01:30.0,9.93089026,10.114926138780994,-0.184035878
PRT,porto,01:30.0,0,0,0,0,0,01:30.0,11.31971690120956,11.489748946234975,-0.170032045
PRT,porto,01:30.0,0.6,0,0.2,1,0,01:30.0,13.026823767430646,13.015757505530106,0.011066262
PRT,porto,01:30.0,0,0,0,0,0,01:30.0,12.805240257066332,12.840279767003906,-0.03503951
PRT,porto,01:30.0,0.6,0,1.7,1,0,01:30.0,12.332206384953928,12.321997356358034,0.010209029
PRT,porto,01:30.0,0,0,0,0,0,01:30.0,11.901935941034774,11.974591109787124,-0.072655169
PRT,porto,01:30.0,1.2,0,0.1,1,1,46:30.0,12.255439885142764,12.498627219958289,-0.243187335
PRT,porto,01:30.0,1.6,1,0.1,1,3,01:30.0,12.57674013278866,12.820131562336584,-0.24339143
PRT,porto,01:30.0,1.4,3,0,1,8,01:30.0,12.714710151040656,13.06705201892099,-0.352341868
PRT,porto,01:30.0,27.2,11,3,8,20,01:30.0,13.24540062633394,13.265723104279768,-0.020322478
PRT,porto,31:30.0,32.4,14,8,10,25,16:30.0,13.364272654280375,13.272693969610923,0.091578685
PRT,porto,01:30.0,39.1,15,10.2,10,24,01:30.0,13.006415893052775,13.331102077166534,-0.324686184
PRT,porto,01:30.0,77.6,18,13.8,17,26,01:30.0,13.424014482763273,13.511577906565709,-0.087563424
PRT,porto,16:30.0,111.3,19,21,32,27,31:30.0,13.587899424666702,13.543364676370842,0.044534748
PRT,porto,46:30.0,90.4,17,18.9,30,22,46:30.0,13.439975236743402,13.30814738,0.1318278587995021
PRT,porto,46:30.0,12,6,1.5,6,11,46:30.0,12.440226012796488,12.82824948443367,-0.388023472
PRT,porto,01:30.0,15.6,5,1,5,11,46:30.0,12.48115433390086,12.82978957,-0.348635239
PRT,porto,01:30.0,19.2,10,3.1,9,18,01:30.0,12.798554258191198,12.987145149522002,-0.188590891
PRT,porto,16:30.0,25.7,12,3.5,8,20,16:30.0,13.039298122259948,13.19634292363908,-0.157044801
PRT,porto,46:30.0,33.2,10,6,11,15,46:30.0,12.780891498020686,12.94746692,-0.166575417
PRT,porto,16:30.0,16.4,8,2.3,5,15,46:30.0,12.448969503844566,12.66398663540189,-0.215017132
PRT,porto,46:30.0,2.7,5,0.2,2,8,46:30.0,12.11215862373854,12.325435747557425,-0.213277124
PRT,porto,01:30.0,0,0,0,0,0,01:30.0,10.72106778939118,10.89869748856893,-0.177629699
PRT,porto,01:30.0,0,0,0,0,0,01:30.0,10.361695060611984,10.36202003394834,-0.000324973
PRT,porto,01:30.0,0,0,0,0,0,01:30.0,11.172715273974806,11.196442621120395,-0.023727347
PRT,porto,01:30.0,2,0,0.2,1,0,01:30.0,11.497158559956876,11.577194686318927,-0.080036126
PRT,porto,01:30.0,3.4,0,0.3,1,0,01:30.0,11.584821679574658,11.701993809211588,-0.11717213
PRT,porto,01:30.0,0,0,0,0,0,01:30.0,12.15157722383712,12.238389038923716,-0.086811815
PRT,porto,01:30.0,1.1,0,0.1,1,0,01:30.0,12.590410182782898,12.652145071139689,-0.061734888
PRT,porto,01:30.0,0,0,0,0,0,01:30.0,12.345034314273809,12.417674497756463,-0.072640183
PRT,porto,01:30.0,2.3,3,0.1,1,2,01:30.0,12.840222755282564,12.552580702876988,0.2876420524055749
PRT,porto,16:30.0,57,9,4,12,10,01:30.0,13.503075147312568,12.773440703079055,0.729634444
PRT,porto,31:30.0,24,7,2.8,6,9,46:30.0,13.00354802,13.095093951378011,-0.091545935
PRT,porto,01:30.0,14.4,7,1.5,7,9,01:30.0,13.834545857481682,14.16099718739114,-0.32645133
PRT,porto,01:30.0,45.6,15,4,15,17,01:30.0,14.65332085584918,14.44190960406548,0.2114112517836996
PRT,porto,01:30.0,49.2,23,11,17,31,01:30.0,14.836676636984317,14.301169450881885,0.5355071861024339
PRT,porto,31:30.0,66.1,25,15.3,25,31,46:30.0,15.069902242179936,14.498876922286442,0.5710253198934954
PRT,porto,01:30.0,43.9,23,14,14,27,01:30.0,14.661413959165808,14.53808814452644,0.1233258146393669
PRT,porto,01:30.0,118.3,31,25.7,39,29,01:30.0,15.647701714743263,14.66141366,0.9862880592239645
PRT,porto,31:30.0,162.4,33,33.5,52,30,46:30.0,15.834804609477969,14.644083972597496,1.1907206368804708
PRT,porto,46:30.0,124,25,30.7,41,25,31:30.0,14.867485260938258,14.323787521044771,0.5436977398934868
PRT,porto,46:30.0,32.7,15,12.2,13,16,46:30.0,13.792036097948191,13.74966699986702,0.042369098
PRT,porto,01:30.0,16.8,13,3.5,9,16,46:30.0,13.64347208591321,13.757372128419226,-0.113900043
PRT,porto,01:30.0,51.1,21,12.1,23,26,01:30.0,14.49816003991961,14.30122928447176,0.1969307554478483
PRT,porto,01:30.0,129,27,25,45,27,01:30.0,15.046064599080523,14.41433856581302,0.6317260332675048
PRT,porto,31:30.0,112.5,27,21.8,40,26,31:30.0,14.92857150102438,14.166555280498365,0.7620162205260161
PRT,porto,16:30.0,113.9,26,22.2,40,26,31:30.0,14.844089385449294,14.072303472461304,0.7717859129879905
PRT,porto,46:30.0,82.1,20,15.6,27,21,46:30.0,13.974783836598665,13.496838815092651,0.4779450215060095
PRT,porto,46:30.0,32.1,11,5.2,8,10,46:30.0,12.70646262,12.378842692459097,0.3276199295825037
PRT,porto,46:30.0,1,4,0.1,1,2,46:30.0,11.394298754973724,11.12470541528175,0.2695933396919745
PRT,porto,01:30.0,0,1,0,0,2,46:30.0,11.31894226450428,10.943081785843344,0.3758604786609343
PRT,porto,01:30.0,2.2,0,0.2,1,0,01:30.0,11.076444494643953,10.94009996274854,0.1363445318954124
PRT,porto,01:30.0,1.1,0,0.2,1,0,01:30.0,11.795695636944126,11.588887394065914,0.2068082428782123
PRT,porto,01:30.0,0,0,0,0,0,01:30.0,12.083083476273607,11.850464334959636,0.2326191413139717
PRT,porto,01:30.0,0,0,0,0,0,01:30.0,12.57443139254395,12.432309003049982,0.1421223894939682
PRT,porto,01:30.0,3.3,0,3.6,2,0,01:30.0,12.963486012793124,12.871930929930423,0.091555083
PRT,porto,01:30.0,0,0,0,0,0,01:30.0,13.29858885621828,13.073252008929856,0.2253368472884247
PRT,porto,01:30.0,1.6,1,0.1,1,1,01:30.0,12.84753353045834,12.637016145757812,0.2105173847005268
PRT,porto,01:30.0,16.5,7,0.8,5,4,01:30.0,13.340636780149056,13.016379396069782,0.3242573840792726
PRT,porto,16:30.0,19.8,10,2.2,5,7,01:30.0,13.695523702671276,13.307650019670522,0.3878736830007536
PRT,porto,31:30.0,34.7,9,2.9,8,12,01:30.0,13.742966070932884,13.638152075035055,0.1048139958978264
PRT,porto,01:30.0,46.6,18,4.4,16,25,01:30.0,14.874156906037804,14.747596895394652,0.1265600106431517
PRT,porto,01:30.0,173.9,37,30.7,58,40,01:30.0,16.492701842780544,15.88121854866468,0.6114832941158639
PRT,porto,01:30.0,429.6,57,84.2,135,76,01:30.0,18.769408577120604,18.01234254462902,0.7570660324915828
PRT,porto,01:30.0,719.6,66,110.8,201,94,01:30.0,19.60758735,18.92990607620309,0.6776812712564144
PRT,porto,46:30.0,783.2,64,122.4,233,90,46:30.0,19.41686296313329,18.74744064842205,0.6694223147112446
PRT,porto,46:30.0,319.7,44,60.1,113,52,46:30.0,16.992838944621166,16.918733704850418,0.07410524
PRT,porto,46:30.0,193.2,34,36.8,67,35,46:30.0,15.739664495136171,15.785100671546706,-0.045436176
PRT,porto,46:30.0,114.4,27,21.7,39,35,46:30.0,15.09893181751808,15.10092574271284,-0.001993925
PRT,porto,01:30.0,70,23,11.4,25,33,46:30.0,14.76245090317317,14.682762938995884,0.079687964
PRT,porto,01:30.0,74.7,30,14.8,28,37,01:30.0,15.458088412441947,14.857403931063033,0.6006844813789165
PRT,porto,46:30.0,95.2,30,20.6,42,34,46:30.0,15.41419506007059,14.808114611964331,0.6060804481062565
PRT,porto,01:30.0,148.3,38,32.7,51,29,01:30.0,16.182149993697273,14.769326934371442,1.4128230593258309
PRT,porto,01:30.0,489.5,63,86.9,136,59,01:30.0,19.20203328258501,15.56271701,3.6393162722468073
PRT,porto,31:30.0,742.5,67,112.9,194,64,31:30.0,19.93554057882969,15.703860273782418,4.231680305047277
PRT,porto,46:30.0,236.8,32,63.6,63,31,46:30.0,14.31448009859575,12.44825368773453,1.866226411
PRT,porto,01:30.0,0,0,0,0,0,01:30.0,10.735298609843376,10.846194254334709,-0.110895644
PRT,porto,01:30.0,0,0,0,0,0,01:30.0,10.614392248070008,10.669888878754852,-0.055496631
PRT,porto,01:30.0,4,0,0.1,1,0,01:30.0,11.91619889278232,11.832835949611818,0.083362943
PRT,porto,01:30.0,3.8,0,0.9,1,0,01:30.0,13.077625931546788,12.938571923332102,0.1390540082146856
PRT,porto,01:30.0,0.8,0,2.8,1,0,01:30.0,12.780892815291406,12.50799940032035,0.2728934149710564
PRT,porto,01:30.0,0,0,0,0,0,01:30.0,12.767030020183842,12.291619973056708,0.4754100471271343
PRT,porto,01:30.0,9.5,2,0.5,3,0,01:30.0,12.589292013713235,12.296712823590944,0.2925791901222911
PRT,porto,01:30.0,10.9,6,0.5,3,3,01:30.0,13.22236905479331,12.799465103034729,0.4229039517585828
PRT,porto,31:30.0,5.6,7,1.3,3,5,01:30.0,13.37771958716402,13.068550930952435,0.3091686562115843
PRT,porto,01:30.0,1.2,10,0.1,1,12,01:30.0,13.980227888502911,14.208856224264988,-0.228628336
PRT,porto,01:30.0,39.2,29,5.8,17,38,01:30.0,15.54509199953086,15.287052218451755,0.2580397810791055
PRT,porto,01:30.0,439.5,61,75.5,130,73,01:30.0,19.22370444536288,18.11667400759562,1.1070304377672606
PRT,porto,31:30.0,1019.8,70,144.3,273,81,31:30.0,20.220696953246147,18.93956280506116,1.2811341481849858
PRT,porto,46:30.0,841.8,63,127.6,242,70,46:30.0,19.26922814555854,18.23066257,1.0385655768019395
PRT,porto,31:30.0,706.9,58,108.8,215,70,46:30.0,18.61016612264863,17.550225103985106,1.0599410186635223
PRT,porto,46:30.0,347.7,39,49.2,108,41,46:30.0,16.31335777,15.973206092709532,0.3401516820402683
PRT,porto,31:30.0,129.2,31,24.1,49,37,46:30.0,15.491191645682784,15.27772913104945,0.2134625146333331
PRT,porto,46:30.0,106.5,29,21.5,38,34,46:30.0,15.427642110010094,14.932989568043524,0.4946525419665697
PRT,porto,31:30.0,102.1,26,21.3,37,34,46:30.0,15.10274237,14.786537039739038,0.316205331
PRT,porto,01:30.0,31.9,20,4.7,16,22,01:30.0,14.502703587255246,14.543943160583831,-0.041239573
PRT,porto,01:30.0,52.9,25,8.9,23,24,01:30.0,14.814411857745627,14.631306315197882,0.1831055425477465
PRT,porto,01:30.0,127.9,32,21.8,45,28,01:30.0,15.71389661576336,14.899969557823423,0.8139270579399351
PRT,porto,01:30.0,209.1,45,40.8,60,46,01:30.0,17.018348417036876,15.402983078348516,1.6153653386883595
PRT,porto,01:30.0,853.6,75,118.9,220,83,01:30.0,20.41062453,16.526167249920064,3.884457284336932
PRT,porto,46:30.0,1149.4,77,143.1,273,86,46:30.0,20.86757683546906,16.65223994,4.215336891048757
PRT,porto,46:30.0,407.9,38,80,96,44,46:30.0,14.993720121432943,12.799411061431954,2.194309060000992
PRT,porto,01:30.0,0,0,0,0,0,01:30.0,10.739608122806272,10.60820779394338,0.1314003288628935
PRT,porto,01:30.0,0,0,0,0,0,01:30.0,10.724254128616217,10.663870978271929,0.06038315
PRT,porto,01:30.0,0,0,0,0,0,01:30.0,12.013535200052846,11.669183886810448,0.3443513132423987
PRT,porto,01:30.0,0.7,0,2.2,1,0,01:30.0,13.42253119214057,13.030643717587608,0.391887475
PRT,porto,01:30.0,0.6,0,1.8,1,0,01:30.0,13.420440219350333,12.68392598056505,0.736514239
PRT,porto,01:30.0,0,0,0,0,0,01:30.0,12.511732401128144,12.228546741263894,0.2831856598642481
PRT,porto,01:30.0,3.2,2,0.4,1,0,01:30.0,12.702589643789173,12.398319697859732,0.3042699459294375
PRT,porto,01:30.0,0,6,0,0,3,01:30.0,13.471513593509028,13.002297318991596,0.4692162745174304
PRT,porto,16:30.0,17.5,10,3.5,6,4,01:30.0,13.97365288547853,13.32434083180685,0.6493120536716788
PRT,porto,01:30.0,17.9,12,1.1,4,9,01:30.0,14.23624286220875,14.038220850842915,0.1980220113658326
PRT,porto,01:30.0,162.5,42,36.3,50,28,01:30.0,17.461426152381726,15.503595620128724,1.957830532253002
PRT,porto,01:30.0,621.3,72,99.6,165,57,01:30.0,20.466645406265208,18.248529491308425,2.218115914956784
PRT,porto,31:30.0,1211.4,79,174,315,62,31:30.0,21.16498727671044,18.94071371310873,2.2242735636017024
PRT,porto,46:30.0,975.4,72,133.7,267,58,46:30.0,20.35591962813788,18.24551692,2.1104027098520746
PRT,porto,16:30.0,657.6,61,105.5,198,58,46:30.0,19.12758523025472,17.03481134504065,2.092773885214065
PRT,porto,46:30.0,506.3,56,77.5,140,40,31:30.0,18.79045841313116,16.306819350518925,2.4836390626122373
PRT,porto,46:30.0,284.2,47,53,89,39,46:30.0,17.60512598267319,15.476240858676746,2.128885123996444
PRT,porto,46:30.0,185.8,39,46.7,64,30,46:30.0,16.955266621625746,15.183591230046794,1.7716753915789525
PRT,porto,46:30.0,102.7,23,15.7,38,24,01:30.0,14.96924179,14.538834660425744,0.4304071311247561
PRT,porto,01:30.0,83.3,22,10,30,30,01:30.0,14.63917143013642,14.63847750332713,0.000693927
PRT,porto,01:30.0,147.9,27,15.4,48,41,01:30.0,15.057425315926915,14.767175589114686,0.290249727
PRT,porto,01:30.0,215.5,46,36.3,64,74,01:30.0,17.108732751038097,15.3791922,1.7295405541495974
PRT,porto,01:30.0,1039,83,153.2,265,110,01:30.0,21.71853559099432,16.56428306973948,5.154252521
PRT,porto,46:30.0,1261.8,85,169.2,277,107,46:30.0,22.06868103059137,16.72777023384168,5.340910796749689
PRT,porto,46:30.0,504.5,43,106.4,108,55,46:30.0,15.688193699404827,12.862318351070394,2.825875348334433
PRT,porto,01:30.0,0,0,0,0,5,46:30.0,10.201821619551223,10.041089169144865,0.1607324504063587
PRT,porto,01:30.0,2.7,0,0.1,1,1,31:30.0,10.224239872498387,10.263814379956129,-0.039574507
PRT,porto,01:30.0,0,0,0,0,0,01:30.0,11.611215991440709,11.499176974337477,0.1120390171032301
PRT,porto,01:30.0,0.7,0,1.3,1,0,01:30.0,12.805461341700056,12.619987844954132,0.1854734967459244
PRT,porto,01:30.0,0,0,0,0,0,01:30.0,12.973628407619165,12.642586597026389,0.3310418105927759
PRT,porto,01:30.0,1.3,0,0.1,1,0,01:30.0,13.058157492222245,12.522768703654217,0.535388789
PRT,porto,01:30.0,26.8,7,1.9,5,1,01:30.0,13.499018327144212,12.45848408850486,1.0405342386393528
PRT,porto,46:30.0,26.7,5,2.2,5,4,01:30.0,13.119580737426368,12.491092558815277,0.628488179
PRT,porto,01:30.0,0,8,0,0,9,01:30.0,13.91815802026688,13.441629303113793,0.4765287171530872
PRT,porto,31:30.0,32.7,13,3,8,20,01:30.0,14.765649206191284,13.84876589489503,0.9168833112962548
PRT,porto,01:30.0,48.2,32,10.2,15,48,01:30.0,16.062005474897443,14.912636177381538,1.149369297515905
PRT,porto,01:30.0,678.5,70,93.3,175,99,01:30.0,20.25162994898162,17.63435158016996,2.617278368811661
PRT,porto,31:30.0,1168.2,76,159.7,302,108,31:30.0,20.85853861,18.47686863782051,2.381669969921888
PRT,porto,46:30.0,910.4,66,141.8,261,92,46:30.0,19.692357748554443,18.00981360180717,1.6825441467472722
PRT,porto,46:30.0,246.7,35,42.4,86,51,46:30.0,15.858598712809544,15.743053123205977,0.1155455896035668
PRT,porto,46:30.0,133.5,28,21.4,50,44,46:30.0,15.070797496134787,15.144636866793135,-0.073839371
PRT,porto,31:30.0,90.1,26,14.2,31,44,46:30.0,14.883414411720477,15.05018431132199,-0.1667699
PRT,porto,46:30.0,87.4,25,13.8,32,38,46:30.0,14.82437807635128,14.665436162498375,0.1589419138529031
PRT,porto,01:30.0,41.1,18,4.1,13,26,46:30.0,14.301988534409524,14.394918422118796,-0.092929888
PRT,porto,01:30.0,67.9,23,10.2,27,27,01:30.0,14.478957465036132,14.433094493786983,0.045862971
PRT,porto,01:30.0,99.7,27,15,39,30,01:30.0,15.069319998498331,14.820900584081558,0.248419414
PRT,porto,01:30.6,149.6,40,34.2,53,48,01:30.0,16.30006849,15.483181151596453,0.8168873401997487
PRT,porto,01:30.0,793.9,73,122.2,207,86,01:30.0,20.16046500625664,16.641488269960348,3.5189767362962883
PRT,porto,46:30.0,980.4,73,138,243,86,46:30.0,20.30243636985184,16.69286483,3.609571534852133
PRT,porto,46:30.0,362.9,37,87.9,87,41,46:30.0,14.804157999828062,12.828257860524182,1.975900139
PRT,porto,01:30.0,5.4,0,0.5,1,0,01:30.0,10.141563518754635,10.356720132374097,-0.215156614
PRT,porto,01:30.0,5.9,0,0.1,1,0,01:30.0,10.034544810109916,10.295724939914964,-0.26118013
PRT,porto,01:30.0,0,0,0,0,0,01:30.0,11.354214057281617,11.369393780328638,-0.015179723
PRT,porto,01:30.0,0.7,0,2.1,1,0,01:30.0,13.000448428621404,12.82388531614358,0.1765631124778242
PRT,porto,01:30.0,2.7,0,0.2,1,0,01:30.0,12.559371033037651,12.50135806679546,0.058012966
PRT,porto,01:30.0,0,0,0,0,0,01:30.0,12.336385045662556,12.239243628482887,0.097141417
PRT,porto,01:30.0,7.8,0,0.5,2,0,01:30.0,12.08868016,12.050047282013152,0.038632878
PRT,porto,01:30.0,7.3,0,2.4,2,3,01:30.0,12.651971582897964,12.661189875287508,-0.009218292
PRT,porto,01:30.0,2.4,3,0.2,1,3,01:30.0,12.912680596479928,12.96474903128434,-0.052068435
PRT,porto,01:30.0,2.8,7,0.2,2,10,01:30.0,13.397546861920656,13.39923366602684,-0.001686804
PRT,porto,01:30.0,41.8,24,6.1,16,32,01:30.0,14.91841750737798,14.296836507404574,0.621581
PRT,porto,01:30.0,417.4,55,69.1,124,80,01:30.0,18.31367579662859,17.009937034590987,1.3037387620376035
PRT,porto,31:30.0,898.4,65,130.3,246,90,31:30.0,19.438115541959483,17.91258343930712,1.5255321026523632
PRT,porto,01:30.0,719.9,61,104,206,90,31:30.0,18.99870216646105,17.896813122606524,1.101889043854527
PRT,porto,46:30.0,819.2,59,116.6,229,68,46:30.0,18.811895146938703,17.528199198775106,1.2836959481635972
PRT,porto,46:30.0,285.9,35,40.8,95,37,46:30.0,15.813860601824889,15.49613707,0.3177235284011868
PRT,porto,46:30.0,97.3,27,17,35,28,31:30.0,14.827088815002176,14.632615973915414,0.1944728410867622
PRT,porto,01:30.0,74.9,25,13.3,24,28,31:30.0,14.812550185587217,14.651024255503224,0.1615259300839913
PRT,porto,46:30.0,98.3,25,18.1,34,26,31:30.0,14.85489688,14.556695335808508,0.2982015467520913
PRT,porto,46:30.0,61.9,20,11.1,28,20,01:30.0,14.436406219796314,14.18552510396399,0.2508811158323247
PRT,porto,01:30.0,56.7,22,9.9,22,23,01:30.0,14.253362306264918,13.87051877395766,0.3828435323072572
PRT,porto,01:30.0,64.6,28,18,24,31,01:30.0,14.907849667007136,14.001291384464222,0.9065582825429122
PRT,porto,01:30.0,168.6,39,33.6,44,35,01:30.0,16.117635949806772,14.663467926902776,1.4541680229039962
PRT,porto,01:30.0,716.6,69,112.4,200,70,01:30.0,19.597123675594982,16.039641787452013,3.557481888
PRT,porto,46:30.0,740.4,71,119.7,206,75,46:30.0,20.05688447566872,16.308925069188398,3.747959406480323
PRT,porto,46:30.0,301.1,33,70,71,37,46:30.0,14.225685280492302,12.580771151313366,1.644914129178936
PRT,porto,01:30.0,0,0,0,0,0,01:30.0,9.965072584,10.032956666657514,-0.067884083
PRT,porto,01:30.0,3.7,0,0.6,2,0,01:30.0,9.273296610349732,9.528248835234772,-0.254952225
PRT,porto,01:30.0,2.5,0,0.1,1,0,01:30.0,10.614002870331342,10.802909273173915,-0.188906403
PRT,porto,01:30.0,0,0,0,0,0,01:30.0,12.464097271253864,12.509556123927332,-0.045458853
PRT,porto,01:30.0,0,0,0,0,0,01:30.0,12.428350422415663,12.539940587363075,-0.111590165
PRT,porto,01:30.0,11.9,0,0.3,1,0,01:30.0,12.106079990385435,12.175042808778498,-0.068962818
PRT,porto,01:30.0,23.6,0,1.3,4,1,01:30.0,12.433245614028069,12.138750635968542,0.2944949780595252
PRT,porto,46:30.0,38.6,1,2.4,8,12,16:30.0,12.507039164503093,12.31073881735418,0.1963003471489113
PRT,porto,01:30.0,18.9,3,1,6,2,01:30.0,12.53403806899562,12.539179272358783,-0.005141203
PRT,porto,01:30.0,35.5,8,2.1,10,7,01:30.0,13.161125871931809,12.94144199904402,0.2196838728877868
PRT,porto,01:30.0,41,20,8.4,10,22,01:30.0,14.129089863380395,13.042209545465028,1.0868803179153694
PRT,porto,16:30.0,118.8,25,25.2,32,26,31:30.0,14.41376312,13.185640847838634,1.2281222727362664
PRT,porto,01:30.0,167.5,24,23.4,30,20,01:30.0,14.000878452555128,13.17419848847355,0.8266799640815776
PRT,porto,01:30.0,235.7,26,35.3,46,32,01:30.0,14.237126301402036,13.37140420184942,0.8657220995526167
PRT,porto,31:30.0,259.3,27,38.1,50,37,16:30.0,14.512112244200964,13.512983535864112,0.999128708
PRT,porto,46:30.0,171.4,22,32.4,44,29,46:30.0,14.036332440781006,13.25062241,0.7857100333720073
PRT,porto,01:30.0,53.6,13,10.3,16,29,46:30.0,13.239921704178665,13.018931794288736,0.2209899098899264
PRT,porto,46:30.0,49.4,11,7.8,15,11,01:30.0,13.030762782084045,12.86601003466967,0.1647527474143721
PRT,porto,01:30.0,59.2,18,12.2,21,18,01:30.0,13.687715178203064,12.92525096,0.7624642227763658
PRT,porto,16:30.0,77.3,20,17.4,22,18,46:30.0,13.878097854145237,13.097266127513024,0.7808317266322131
PRT,porto,01:30.0,68,18,12.3,18,18,46:30.0,13.63477753190984,12.996058356123294,0.6387191757865462
PRT,porto,46:30.0,45.9,15,11.9,14,13,46:30.0,13.181377358480804,12.77355028510507,0.4078270733757332
PRT,porto,46:30.0,14.2,8,4,5,9,46:30.0,12.388850468409125,12.217704789918798,0.1711456784903262
PRT,porto,01:30.0,0,0,0,0,1,31:30.0,10.754319847618468,10.86726702484609,-0.112947177
PRT,porto,01:30.0,0,0,0,0,0,01:30.0,10.566273218553771,10.660263429722733,-0.093990211
PRT,porto,01:30.0,1.3,0,0.4,1,0,01:30.0,10.757378840077156,10.802715884572862,-0.045337044
PRT,porto,01:30.0,5.5,0,0.1,1,0,01:30.0,11.65311561522642,11.641906304239985,0.011209311
PRT,porto,01:30.0,6.3,0,0.3,2,0,01:30.0,11.49209172364867,11.52156704161814,-0.029475318
PRT,porto,01:30.0,1.8,0,0.1,1,0,01:30.0,12.258986046361343,12.362299989207727,-0.103313943
PRT,porto,01:30.0,4.1,0,0.5,2,0,01:30.0,12.584404915819707,12.661796574752948,-0.077391659
PRT,porto,01:30.0,1.6,0,0.1,1,0,01:30.0,12.410458923377792,12.479498640841523,-0.069039717
PRT,porto,01:30.0,3.4,2,0.4,3,2,01:30.0,12.591222537915993,12.42708010876489,0.1641424291511022
PRT,porto,01:30.0,65,10,3.9,10,4,01:30.0,13.57346027536957,13.02108948209148,0.5523707932780884
PRT,porto,46:30.0,40.7,9,3.7,9,6,01:30.0,13.34259346187909,13.14141250213908,0.2011809597400109
PRT,porto,01:30.0,10.4,9,1.6,5,12,01:30.0,14.218941200267562,14.357457560881295,-0.138516361
PRT,porto,01:30.0,64.4,17,5.1,16,14,01:30.0,14.574420899157287,14.140302776737125,0.4341181224201662
PRT,porto,01:30.0,107,31,22.7,37,20,01:30.0,15.581307499725934,14.063026531649436,1.5182809680764997
PRT,porto,46:30.0,127.5,31,28.4,48,21,31:30.0,15.489353856581978,14.040002986860369,1.449350869721609
PRT,porto,01:30.0,109.3,27,20.6,30,24,01:30.0,14.924314676255658,14.34570884010492,0.5786058361507376
PRT,porto,01:30.0,163.1,29,27.7,45,31,01:30.0,15.201621001855688,14.485559431449367,0.7160615704063193
PRT,porto,46:30.0,202.6,30,31.2,52,34,01:30.0,15.236293679437962,14.469916924814534,0.7663767546234279
PRT,porto,31:30.0,144.1,25,29.2,45,32,46:30.0,14.645901565579294,14.05350694102494,0.5923946245543537
PRT,porto,46:30.0,64,16,16.9,22,18,46:30.0,13.76416168830825,13.602335939107292,0.1618257492009576
PRT,porto,01:30.0,103.9,26,18.7,35,22,01:30.0,14.817064103649733,14.028810158445296,0.7882539452044366
PRT,porto,01:30.0,117.3,27,22.5,39,28,01:30.0,14.853492267839211,14.139708394545911,0.7137838732932984
PRT,porto,31:30.0,122.7,26,26.7,48,27,46:30.0,14.569217697982545,13.880780197686942,0.6884375002956027
PRT,porto,01:30.0,122.8,24,23.2,45,27,46:30.0,14.326397721396877,13.567579390393822,0.7588183310030541
PRT,porto,46:30.0,81.1,21,19.4,32,20,46:30.0,13.8317593,13.194464070409555,0.6372952304403459
PRT,porto,46:30.0,27.3,10,7.2,12,7,46:30.0,12.363262508355216,12.16503922254541,0.1982232858098065
PRT,porto,46:30.0,2.5,2,0.9,2,1,46:30.0,10.979563874170124,10.861747738514184,0.1178161356559428
PRT,porto,01:30.0,0,0,0,0,0,01:30.0,11.042699016405823,10.99747603459382,0.045222982
PRT,porto,01:30.0,0.6,0,2.6,1,0,01:30.0,11.638336437634166,11.654998409284596,-0.016661972
PRT,porto,01:30.0,0,0,0,0,0,01:30.0,11.468118905809051,11.461800797861695,0.006318108
PRT,porto,01:30.0,3.7,0,3.3,2,0,01:30.0,12.475745101422383,12.509075919006316,-0.033330818
PRT,porto,01:30.0,0.7,0,2,1,0,01:30.0,12.74915885,12.743970731439456,0.005188121
PRT,porto,01:30.0,6,0,0.3,2,1,01:30.0,12.832854323001705,12.723730385386853,0.1091239376148536
PRT,porto,01:30.0,6.5,1,0.5,3,8,01:30.0,12.606035125613587,12.397571807882592,0.2084633177309953
PRT,porto,01:30.0,11.4,4,1,6,15,16:30.0,12.974414919401587,13.014049719942529,-0.039634801
PRT,porto,01:30.0,8.9,7,0.3,3,8,46:30.0,13.54263963670262,13.57925040123751,-0.036610765
PRT,porto,01:30.0,10.4,12,0.6,5,9,01:30.0,14.472168511427403,14.252940703738684,0.2192278076887195
PRT,porto,01:30.0,67.5,25,5.2,20,23,01:30.0,15.768101140717429,14.73658465551998,1.0315164851974463
PRT,porto,01:30.0,114.7,40,26.7,48,39,01:30.0,16.93260438542078,15.919789831582944,1.0128145538378366
PRT,porto,01:30.0,594.9,76,103.2,165,56,01:30.0,21.001339407952827,17.85276819876254,3.148571209190287
PRT,porto,01:30.0,1393.6,94,190,341,71,01:30.0,23.29606975231745,18.935940077376777,4.360129674940673
PRT,porto,46:30.0,1372,90,195.6,338,71,46:30.0,22.867695353432666,18.69978500897408,4.167910344458583
PRT,porto,46:30.0,499.4,52,80.7,144,53,46:30.0,18.004519435439196,16.903694423276647,1.100825012162549
PRT,porto,46:30.0,179.3,35,36.8,64,44,46:30.0,15.894111469875336,15.745994249795476,0.14811722
PRT,porto,46:30.0,188,35,40.3,70,38,46:30.0,16.118080572062773,15.100399889399768,1.0176806826630056
PRT,porto,46:30.0,172.8,33,30.2,58,22,01:30.0,16.199643459588348,14.817136279166805,1.382507180421543
PRT,porto,16:30.0,160.6,31,23,48,22,01:30.0,15.869588328056588,14.769505109076356,1.1000832189802292
PRT,porto,01:30.0,155.6,37,31.3,52,23,01:30.0,16.453333561749325,14.886544433334016,1.5667891284153086
PRT,porto,46:30.0,174.3,34,34.1,57,24,01:30.0,15.90419494408514,14.785058181598442,1.1191367624866988
PRT,porto,16:30.0,101,25,15.2,36,24,01:30.0,14.760640871375724,14.723257294923924,0.037383576
PRT,porto,01:30.0,118.3,29,21,40,29,01:30.0,15.092798798453863,14.70896249548188,0.383836303
PRT,porto,01:30.0,451.1,59,77.9,143,66,01:30.0,18.58281951226868,15.609793705948444,2.973025806320233
PRT,porto,31:30.0,763.8,64,121.5,216,72,31:30.0,19.5594953,15.616022057494078,3.943473239
PRT,porto,46:30.0,265.9,31,66.1,66,37,46:30.0,14.214081167621377,12.42415973121052,1.789921436410857
PRT,porto,16:30.0,24.5,3,10.7,9,37,46:30.0,10.840265704558693,10.775285517078014,0.064980187
PRT,porto,01:30.0,0,0,0,0,0,01:30.0,10.672107043625807,10.762663206311917,-0.090556163
PRT,porto,01:30.0,0,0,0,0,0,01:30.0,10.85825756792705,10.964647966690642,-0.106390399
PRT,porto,01:30.0,0,0,0,0,0,01:30.0,12.096339992044456,11.862914172599345,0.2334258194451131
PRT,porto,01:30.0,0.8,0,1.4,1,0,01:30.0,13.173615517379544,13.07390392049827,0.099711597
PRT,porto,01:30.0,2.2,0,1.6,2,0,01:30.0,12.600417181019736,12.566594476419487,0.033822705
PRT,porto,01:30.0,5.8,0,0.2,1,0,01:30.0,12.30341323180827,12.26341003574728,0.040003196
PRT,porto,01:30.0,4,0,0.2,1,11,01:30.0,12.47608550862884,12.515470735883492,-0.039385227
PRT,porto,01:30.0,4.4,3,0.3,2,26,01:30.0,12.794701380628196,12.849876012649643,-0.055174632
PRT,porto,01:30.0,0,5,0,0,27,46:30.0,13.379156856000968,13.513041813001704,-0.133884957
PRT,porto,01:30.0,6.4,12,0.6,3,21,01:30.0,13.982884169071328,13.910844233633156,0.072039935
PRT,porto,01:30.0,110.2,38,22.3,36,72,01:30.0,16.66594139238699,15.243318343389763,1.4226230489972274
PRT,porto,01:30.0,742.7,73,113,207,111,01:30.0,20.57896859064683,17.98016088865285,2.598807702
PRT,porto,31:30.0,1337.3,81,185.9,358,109,46:30.0,21.35127391831072,18.70926431714916,2.642009601161554
PRT,porto,46:30.0,1044.2,70,145.3,278,82,46:30.0,20.067341880854443,18.251351554529226,1.8159903263252204
PRT,porto,46:30.0,353.3,41,50,104,54,46:30.0,16.647446661711726,16.117871738299957,0.5295749234117686
PRT,porto,46:30.0,172.3,37,32.1,56,44,46:30.0,16.382960029514685,15.424350047253576,0.9586099822611088
PRT,porto,46:30.0,137.2,34,30.7,47,34,46:30.0,16.06638571090781,14.973850776982289,1.0925349339255224
PRT,porto,01:30.0,89.3,23,16.8,38,34,46:30.0,15.006721489309871,14.707373992471677,0.2993474968381946
PRT,porto,01:30.0,43.7,22,9,18,25,46:30.0,14.702567034769176,14.46687817,0.2356888653863773
PRT,porto,01:30.0,91.9,24,10.7,33,30,01:30.0,14.637587575528304,14.521942654943768,0.1156449205845362
PRT,porto,01:30.0,127.7,28,15.5,38,41,01:30.0,15.020024781266716,14.686916125527809,0.333108656
PRT,porto,01:30.0,185.4,46,37.7,61,76,01:30.0,16.99165682341048,15.332755662065578,1.658901161344902
PRT,porto,01:30.0,974.6,83,148.5,250,118,01:30.0,21.71850701234536,16.762606814916793,4.955900197428562
PRT,porto,46:30.0,1226.8,86,158.7,274,112,46:30.0,22.09401937962436,16.70175498656771,5.392264393056646
PRT,porto,46:30.0,466.5,44,104.1,104,49,46:30.0,15.82462046063642,12.868388203903711,2.956232256732708
PRT,porto,01:30.0,0,0,0,0,0,01:30.0,10.501688265209888,10.360653352626809,0.1410349125830787
PRT,porto,01:30.0,6,0,0.6,1,0,01:30.0,10.959255030870112,10.665400734248848,0.2938542966212658
PRT,porto,01:30.0,0,0,0,0,0,01:30.0,12.046187478892591,11.852465066148444,0.1937224127441457
PRT,porto,01:30.0,0,0,0,0,0,01:30.0,12.790789444802389,12.534432197368629,0.2563572474337618
PRT,porto,01:30.0,0,0,0,0,0,01:30.0,12.674001015100629,12.713894788802262,-0.039893774
PRT,porto,01:30.0,4.7,0,0.8,3,0,01:30.0,12.588679280671451,12.455869036374542,0.132810244
PRT,porto,01:30.0,13.3,0,1,5,0,01:30.0,12.149053717161834,12.09056618266235,0.058487534
PRT,porto,01:30.0,1.2,3,0.1,1,4,01:30.0,12.934724465879368,12.904140365618453,0.0305841
PRT,porto,01:30.0,1.7,4,0.2,1,6,01:30.0,13.333418542857132,13.480618283411426,-0.147199741
PRT,porto,01:30.0,7.6,9,0.6,4,12,01:30.0,13.931486289372268,14.090392633132652,-0.158906344
PRT,porto,01:30.0,55.9,28,7.6,19,36,01:30.0,15.63668202552689,15.417437541520515,0.2192444840063725
PRT,porto,01:30.0,423.9,57,67.8,119,83,01:30.0,19.04405028214007,18.620499438870205,0.4235508432698651
PRT,porto,31:30.0,745.3,62,105.8,212,97,31:30.0,19.38273138193708,19.44848868058034,-0.065757299
PRT,porto,46:30.0,683.1,58,113,217,88,46:30.0,18.728180282729635,18.555351460606133,0.1728288221235026
PRT,porto,31:30.0,285.7,40,46.1,90,51,46:30.0,16.642317921103665,15.828064407883138,0.8142535132205264
PRT,porto,46:30.0,209.3,39,41,67,39,46:30.0,16.64828577460877,15.422168197988045,1.2261175766207248
PRT,porto,46:30.0,142.9,30,30,43,34,46:30.0,15.774965883933636,15.150789586268523,0.6241762976651106
PRT,porto,01:30.0,68.6,24,10.8,23,26,46:30.0,15.07509184754092,14.541537875189936,0.533553972
PRT,porto,01:30.0,130.7,30,16.1,37,34,01:30.0,15.61684576,14.580067946158252,1.0367778126032494
PRT,porto,01:30.0,329.9,41,30.5,70,37,01:30.0,17.046268558494695,14.887049935729312,2.159218622765384
PRT,porto,01:30.0,857.9,74,94.2,160,65,01:30.0,21.014135821520203,15.419599436597336,5.594536384922867
PRT,porto,01:30.0,2390.6,110,236.1,423,107,01:30.0,25.76683702670962,16.827977415717022,8.938859610992598
PRT,porto,46:30.0,2377.4,107,245.7,441,104,46:30.0,25.46916558138837,16.92653427084956,8.542631310538813
PRT,porto,46:30.0,771.8,55,131.6,142,45,46:30.0,17.510416973468363,13.085272909387031,4.425144064
PRT,porto,31:30.0,367.4,36,84.2,71,45,46:30.0,14.679731161483646,11.731715271110916,2.94801589
PRT,porto,46:30.0,21.9,5,2.2,4,0,01:30.0,11.48871587361037,10.517369034374871,0.9713468392354976
PRT,porto,31:30.0,3,1,5.2,2,0,01:30.0,10.963116630851813,10.174971739157035,0.788144892
PRT,porto,01:30.0,0.8,0,2.1,1,0,01:30.0,11.549794320168658,11.183453019609637,0.3663413005590232
PRT,porto,01:30.0,4.8,0,2.7,2,0,01:30.0,13.100659335968196,12.638811390665602,0.4618479453025941
PRT,porto,01:30.0,0,0,0,0,0,01:30.0,13.209966307967033,12.605979410727464,0.603986897
PRT,porto,01:30.0,0.4,0,1.6,1,0,01:30.0,13.147182088277784,12.444803861119803,0.702378227
PRT,porto,01:30.0,0,1,0,0,2,01:30.0,12.620573028487192,12.34302215434025,0.277550874
PRT,porto,01:30.0,0,4,0,0,4,01:30.0,13.252389247778996,12.977772688188322,0.2746165595906742
PRT,porto,01:30.0,1.5,9,0.2,1,8,01:30.0,14.01522268989676,13.384846024096396,0.6303766658003642
PRT,porto,01:30.0,24.6,20,4.9,7,19,01:30.0,15.507689858842497,14.033532003972866,1.474157854869631
PRT,porto,01:30.0,151.1,48,36.2,40,58,01:30.0,18.420024223521075,15.188757365310355,3.231266858
PRT,porto,01:30.0,1405.4,99,163.7,308,96,01:30.0,24.01149317133428,17.729498061849824,6.281995109484452
PRT,porto,31:30.0,2291.8,108,273.9,494,103,46:30.0,25.01847400210079,18.506356213363645,6.512117788737143
PRT,porto,46:30.0,1728.9,92,223.1,411,84,46:30.0,22.99085364540606,17.88423261278042,5.106621033
PRT,porto,46:30.0,464.1,51,71.3,136,45,46:30.0,17.983716791330004,15.98464489025776,1.9990719010722435
PRT,porto,16:30.0,325.7,46,52.9,106,45,46:30.0,17.430152620028792,15.587658126024577,1.842494494004216
PRT,porto,46:30.0,271.5,44,52.3,91,35,46:30.0,17.347119325988093,15.465955367723364,1.8811639582647288
PRT,porto,46:30.0,227.8,38,34.1,67,26,46:30.0,16.691837870958658,14.92829612561637,1.7635417453422877
PRT,porto,46:30.0,131.3,26,24.2,45,19,46:30.0,15.509596908263958,14.666570347149412,0.8430265611145451
PRT,porto,01:30.0,81.9,27,14.3,35,23,01:30.0,15.103590070767725,14.46527459370854,0.6383154770591819
PRT,porto,01:30.0,140.1,30,18.8,48,42,01:30.0,15.42753408728404,14.788717599630964,0.6388164876530773
PRT,porto,01:30.0,272.4,48,46.2,77,69,01:30.0,17.303132381219726,15.371135485863192,1.9319968953565336
PRT,porto,01:30.0,1408.4,86,166.7,295,112,01:30.0,21.871807087363283,16.652259514707747,5.219547572655536
PRT,porto,46:30.0,1566.3,86,185.8,335,109,46:30.0,22.046814066233207,16.829786741613745,5.217027324619462
PRT,porto,01:30.0,976,59,155.2,227,109,46:30.0,18.281911632496623,14.468313205997235,3.813598426499386
PRT,porto,46:30.0,482.8,41,101.7,117,43,46:30.0,15.349564403533362,12.860337809117524,2.489226594415838
PRT,porto,01:30.0,0,0,0,0,0,01:30.0,10.26297677980942,10.149007178468052,0.1139696013413669
PRT,porto,01:30.0,0,0,0,0,0,01:30.0,10.457656391198746,10.25992487,0.1977315244915463
PRT,porto,01:30.0,0.5,0,2.1,1,0,01:30.0,11.559077299807692,11.330250005116334,0.2288272946913583
PRT,porto,01:30.0,4.3,0,4.7,3,0,01:30.0,12.945779249085152,12.773926214429125,0.1718530346560296
PRT,porto,01:30.0,0,0,0,0,0,01:30.0,12.675739508017552,12.499216645717905,0.1765228622996488
PRT,porto,01:30.0,0,0,0,0,0,01:30.0,12.02774702971296,11.74860705153692,0.2791399781760404
PRT,porto,01:30.0,0,0,0,0,0,01:30.0,12.263383991562492,12.153659462387672,0.1097245291748194
PRT,porto,01:30.0,13.6,3,3.3,3,0,01:30.0,12.818720321803744,12.531267587991808,0.2874527338119375
PRT,porto,01:30.0,7.8,3,0.6,4,3,01:30.0,12.986626695534405,13.025481064890275,-0.038854369
PRT,porto,01:30.0,3.6,10,0.3,2,9,01:30.0,13.89219569137081,13.563910242088234,0.3282854492825766
PRT,porto,01:30.0,65.1,32,12.7,22,30,01:30.0,16.092233131909882,14.352979965876845,1.7392531660330377
PRT,porto,01:30.0,860.8,80,106.7,218,73,01:30.0,21.617893461221595,17.021755648261063,4.596137812960532
PRT,porto,31:30.0,1699.5,90,206.2,396,86,31:30.0,22.62040920490272,17.819348578577316,4.801060626325405
PRT,porto,46:30.0,1207.9,68,159.6,319,74,46:30.0,19.96339616597169,17.326820692070758,2.6365754739009333
PRT,porto,46:30.0,249.8,37,36.6,85,39,46:30.0,16.08878654982384,15.462053717439728,0.6267328323841124
PRT,porto,31:30.0,93.1,28,15.8,37,33,01:30.0,15.245987989184863,14.94015408334922,0.3058339058356445
PRT,porto,31:30.0,106.2,26,17.9,36,33,46:30.0,15.029906977295411,14.44933017735437,0.5805767999410438
PRT,porto,01:30.0,68.1,20,8.3,18,24,16:30.0,14.397398146841097,13.964591725522045,0.4328064213190501
PRT,porto,01:30.0,89.2,23,11.1,28,24,01:30.0,14.465132082721404,13.940319079869829,0.5248130028515767
PRT,porto,01:30.0,155.2,31,20.6,50,26,01:30.0,15.391750368140242,14.122222475455438,1.2695278926848044
PRT,porto,01:30.0,137.5,35,23.7,47,38,01:30.0,15.599403777723197,14.728499550752678,0.8709042269705165
PRT,porto,01:30.0,734.8,70,112.1,200,72,01:30.0,19.996680948446144,16.26315978,3.733521163782744
PRT,porto,46:30.0,952.7,75,130.5,228,72,46:30.0,20.80757997561609,16.513875986815247,4.293703988800839
PRT,porto,46:30.0,516.8,37,89,97,26,46:30.0,14.93291348,12.642082774431389,2.290830708803613
PRT,porto,01:30.0,0,0,0,0,0,01:30.0,9.977407701547282,10.03434020170572,-0.0569325
PRT,porto,01:30.0,8.6,0,0.5,4,0,01:30.0,10.030742889933869,10.08857186487171,-0.057828975
PRT,porto,01:30.0,3,0,0.1,2,0,01:30.0,11.001230825644033,11.033751881383589,-0.032521056
PRT,porto,01:30.0,5,0,5.3,2,0,01:30.0,12.755825989230146,12.60139655346971,0.1544294357604361
PRT,porto,01:30.0,4.8,0,10.1,1,0,01:30.0,12.393043240930153,12.561731937865462,-0.168688697
PRT,porto,01:30.0,4.4,0,0.5,1,0,01:30.0,11.754580957970324,11.822911579206938,-0.068330621
PRT,porto,01:30.0,11.3,1,0.5,2,0,01:30.0,11.926279174664645,11.65415050512401,0.2721286695406348
PRT,porto,16:30.0,151.1,12,10,33,0,01:30.0,13.110099893677653,11.799514603116448,1.3105852905612032
PRT,porto,01:30.0,1.4,2,0.2,1,3,01:30.0,12.549823921908978,12.70982614230752,-0.16000222
PRT,porto,01:30.0,25.3,7,1.3,6,22,01:30.0,12.812273645714294,12.730886912369936,0.081386733
PRT,porto,01:30.0,83.7,22,11.2,23,25,46:30.0,14.344948480205908,13.018245488585766,1.3267029916201416
PRT,porto,31:30.0,114.1,26,22.6,35,17,01:30.0,14.581714401150588,13.041174833754486,1.5405395673961024
PRT,porto,01:30.0,86.5,20,14.8,26,33,01:30.0,13.522343410312583,13.08799977,0.4343436444783837
PRT,porto,01:30.0,140.5,32,28.6,46,40,31:30.0,15.153788253573012,13.511869804591829,1.641918448981183
PRT,porto,16:30.0,228.3,37,39.5,57,35,46:30.0,15.997279800857136,13.618892841385309,2.378386959471827
PRT,porto,46:30.0,203.5,29,39.4,49,23,46:30.0,14.79219437691243,13.155707706425527,1.636486670486903
PRT,porto,01:30.0,19.3,11,5.7,8,9,01:30.0,13.237156354138037,12.794800037544462,0.4423563165935746
PRT,porto,01:30.0,45.2,18,15.4,18,15,01:30.0,13.83789079054339,13.051691138083443,0.7861996524599455
PRT,porto,46:30.0,47.7,18,14.3,19,16,16:30.0,13.680779081935716,13.021918880381277,0.6588602015544414
PRT,porto,46:30.0,47.9,13,7.1,17,14,31:30.0,13.01466914308082,12.856990030301604,0.1576791127792169
PRT,porto,46:30.0,53.6,9,6.5,14,7,46:30.0,12.528352698422262,12.276868374276075,0.2514843241461868
PRT,porto,31:30.0,9,1,0.6,4,0,01:30.0,11.318408894116496,11.213229468607643,0.1051794255088527
PRT,porto,01:30.0,0,0,0,0,0,01:30.0,11.203480851324754,10.925760238663528,0.277720613
PRT,porto,01:30.0,0,0,0,0,0,01:30.0,11.604310019188455,11.060184931733644,0.5441250874548125
PRT,porto,01:30.0,2.2,0,0.2,1,0,01:30.0,12.016685105329593,11.593576223837172,0.4231088814924213
PRT,porto,01:30.0,6.9,0,2.8,3,0,01:30.0,11.812914442561606,11.528504924725183,0.284409518
PRT,porto,01:30.0,2.3,0,5.7,2,0,01:30.0,12.588607282087828,12.231434127546926,0.3571731545409005
PRT,porto,01:30.0,0,0,0,0,0,01:30.0,12.457378363903327,12.412951917135992,0.044426447
PRT,porto,01:30.0,1.8,0,0.7,1,0,01:30.0,12.26217034591874,12.276755903939886,-0.014585558
PRT,porto,01:30.0,16.1,2,1,5,0,01:30.0,12.46082016888762,12.29197662435586,0.1688435445317591
PRT,porto,01:30.0,7.3,4,0.6,3,6,01:30.0,12.565788935527848,11.917981584285624,0.6478073512422249
PRT,porto,01:30.0,8.5,6,2.6,4,7,01:30.0,13.272994038917744,12.605002061331392,0.6679919775863503
PRT,porto,01:30.0,7.7,12,0.4,3,10,01:30.0,14.469170475071962,13.35095999611012,1.118210478961842
PRT,porto,01:30.0,7.3,14,0.7,4,17,01:30.0,14.241279653485003,13.257092827016091,0.9841868264689122
PRT,porto,01:30.0,24.2,20,11.2,12,29,01:30.0,14.256407662838164,13.111457562943976,1.1449500998941886
PRT,porto,31:30.0,67.2,21,14.6,22,30,46:30.0,14.347210604985024,13.412825359509624,0.9343852454753973
PRT,porto,01:30.0,75.4,24,17.2,25,26,01:30.0,14.50848761,13.55397608,0.9545115245521014
PRT,porto,01:30.0,196.3,31,30.3,57,29,01:30.0,15.26426561746365,13.70073614765218,1.5635294698114706
PRT,porto,01:30.0,247.4,34,41.1,61,29,46:30.0,15.66003145297407,13.49165340296988,2.168378050004192
PRT,porto,46:30.0,217.2,32,39.7,59,26,46:30.0,15.382053612069136,13.280241451022087,2.1018121610470484
PRT,porto,46:30.0,74,18,19.1,22,15,31:30.0,13.506922066996932,12.323633218853956,1.1832888481429755
PRT,porto,01:30.0,42.6,22,11.8,18,24,01:30.0,14.36154591280321,13.016544517618104,1.3450013951851076
PRT,porto,01:30.0,95.7,28,25.1,33,27,01:30.0,14.740545016105113,12.85080595,1.8897390690979137
PRT,porto,46:30.0,120.2,27,29.6,36,25,46:30.0,14.653024978904504,12.699923541718396,1.9531014371861064
PRT,porto,46:30.0,86.9,20,16.2,26,18,46:30.0,13.59415032657604,12.077934229664113,1.5162160969119274
PRT,porto,46:30.0,19.4,7,4,6,9,46:30.0,11.964055084465118,11.24371478612792,0.7203402983371987
PRT,porto,46:30.0,0,1,0,0,0,01:30.0,11.13199232038944,10.644957751979788,0.4870345684096513
PRT,porto,01:30.0,1,0,0.3,1,0,01:30.0,11.539441456471986,11.055855645002255,0.4835858114697302
PRT,porto,01:30.0,0.6,0,0.2,1,0,01:30.0,11.764614569521246,11.41061759009547,0.3539969794257764
PRT,porto,01:30.0,3.8,0,0.6,2,0,01:30.0,11.789067753592374,11.561354888904818,0.2277128646875557
PRT,porto,01:30.0,1.1,0,3.7,2,0,01:30.0,12.597168297511782,12.344425325937433,0.2527429715743512
PRT,porto,01:30.0,6.2,0,1.2,3,0,01:30.0,13.362363466757545,13.008485895901252,0.3538775708562927
PRT,porto,01:30.0,0.9,1,0.1,1,0,01:30.0,13.676376070611072,13.324064822875457,0.3523112477356154
PRT,porto,01:30.0,11.8,8,1,5,0,01:30.0,14.070408440081271,12.942219913858452,1.1281885262228215
PRT,porto,16:30.0,90.3,15,5.3,16,6,01:30.0,14.269628247239917,12.635679811365392,1.6339484358745224
PRT,porto,46:30.0,47.7,8,6.6,15,7,01:30.0,13.494750087225126,13.38627050149266,0.108479586
PRT,porto,01:30.0,17.5,9,1.2,7,9,01:30.0,13.751751056564656,13.826573817106157,-0.074822761
PRT,porto,01:30.0,63.4,23,6.6,26,22,01:30.0,15.270083282338833,14.511808423367055,0.7582748589717756
PRT,porto,01:30.0,206.7,39,36.3,65,45,01:30.0,16.527863592816203,15.623577709426584,0.904285883
PRT,porto,01:30.0,363.2,56,65.8,107,74,01:30.0,18.533053713859577,17.878040364151165,0.6550133497084119
PRT,porto,01:30.0,719.7,71,118.5,215,83,31:30.0,20.23489099230786,18.95348393636593,1.281407056
PRT,porto,46:30.0,782.8,71,130.6,226,78,46:30.0,20.16093676741852,18.686305607172265,1.474631160246254
PRT,porto,46:30.0,411.3,53,69.8,117,49,46:30.0,18.17648214210244,16.893812641729077,1.2826695003733557
PRT,porto,46:30.0,255,44,52.1,76,37,46:30.0,16.871078598482217,15.51499575659458,1.3560828418876376
PRT,porto,46:30.0,279.9,38,41.7,68,31,46:30.0,16.370605860295584,14.959627655611612,1.4109782046839712
PRT,porto,01:30.0,59.2,22,10.3,24,27,46:30.0,14.510484260595868,14.530226337245995,-0.019742077
PRT,porto,01:30.0,79.7,23,13.2,31,29,01:30.0,14.42493868145183,14.62744557098108,-0.20250689
PRT,porto,01:30.0,86.6,24,14.7,34,30,01:30.0,14.541056642126255,14.534010912412034,0.00704573
PRT,porto,01:30.0,119.3,29,15.4,42,42,01:30.0,15.067851934287688,14.612211137037072,0.4556407972506164
PRT,porto,01:30.0,584.7,66,102.4,163,78,01:30.0,19.48782253535657,15.544608238010614,3.943214297345957
PRT,porto,31:30.0,964.7,72,139.1,238,81,46:30.0,20.55344980184199,15.532806547322409,5.020643254519582
PRT,porto,46:30.0,365.1,37,85.9,92,32,46:30.0,15.025214858978597,12.42090355237229,2.6043113066063075
PRT,porto,01:30.0,1.8,0,0,1,0,01:30.0,10.653525817206422,10.688131463210947,-0.034605646
PRT,porto,01:30.0,2.5,0,0.5,1,0,01:30.0,10.394609003438791,10.564082330352193,-0.169473327
PRT,porto,01:30.0,0,0,0,0,0,01:30.0,12.146039498864234,12.01593099,0.1301085095923344
PRT,porto,01:30.0,2.1,0,0.2,2,0,01:30.0,13.400012232085505,13.279665329607496,0.1203469024780083
PRT,porto,01:30.0,0,0,0,0,0,01:30.0,12.952256483105453,12.763405841394333,0.1888506417111202
PRT,porto,01:30.0,8.3,0,1,3,0,01:30.0,12.601903534540568,12.21124386478322,0.3906596697573459
PRT,porto,01:30.0,50.4,11,3.8,12,0,01:30.0,13.80774465393685,12.459345715763371,1.3483989381734762
PRT,porto,01:30.0,199.1,26,17.3,52,2,01:30.0,15.43962407498132,12.604233638249172,2.8353904367321494
PRT,porto,46:30.0,282.4,27,22.7,64,4,01:30.0,15.522562647679138,12.637763466752489,2.884799180926649
PRT,porto,01:30.0,58.8,21,6.2,17,11,01:30.0,15.433153764920956,14.196485736576038,1.2366680283449174
PRT,porto,01:30.0,482,72,73.9,122,30,01:30.0,21.420698253803504,15.632111784463207,5.788586469340297
PRT,porto,01:30.0,1851.1,111,186.3,361,64,01:30.0,25.72253402578903,17.952149213368436,7.770384812420595
PRT,porto,46:30.0,1900,109,212.7,391,72,31:30.0,25.25733752057662,18.442584881271408,6.814752639305212
PRT,porto,46:30.0,1303.1,82,184.9,329,62,46:30.0,21.59078529121838,18.07688376780983,3.5139015234085527
PRT,porto,46:30.0,498.2,54,72.3,136,35,46:30.0,18.230641876661643,16.06214362559696,2.168498251064684
PRT,porto,46:30.0,232.6,44,44.1,78,28,46:30.0,17.150002086457206,15.422064948773237,1.7279371376839698
PRT,porto,46:30.0,172.2,34,34,55,24,46:30.0,16.06373816000889,14.922902780572851,1.1408353794360355
PRT,porto,46:30.0,103.5,25,17.7,35,23,01:30.0,15.080165387983822,14.535109410847868,0.545055977
PRT,porto,01:30.0,119,30,15.6,34,35,01:30.0,15.439312412480986,14.569328667705182,0.8699837447758032
PRT,porto,01:30.0,187.9,41,31.1,64,44,31:30.0,16.672467108522227,14.833500146448486,1.8389669620737408
PRT,porto,01:30.0,566.6,76,86.7,132,55,01:30.0,21.18899657929215,15.643265397287225,5.545731182004927
PRT,porto,01:30.0,2384.2,118,247.5,418,92,01:30.0,26.789536060802284,16.828093407914743,9.961442653
PRT,porto,46:30.0,2326,112,248,411,91,46:30.0,26.23978225022563,17.063902662084477,9.175879588141154
PRT,porto,46:30.0,625,49,116.4,123,38,46:30.0,16.56555556371706,12.98264999092826,3.582905572788798
PRT,porto,01:30.0,0,0,0,0,1,46:30.0,10.619453038848375,10.48084591909192,0.1386071197564575
PRT,porto,01:30.0,1.9,0,2.7,2,1,16:30.0,10.561130235998014,10.51916652762286,0.041963708
PRT,porto,01:30.0,0,0,0,0,0,01:30.0,11.65827793337641,11.362462257815846,0.295815676
PRT,porto,01:30.0,1.1,0,1.7,1,0,01:30.0,12.72932316260593,12.463146228179603,0.2661769344263245
PRT,porto,01:30.0,1.2,0,1.5,1,0,01:30.0,12.21624370591866,11.942042730944614,0.274200975
PRT,porto,01:30.0,11.1,0,0.5,3,0,01:30.0,11.892024142208331,11.645838770308073,0.2461853719002622
PRT,porto,01:30.0,8.4,0,0.7,3,2,01:30.0,12.455943195865512,12.32353831,0.1324048822172105
PRT,porto,01:30.0,1.9,4,0.1,1,6,16:30.0,13.036299050512277,12.808670532939775,0.2276285175724997
PRT,porto,01:30.0,6.6,6,1.9,4,6,01:30.0,13.25758416084803,13.171205731503283,0.086378429
PRT,porto,01:30.0,3.3,12,1.4,2,14,01:30.0,14.10564012604059,13.852420577430491,0.2532195486100974
PRT,porto,01:30.0,84.4,36,21.2,30,35,01:30.0,16.553930548871577,15.355388425060498,1.1985421238110785
PRT,porto,01:30.0,911.1,83,123.5,232,82,01:30.0,21.98604472886121,18.21649615410644,3.769548574754772
PRT,porto,31:30.0,1766.2,97,206.4,403,98,31:30.0,23.602893774173083,18.85766245800073,4.7452313161723545
PRT,porto,46:30.0,1541.2,88,198.7,376,88,46:30.0,22.63564380952629,18.18838995269748,4.447253856828805
PRT,porto,46:30.0,394.3,51,72.9,121,49,46:30.0,17.980902144057602,16.091084518616146,1.889817625441456
PRT,porto,46:30.0,192.9,39,38.5,70,34,46:30.0,16.663447007819343,15.437351180259526,1.226095827559817
PRT,porto,46:30.0,174.9,34,33.1,64,29,46:30.0,16.28118819980353,15.096905235838609,1.1842829639649235
PRT,porto,46:30.0,159.9,26,22,49,29,01:30.0,15.336491320917387,14.57427026230588,0.762221059
PRT,porto,01:30.0,166.7,34,22.2,51,44,01:30.0,15.948046047954588,14.524102267648232,1.4239437803063542
PRT,porto,01:30.0,257.4,37,38.8,76,59,01:30.0,16.35764034543185,14.714507361916692,1.643132983515159
PRT,porto,01:30.0,433.8,65,77.1,114,76,01:30.0,19.39823904626496,15.179172699420215,4.219066346844745
PRT,porto,01:30.0,1808.9,107,228.9,378,94,01:30.0,24.930489776538973,16.692512285651578,8.237977490887396
PRT,porto,46:30.0,1802.1,104,225.5,359,90,46:30.0,24.659149455939207,16.860446869851128,7.798702586
PRT,porto,46:30.0,587.6,45,124.2,137,33,46:30.0,15.91139415,12.878450784817746,3.0329433634215555
PRT,porto,01:30.0,0,0,0,0,0,01:30.0,10.31512630604668,9.975761254169274,0.3393650518774045
PRT,porto,01:30.0,2.5,0,0.2,1,0,01:30.0,10.386209967946687,10.279184440475063,0.1070255274716238
PRT,porto,01:30.0,0,0,0,0,0,01:30.0,11.323207582386708,11.132959754623116,0.1902478277635904
PRT,porto,01:30.0,0,0,0,0,0,01:30.0,12.799063010541886,12.502358005473596,0.296705005
PRT,porto,01:30.0,6,0,3.2,2,0,01:30.0,13.12477985695796,12.89837231238096,0.2264075445770004
PRT,porto,01:30.0,3.8,0,1.3,2,0,01:30.0,12.490759400578142,12.042525087215273,0.448234313
PRT,porto,01:30.0,4,2,0.4,2,0,01:30.0,12.58100090884622,12.242868277184014,0.3381326316622068
PRT,porto,01:30.0,4.6,4,0.5,1,1,01:30.0,13.030440827222105,12.78312878520568,0.2473120420164214
PRT,porto,01:30.0,8.2,8,0.5,5,3,01:30.0,13.58750868047558,13.175740685218438,0.4117679952571418
PRT,porto,01:30.0,14.9,19,1.1,4,10,01:30.0,15.05896002361197,13.764581291889147,1.2943787317228228
PRT,porto,01:30.0,301.8,58,53.2,85,29,01:30.0,19.45756408167644,15.008207877208305,4.449356204468131
PRT,porto,01:30.0,1516.8,96,184.6,345,63,01:30.0,23.70203072008377,17.77393180536223,5.928098914721534
PRT,porto,46:30.0,1864.5,103,213.1,424,72,31:30.0,24.43981544389182,18.37140397375772,6.068411470134102
PRT,porto,46:30.0,1417.1,84,191.3,356,61,46:30.0,22.089766677000835,18.03598459565241,4.053782081348427
PRT,porto,46:30.0,413.9,45,68.4,133,34,46:30.0,17.220944183917478,15.832624184399378,1.3883199995180997
PRT,porto,46:30.0,188.9,35,35.3,64,31,31:30.0,16.041982163289752,15.207250607427063,0.8347315558626871
PRT,porto,46:30.0,114.7,26,20.7,44,28,46:30.0,15.125315457642412,14.84103591935337,0.2842795382890415
PRT,porto,46:30.0,86.8,19,13.6,31,23,01:30.0,14.30657692698169,14.332328476686255,-0.02575155
PRT,porto,01:30.0,56.6,23,6.1,21,34,01:30.0,14.69584342699963,14.55460362,0.1412398063591293
PRT,porto,01:30.0,211.7,42,33.5,59,45,01:30.0,16.79491037913951,14.719262930772436,2.0756474483670715
PRT,porto,01:30.0,621.8,69,88.2,139,67,01:30.0,20.05457497588995,15.454303242130948,4.600271733759001
PRT,porto,01:30.0,2645.8,112,260.3,472,96,01:30.0,25.56456811829593,16.8402751,8.724293019067932
PRT,porto,46:30.0,2757.7,109,270.9,486,94,46:30.0,25.348855356385084,17.018081454682378,8.330773901702706
